Case,Record Type,Chain,Link ID,Causal Chain Placement,Link Strength,Evidence Grade,Participation Kind,Participation Effect,Date,Actors,Resource Title,URL,Key Finding,Verbatim Quote,Caveat,Deep Link
COVID-19 School Closures and Reopenings,Evidence,Decision Legitimacy,S1,"Schools close in an emergency, before the risks were known -> Only one group could force the reopening decision",strong,strong,,,,,"Marianno, Power in a Pandemic (AERA Open)",https://journals.sagepub.com/doi/pdf/10.1177/23328584221074337,"Marianno et al. (2022) document that collective bargaining gave teachers' unions a direct, legally grounded channel to negotiate reopening conditions with district administration: working-condition changes required by moves between in-person and remote instruction had to be negotiated with unions.",Collective bargaining creates a direct channel for teachers' unions to influence reopening plans as many of the working condition changes required by the movement from in-person to remote instruction or from remote back to in-person instruction are required to be negotiated with teachers' unions.,,#/case/covid-schools/chain/schools-legitimacy/S1
COVID-19 School Closures and Reopenings,Evidence,Decision Legitimacy,S1,"Schools close in an emergency, before the risks were known -> Only one group could force the reopening decision",strong,moderate,,,,,"Singer et al., Reopening in Five Districts (ERIC)",https://files.eric.ed.gov/fulltext/EJ1383169.pdf,"A five-district qualitative study (Denver, Detroit, New Orleans, Portland, Washington DC; Singer et al., 2023) found parent input flowed through surveys and virtual town halls used to elicit individual preferences rather than as deliberative forums. One principal: ""There's not this group that [parents'] voice can be sent through and amplified, and so they're just individuals.""","School and system leaders used formal but limited engagement strategies, such as surveys, to quickly and efficiently obtain parent input. [...] There's not this group that [parents'] voice can be sent through and amplified, and so they're just individuals.","Five non-representative, heavily Democratic urban districts.",#/case/covid-schools/chain/schools-legitimacy/S1
COVID-19 School Closures and Reopenings,Evidence,Decision Legitimacy,S1,"Schools close in an emergency, before the risks were known -> Only one group could force the reopening decision",strong,moderate,,,,,Singer et al. (EdWorkingPaper ai22-605),https://edworkingpapers.com/ai22-605,"District leaders in the same five-district study cited public health expertise and guidance as the basis for reopening decisions. A Portland district leader: ""I don't need the community thinking that I am unilaterally deciding what's safe or what's healthy.""","I don't need the community thinking that I am unilaterally deciding what's safe or what's healthy. I need professionals and subject matter experts to tell us, 'These are the guidelines.'",,#/case/covid-schools/chain/schools-legitimacy/S1
COVID-19 School Closures and Reopenings,Evidence,Decision Legitimacy,S1,"Schools close in an emergency, before the risks were known -> Only one group could force the reopening decision",strong,moderate,,,,,"Singer et al., published version (ERIC)",https://files.eric.ed.gov/fulltext/EJ1383169.pdf,"District leaders in the same five-district study cited public health expertise and guidance as the basis for reopening decisions. A Portland district leader: ""I don't need the community thinking that I am unilaterally deciding what's safe or what's healthy.""","I don't need the community thinking that I am unilaterally deciding what's safe or what's healthy. I need professionals and subject matter experts to tell us, 'These are the guidelines.'",,#/case/covid-schools/chain/schools-legitimacy/S1
COVID-19 School Closures and Reopenings,Participation instance,Decision Legitimacy,S1,"Schools close in an emergency, before the risks were known -> Only one group could force the reopening decision",strong,,deliberative,unmeasured,06/2020,"Governor Whitmer, Michigan Department of Education, appointed stakeholders",Michigan Executive Office,https://www.michigan.gov/whitmer/news/press-releases/2020/06/03/governor-whitmer-appoints-educators-parents-students-to-covid-19-return-to-school-advisory-council,"Michigan Return to Learn Advisory Council: Created by Executive Order 2020-88 (May 15, 2020); Governor Whitmer announced 25 appointees on June 3, 2020. Per the executive office, the council ""will act in an advisory capacity to the Governor and the COVID-19 Task Force on Education,"" developing recommendations for a safe, equitable K-12 return in the fall. Appointed rather than randomly selected, and advisory rather than binding.",,,#/case/covid-schools/chain/schools-legitimacy/S1/p/0
COVID-19 School Closures and Reopenings,Participation instance,Decision Legitimacy,S1,"Schools close in an emergency, before the risks were known -> Only one group could force the reopening decision",strong,,deliberative,none,11/2020,"30 randomly selected Michigan residents, Carnegie Mellon researchers",CMU News,https://www.cmu.edu/news/stories/archives/2021/august/citizens-assembly-algorithm.html,"Michigan deliberative panel (sortition): Thirty Michigan residents, recruited by a sortition algorithm developed in part by Carnegie Mellon researchers, convened in fall 2020 to draw up recommendations for tackling COVID-19; the panel ""crafted 12 recommendations and offered them to local, state and national policymakers."" A research and civic exercise, not a decision procedure.",,,#/case/covid-schools/chain/schools-legitimacy/S1/p/1
COVID-19 School Closures and Reopenings,Participation instance,Decision Legitimacy,S1,"Schools close in an emergency, before the risks were known -> Only one group could force the reopening decision",strong,,deliberative,none,11/2020,"30 randomly selected Michigan residents, Carnegie Mellon researchers",Perma.cc,https://perma.cc/M2H9-BDVC,"Michigan deliberative panel (sortition): Thirty Michigan residents, recruited by a sortition algorithm developed in part by Carnegie Mellon researchers, convened in fall 2020 to draw up recommendations for tackling COVID-19; the panel ""crafted 12 recommendations and offered them to local, state and national policymakers."" A research and civic exercise, not a decision procedure.",,,#/case/covid-schools/chain/schools-legitimacy/S1/p/1
COVID-19 School Closures and Reopenings,Proposed participation (unstudied link),Decision Legitimacy,S1,"Schools close in an emergency, before the risks were known -> Only one group could force the reopening decision",strong,,"Citizens assembly (sortition, confederal)",,,,,,"Regional citizen assemblies that can decide: From the project's 6/8 design session: citizen assemblies convened early (March to June 2020), selected by sortition, in which expert and ordinary knowledge engage. Geographically decentralized on a confederal model, so that different regions reach different decisions and the outcomes can then be compared. Decisions binding or quasi-binding, so that the channel available to parents, students, and community members carries the same kind of force collective bargaining carried for teachers. Presumed mechanism: A binding deliberative channel for non-union stakeholders changes the reopening decision or its perceived legitimacy.",,,#/case/covid-schools/chain/schools-legitimacy/S1
COVID-19 School Closures and Reopenings,Proposed participation (unstudied link),Decision Legitimacy,S1,"Schools close in an emergency, before the risks were known -> Only one group could force the reopening decision",strong,,Minipublic with mapped expertise,,,,,,"Bring the right experts together with the public: From the 6/8 session: bring the public into engagement with experts early, and ask explicitly what specific expertise sheds light on the decision rather than importing generic authority: ventilation and building design, epidemiology, early-childhood education, and a mapping of public spaces with sufficient ventilation for continued teaching in safe conditions. The public contributes knowledge of local values, social conditions, and material conditions that sits outside the expert set. Presumed mechanism: Early structured engagement between experts and citizens produces reopening options and value tradeoffs that preference surveys do not surface.",,,#/case/covid-schools/chain/schools-legitimacy/S1
COVID-19 School Closures and Reopenings,Open question,Decision Legitimacy,S1,"Schools close in an emergency, before the risks were known -> Only one group could force the reopening decision",strong,,,,,,,,"No US school district was identified that ran a structured deliberative process (minipublic, citizens' jury, sortition panel with a binding or quasi-binding remit) on reopening, and therefore no evaluation exists of whether one would have changed the decision or its perceived legitimacy. This counterfactual remains untested.",,,#/case/covid-schools/chain/schools-legitimacy/S1
COVID-19 School Closures and Reopenings,Evidence,Decision Legitimacy,S2,"Only one group could force the reopening decision -> Remote learning drags on, disconnected from local COVID levels",moderate,moderate,,,,,"DeAngelis & Makridis, Social Science Quarterly 102(5), 2266-2284",https://ideas.repec.org/a/bla/socsci/v102y2021i5p2266-2284.html,"DeAngelis and Makridis (Social Science Quarterly, 2021), using reopening decisions of 835 US districts, found districts in locations with stronger teachers' unions were substantially less likely to reopen in person in fall 2020, robust to four measures of union strength; measures of COVID-19 risk were not correlated with reopening decisions. The published version concludes that closures were ""uncorrelated with the actual incidence of the virus"" but ""strongly associated with unionization.""",We find that school districts in locations with stronger teachers' unions are less likely to reopen in person even after we control semiparametrically for differences in local demographic characteristics. [...] We do not find evidence that measures of COVID-19 risk are correlated with school reopening decisions.,Correlational cross-section of district decisions; no causal identification.,#/case/covid-schools/chain/schools-legitimacy/S2
COVID-19 School Closures and Reopenings,Evidence,Decision Legitimacy,S2,"Only one group could force the reopening decision -> Remote learning drags on, disconnected from local COVID levels",moderate,moderate,,,,,Singer et al. (ERIC),https://files.eric.ed.gov/fulltext/EJ1383169.pdf,"In Detroit, rank-and-file union members authorized a strike if the district did not agree to acceptable health and safety terms; the union secured teacher choice of modality, and approximately 95% of teachers started teaching remotely, which capped in-person capacity regardless of district or parent preferences.","the union secured teachers' ability to choose whether they would teach in-person or remotely for the entire year. Ultimately, 95% of teachers started teaching remotely.",,#/case/covid-schools/chain/schools-legitimacy/S2
COVID-19 School Closures and Reopenings,Evidence,Decision Legitimacy,S2,"Only one group could force the reopening decision -> Remote learning drags on, disconnected from local COVID levels",moderate,moderate,,,,,Brookings,https://www.brookings.edu/articles/teachers-unions-scapegoats-or-bad-faith-actors-in-covid-19-school-reopening-decisions/,"A Brookings analysis (Marianno, 2021) found districts with lengthier collective bargaining agreements were less likely to start fall 2020 with in-person instruction, while pandemic severity had no relationship with the probability of in-person reopening; it characterizes unions as protecting member interests rather than acting in bad faith.",school districts with lengthier collective bargaining agreements were less likely to start the fall 2020 semester with in-person instruction,,#/case/covid-schools/chain/schools-legitimacy/S2
COVID-19 School Closures and Reopenings,Participation instance,Decision Legitimacy,S2,"Only one group could force the reopening decision -> Remote learning drags on, disconnected from local COVID levels",moderate,,bargaining,moved,07/2020,"American Federation of Teachers (1.7M members), local affiliates",NPR (UFT),https://www.npr.org/sections/coronavirus-live-updates/2020/08/19/903927057/nyc-teacher-unions-prepared-to-strike-if-safety-demands-are-not-met,"AFT national strike authorization: At its July 2020 virtual national convention, the AFT's executive council approved a resolution supporting local and state ""safety strikes,"" considered case by case, if schools reopened without adequate safety measures. Detroit's rank-and-file members voted in August to authorize a strike, with 91% voting yes; the UFT president threatened both litigation and a strike over New York City's September reopening.",,,#/case/covid-schools/chain/schools-legitimacy/S2/p/0
COVID-19 School Closures and Reopenings,Participation instance,Decision Legitimacy,S2,"Only one group could force the reopening decision -> Remote learning drags on, disconnected from local COVID levels",moderate,,bargaining,moved,07/2020,"American Federation of Teachers (1.7M members), local affiliates",Chalkbeat Detroit,https://www.chalkbeat.org/detroit/2020/8/19/21376419/detroit-teachers-vote-to-ok-strike-over-covid-concerns/,"AFT national strike authorization: At its July 2020 virtual national convention, the AFT's executive council approved a resolution supporting local and state ""safety strikes,"" considered case by case, if schools reopened without adequate safety measures. Detroit's rank-and-file members voted in August to authorize a strike, with 91% voting yes; the UFT president threatened both litigation and a strike over New York City's September reopening.",,,#/case/covid-schools/chain/schools-legitimacy/S2/p/0
COVID-19 School Closures and Reopenings,Participation instance,Decision Legitimacy,S2,"Only one group could force the reopening decision -> Remote learning drags on, disconnected from local COVID levels",moderate,,bargaining,moved,07/2020,"American Federation of Teachers (1.7M members), local affiliates",The 74 (AFT resolution),https://www.the74million.org/video-american-federation-of-teachers-authorizes-educator-safety-strikes-if-schools-reopen-this-fall-without-adequate-safety-measures/,"AFT national strike authorization: At its July 2020 virtual national convention, the AFT's executive council approved a resolution supporting local and state ""safety strikes,"" considered case by case, if schools reopened without adequate safety measures. Detroit's rank-and-file members voted in August to authorize a strike, with 91% voting yes; the UFT president threatened both litigation and a strike over New York City's September reopening.",,,#/case/covid-schools/chain/schools-legitimacy/S2/p/0
COVID-19 School Closures and Reopenings,Participation instance,Decision Legitimacy,S2,"Only one group could force the reopening decision -> Remote learning drags on, disconnected from local COVID levels",moderate,,bargaining,moved,09/2020,"United Federation of Teachers (~75,000 NYC teachers plus other school staff), Mayor de Blasio, NYC Department of Education",NPR,https://www.npr.org/sections/coronavirus-live-updates/2020/08/19/903927057/nyc-teacher-unions-prepared-to-strike-if-safety-demands-are-not-met,"NYC UFT strike threat and reopening delay: On August 19, 2020, UFT president Michael Mulgrew said the union was ""prepared to go to court and/or go on strike if we need to"" over New York City's planned September 10 reopening, demanding COVID-19 testing of all students and staff within 10 days of opening, contact tracing, ventilation checks, protective equipment, and adequate staffing (NPR). On September 1, 2020, the city and the union reached an agreement that delayed the start of in-person instruction in the nation's largest school system to September 21 and added a 55-item safety checklist, monthly random testing of 10 to 20% of in-person students and staff, and a citywide closure trigger at a 3% infection rate; the deal averted a strike (K-12 Dive).",,,#/case/covid-schools/chain/schools-legitimacy/S2/p/1
COVID-19 School Closures and Reopenings,Participation instance,Decision Legitimacy,S2,"Only one group could force the reopening decision -> Remote learning drags on, disconnected from local COVID levels",moderate,,bargaining,moved,09/2020,"United Federation of Teachers (~75,000 NYC teachers plus other school staff), Mayor de Blasio, NYC Department of Education",K-12 Dive,https://www.k12dive.com/news/nyc-uft-reopening-agreement-delays-school-start-boosts-safety/584532/,"NYC UFT strike threat and reopening delay: On August 19, 2020, UFT president Michael Mulgrew said the union was ""prepared to go to court and/or go on strike if we need to"" over New York City's planned September 10 reopening, demanding COVID-19 testing of all students and staff within 10 days of opening, contact tracing, ventilation checks, protective equipment, and adequate staffing (NPR). On September 1, 2020, the city and the union reached an agreement that delayed the start of in-person instruction in the nation's largest school system to September 21 and added a 55-item safety checklist, monthly random testing of 10 to 20% of in-person students and staff, and a citywide closure trigger at a 3% infection rate; the deal averted a strike (K-12 Dive).",,,#/case/covid-schools/chain/schools-legitimacy/S2/p/1
COVID-19 School Closures and Reopenings,Proposed participation (unstudied link),Decision Legitimacy,S2,"Only one group could force the reopening decision -> Remote learning drags on, disconnected from local COVID levels",moderate,,Confederal decision-making,,,,,,"Let different places decide for themselves: From the 6/8 session: decentralize decision-making as well as discussion, not only across states but within them, so that different decisions hold for different spaces. Getting people into a room to resolve differences replaces appealing to leadership at the top, whichever leadership that is. Regional variation also generates the outcome comparisons the record now lacks. Presumed mechanism: Decentralized, locally negotiated reopening decisions track local conditions better than a single channel dominated by the strongest organized interest.",,,#/case/covid-schools/chain/schools-legitimacy/S2
COVID-19 School Closures and Reopenings,Open question,Decision Legitimacy,S2,"Only one group could force the reopening decision -> Remote learning drags on, disconnected from local COVID levels",moderate,,,,,,,,"Union action is the clearest documented case in this record of participation that demonstrably moved a policy outcome; the asymmetry lies in unions being the only stakeholder group whose participation carried binding force. No study was identified that evaluates an instrument giving other stakeholder groups comparable binding capacity, or whether such an instrument could operate alongside collective bargaining.",,,#/case/covid-schools/chain/schools-legitimacy/S2
COVID-19 School Closures and Reopenings,Evidence,Decision Legitimacy,S3,"Remote learning drags on, disconnected from local COVID levels -> Families leave public school",strong,strong,,,,,"Dee, Huffaker, Phillips & Sagara, NBER w29156",https://www.nber.org/papers/w29156,"Dee, Huffaker, Phillips, and Sagara (2021) found remote-only instruction in 2020-21 caused an additional 1.1 percentage point enrollment decline: disenrollment rose from -2.6% to -3.7%, a 42% increase. Effects concentrated in kindergarten and, to a lesser extent, elementary schools; there was no consistent evidence that hybrid instruction had an impact or that remote instruction influenced middle or high school enrollment. The national loss was roughly 1.1 million K-12 students.","offering remote-only instead of in-person instruction reduced enrollment by 1.1 percentage points (i.e., a 42 percent increase in disenrollment from -2.6 to -3.7 percent)","Mode-as-treatment, district-level panel design.",#/case/covid-schools/chain/schools-legitimacy/S3
COVID-19 School Closures and Reopenings,Evidence,Decision Legitimacy,S3,"Remote learning drags on, disconnected from local COVID levels -> Families leave public school",strong,strong,,,,,NCES Condition of Education,https://nces.ed.gov/programs/coe/indicator/cga/public-school-enrollment,"NCES reports national public school enrollment fell from 50.8M (fall 2019) to 49.4M (fall 2020 and 2021), then rose to 49.6M in fall 2022.",public school enrollment first fell from 50.8 million students in fall 2019 to 49.4 million students in fall 2020 and 2021 before rising to 49.6 million students in 2022.,"NCES attributes the projected 2022-2031 enrollment decline primarily to declines in the school-age population, not policy; the long-run trajectory is not attributable to closures.",#/case/covid-schools/chain/schools-legitimacy/S3
COVID-19 School Closures and Reopenings,Evidence,Decision Legitimacy,S3,"Remote learning drags on, disconnected from local COVID levels -> Families leave public school",strong,moderate,,,,,Johns Hopkins Homeschool Hub,https://education.jhu.edu/edpolicy/policy-research-initiatives/homeschool-hub/homeschool-growth-2024-2025/,"Homeschooling growth ran at roughly 2% annually pre-pandemic; in 2024-25 it grew 4.9%, with 36% of reporting states hitting their highest-ever homeschool enrollment, exceeding pandemic peaks, four years after schools reopened (Johns Hopkins Homeschool Hub, 2025).","homeschooling continued to grow across the United States, increasing at an average rate of 4.9%. This is more than double the pre-pandemic homeschooling growth rate of around 2%.","Descriptive. Thirty states (including DC) report annual counts, 28 of them for 2024-25; nothing regresses homeschool uptake on district remote-learning duration. The homeschool rise also has multiple candidate drivers that no available study separates (distrust of schools, remote-work flexibility among parents, economic factors, curriculum disputes), so the growth rate is not by itself a trust measure.",#/case/covid-schools/chain/schools-legitimacy/S3
COVID-19 School Closures and Reopenings,Open question,Decision Legitimacy,S3,"Remote learning drags on, disconnected from local COVID levels -> Families leave public school",strong,,,,,,,,No study regresses homeschool uptake on district remote-learning duration. Dee et al. (2021) applied this design to public school enrollment; applying it to homeschooling would test whether longer remote instruction predicts higher homeschool entry.,,,#/case/covid-schools/chain/schools-legitimacy/S3
COVID-19 School Closures and Reopenings,Evidence,Decision Legitimacy,S4,"Remote learning drags on, disconnected from local COVID levels -> Confidence in public schools collapses",contested,strong,,,,,Gallup,https://news.gallup.com/poll/394784/confidence-public-schools-turns-partisan.aspx,"Gallup confidence in public schools: 29% (2019) → 41% (2020 rally) → 32% (2021) → 28% (2022). The decline is overwhelmingly partisan: Republicans 34% (2020) → 20% (2021) → 14% (2022), a 20-point fall, while Democrats held at 48% → 43%. The 2022 partisan gap was 29 points against an average of 7 points since 1973.",Today's 29-point gap between Republican and Democratic confidence in public schools contrasts with an average seven points since the start of Gallup's Confidence in Institutions trend in 1973,Repeated cross-sectional poll trend; the series does not identify what drove the partisan divergence.,#/case/covid-schools/chain/schools-legitimacy/S4
COVID-19 School Closures and Reopenings,Evidence,Decision Legitimacy,S4,"Remote learning drags on, disconnected from local COVID levels -> Confidence in public schools collapses",contested,strong,,,,,Gallup 2025,https://news.gallup.com/poll/695174/record-low-satisfied-education-quality.aspx,"Gallup satisfaction with K-12 education quality fell 51% (2019) → 43% (2024) → 35% (2025), a record low in a series running since 1999.",A record-low 35% of Americans are satisfied with the quality of education that K-12 students receive in the U.S. today [...] one point below the previous historical low recorded in 2000 and 2023 for this Gallup question that dates back to 1999.,,#/case/covid-schools/chain/schools-legitimacy/S4
COVID-19 School Closures and Reopenings,Counter-evidence,Decision Legitimacy,S4,"Remote learning drags on, disconnected from local COVID levels -> Confidence in public schools collapses",contested,strong,,,,,Gallup 2025,https://news.gallup.com/poll/695174/record-low-satisfied-education-quality.aspx,"Parents' satisfaction with their own child's education barely moved: 82% (2019) → 72% (2020) → 70% (2024) → 74% (2025). The decline is in systemic judgment, not in assessment of the school families actually use.",Roughly three-quarters of parents of K-12 students now say they are completely (32%) or somewhat (42%) satisfied with the education their oldest child is receiving.,,#/case/covid-schools/chain/schools-legitimacy/S4
COVID-19 School Closures and Reopenings,Counter-evidence,Decision Legitimacy,S4,"Remote learning drags on, disconnected from local COVID levels -> Confidence in public schools collapses",contested,strong,,,,,CSBA on PDK 2025,https://blog.csba.org/pdk-poll-25/,"The PDK Poll (annual since 1969) shows no decline through 2022: 54% of Americans gave their local schools an A or B grade in 2022, before falling to 43% in 2025. The measure closest in time to the closure decisions registered no immediate decline.",43 percent of Americans give their local schools an A or B grade (down from 54 percent in 2022),,#/case/covid-schools/chain/schools-legitimacy/S4
COVID-19 School Closures and Reopenings,Counter-evidence,Decision Legitimacy,S4,"Remote learning drags on, disconnected from local COVID levels -> Confidence in public schools collapses",contested,strong,,,,,PDK 2019 topline,https://pdkpoll.org/wp-content/uploads/2020/10/PDKPoll2019Topline.pdf,"The longer PDK series shows 53% giving local schools an A or B in 2013 and 44% in 2019, so the 2022 reading of 54% sat above both. The 2025 figure of 43% is a ten-point drop from 2013.",,,#/case/covid-schools/chain/schools-legitimacy/S4
COVID-19 School Closures and Reopenings,Counter-evidence,Decision Legitimacy,S4,"Remote learning drags on, disconnected from local COVID levels -> Confidence in public schools collapses",contested,strong,,,,,EdNC on PDK 2025,https://www.ednc.org/08-21-2025-how-do-people-feel-about-public-schools-and-education-policy-national-survey-gives-insight/,"The longer PDK series shows 53% giving local schools an A or B in 2013 and 44% in 2019, so the 2022 reading of 54% sat above both. The 2025 figure of 43% is a ten-point drop from 2013.",,,#/case/covid-schools/chain/schools-legitimacy/S4
COVID-19 School Closures and Reopenings,Counter-evidence,Decision Legitimacy,S4,"Remote learning drags on, disconnected from local COVID levels -> Confidence in public schools collapses",contested,moderate,,,,,Singer et al. (ERIC),https://files.eric.ed.gov/fulltext/EJ1383169.pdf,"The five-district study (Singer et al., 2023) found no significant parent backlash during 2020-21: parents interviewed often held cautious views on reopening and were typically supportive of how schools were handling it. One New Orleans parent: ""I can't say that they did wrong. They did the right thing."" The authors report that parent caution reinforced district leaders' adherence to public health guidance.",Parents interviewed often held cautious views on reopening themselves and were typically supportive of how schools were handling it [...] their caution reinforced district leaders' adherence to public health guidance,,#/case/covid-schools/chain/schools-legitimacy/S4
COVID-19 School Closures and Reopenings,Proposed participation,Decision Legitimacy,S4,"Remote learning drags on, disconnected from local COVID levels -> Confidence in public schools collapses",contested,,Open data & public communication,,,,,,"Share local data from the first weeks: From the 6/8 session: make hospitalization and death rates public at the local level and ladder them up, starting early enough that the information can inform public understanding rather than arrive late in the process. Experts share what is and is not known from the start, treating other citizens as thoughtful and rational; the session's premise is that meaningful shared information can head off the worst of polarization. It took six months for a newspaper's tracker to become the de facto public data channel. Presumed mechanism: Transparent, legible local information early sustains trust in the deciding institutions.",,,#/case/covid-schools/chain/schools-legitimacy/S4
COVID-19 School Closures and Reopenings,Open question,Decision Legitimacy,S4,"Remote learning drags on, disconnected from local COVID levels -> Confidence in public schools collapses",contested,,,,,,,,"The defensible version of this link is narrower than a general parent-backlash account: the damage appears in systemic and partisan-asymmetric confidence measures and in revealed behavior, with a lag, not in contemporaneous parent-reported perceptions of illegitimacy. The claim that parents perceived the decision as illegitimate at the time is contradicted by the best available qualitative evidence.",,,#/case/covid-schools/chain/schools-legitimacy/S4
COVID-19 School Closures and Reopenings,Open question,Decision Legitimacy,S4,"Remote learning drags on, disconnected from local COVID levels -> Confidence in public schools collapses",contested,,,,,,,,"No paper was identified that uses remote-learning duration or instructional mode as a treatment with a trust, satisfaction, legitimacy, or civic outcome. Singer's 2025 review of the reopening literature contains no downstream-consequences section; Jacob (2024) explicitly disclaims the ability to test it. The single mode-as-treatment causal paper measures enrollment. This remains the highest-value open study identified.",,,#/case/covid-schools/chain/schools-legitimacy/S4
COVID-19 School Closures and Reopenings,Evidence,Decision Legitimacy,S5,"Confidence in public schools collapses -> Parents fight back with lawsuits and recalls, after the decisions",strong,moderate,,,,,Brookings school board survey,https://www.brookings.edu/articles/chapter-2-school-board-members-views-of-the-covid-19-and-culture-war-era/,"A Brookings survey of school board members found the share of students in districts with ""a lot"" of community participation rising from 6% pre-pandemic to 49% during 2020-22. Board-community conflict rose 8% → 47%. Extreme incidents (harassment, threats, disruptive outbursts) touched districts enrolling 62% of students, rising to 73% in politically purple districts.",About 6% of students were in districts that had a lot of community member participation in board meetings prior to the pandemic. That jumped to 49% in the pandemic period.,"Single retrospective survey, ~10% response rate, recall bias. n=1,002 members across 697 districts.",#/case/covid-schools/chain/schools-legitimacy/S5
COVID-19 School Closures and Reopenings,Evidence,Decision Legitimacy,S5,"Confidence in public schools collapses -> Parents fight back with lawsuits and recalls, after the decisions",strong,strong,,,,,"Holman, Johnson & Simko (EdWorkingPaper)",https://edworkingpapers.com/ai24-1102,"Text classification of nearly 100,000 school board meeting videos across 1,594 districts and 48 states, 2010-2023 (Holman, Johnson & Simko), found 21 of the 25 most conflictual months since 2015 occurred after January 2020, peaking in the second half of 2021. Most boards experienced high conflict at some point (6% of districts never did), with the most intense conflict concentrated in larger urban and suburban districts with more white students and more political competition.","When ranking the 25 most conflictual months in school board politics since 2015, 21 of the top 25 have occurred since January 2020.",Does not isolate closures from curriculum and book debates as the driver.,#/case/covid-schools/chain/schools-legitimacy/S5
COVID-19 School Closures and Reopenings,Evidence,Decision Legitimacy,S5,"Confidence in public schools collapses -> Parents fight back with lawsuits and recalls, after the decisions",strong,strong,,,,,Jacob (EdWorkingPaper ai24-906),https://edworkingpapers.com/sites/default/files/ai24-906.pdf,"Jacob (2024) found contested school board general elections rose 11 percentage points (~25% relative) and turnout rose 25%, still 27% above pre-pandemic levels through the end of 2022. But there was no significant change in incumbent win rates. Districts with 5% fall-2020 enrollment declines saw turnout rise 16.4% versus 8.4% in districts with no enrollment change, the closest existing quantitative link between exit and voice.","districts that saw no change in enrollment would have seen voter turnout increase by 8.4% on average, while districts with enrollment declines of 5% would have realized voter turnout increases of 16.4% on average.",,#/case/covid-schools/chain/schools-legitimacy/S5
COVID-19 School Closures and Reopenings,Participation instance,Decision Legitimacy,S5,"Confidence in public schools collapses -> Parents fight back with lawsuits and recalls, after the decisions",strong,,litigation,partial,02/2021,"SF City Attorney Dennis Herrera, Board of Education, Superintendent Matthews",NBC News,https://www.nbcnews.com/news/us-news/san-francisco-sues-its-own-school-district-demands-restart-person-n1256639,"City of San Francisco v. SFUSD: City Attorney Dennis Herrera sued the San Francisco Board of Education, SFUSD, and Superintendent Vincent Matthews, ""demanding the restart of in-person instruction for more than 52,000 students."" NBC News reported it could be ""the first such case in the nation."" On February 9, 2021, the city expanded the suit, alleging that the district was violating students' right under the California Constitution to attend public school and discriminating against them on the basis of wealth.",,,#/case/covid-schools/chain/schools-legitimacy/S5/p/0
COVID-19 School Closures and Reopenings,Participation instance,Decision Legitimacy,S5,"Confidence in public schools collapses -> Parents fight back with lawsuits and recalls, after the decisions",strong,,litigation,partial,02/2021,"SF City Attorney Dennis Herrera, Board of Education, Superintendent Matthews",SF City Attorney,https://www.sfcityattorney.org/2021/02/09/herrera-expands-lawsuit-adds-constitutional-violations-against-sf-school-district/,"City of San Francisco v. SFUSD: City Attorney Dennis Herrera sued the San Francisco Board of Education, SFUSD, and Superintendent Vincent Matthews, ""demanding the restart of in-person instruction for more than 52,000 students."" NBC News reported it could be ""the first such case in the nation."" On February 9, 2021, the city expanded the suit, alleging that the district was violating students' right under the California Constitution to attend public school and discriminating against them on the basis of wealth.",,,#/case/covid-schools/chain/schools-legitimacy/S5/p/0
COVID-19 School Closures and Reopenings,Participation instance,Decision Legitimacy,S5,"Confidence in public schools collapses -> Parents fight back with lawsuits and recalls, after the decisions",strong,,electoral,none,2021,"Parent organizers, local recall committees, school board members",Ballotpedia,https://news.ballotpedia.org/2021/11/08/school-board-recalls-in-2021/,"National wave of school board recall attempts: 84 recall efforts targeting 215 board members, the highest single-year total Ballotpedia has tracked, against a 2009-2020 average of 28 efforts against ~64 members. 57.1% were pandemic-related. But of the 16 recall elections actually held, only one member was removed; 119 efforts died before reaching a ballot.",,,#/case/covid-schools/chain/schools-legitimacy/S5/p/1
COVID-19 School Closures and Reopenings,Participation instance,Decision Legitimacy,S5,"Confidence in public schools collapses -> Parents fight back with lawsuits and recalls, after the decisions",strong,,electoral,moved,02/2022,"SF voters (36% turnout), three recalled commissioners",2022 SF Board of Education recall,https://en.wikipedia.org/wiki/2022_San_Francisco_Board_of_Education_recall_elections,"San Francisco school board recall: All three commissioners (Collins, López, Moliga) were removed on February 15, 2022, by margins of 69-76% on 36% turnout. Recall supporters cited schools remaining closed in 2020-21 while other Bay Area districts and private schools opened, and board attention to school renaming and Lowell admissions policy while students struggled with distance learning.",,,#/case/covid-schools/chain/schools-legitimacy/S5/p/2
COVID-19 School Closures and Reopenings,Proposed participation (unstudied link),Decision Legitimacy,S5,"Confidence in public schools collapses -> Parents fight back with lawsuits and recalls, after the decisions",strong,,Standing community process with binding elements,,,,,,"Give the public a real say before the decision: The design implication the 6/8 session drew from this link: the recalls, suits, and board conflict documented here are participation arriving after the decision, in adversarial form. A standing channel in which parent and community input binds before the decision is the proposed alternative; the session flagged that teachers' unions and other organized groups were driving decisions in one direction or the other while everyone else held a survey. Presumed mechanism: A real say before the decision reduces adversarial participation after it, and the trust damage that follows.",,,#/case/covid-schools/chain/schools-legitimacy/S5
COVID-19 School Closures and Reopenings,Open question,Decision Legitimacy,S5,"Confidence in public schools collapses -> Parents fight back with lawsuits and recalls, after the decisions",strong,,,,,,,,"No study was identified that examines whether districts that experienced recalls or reopening litigation saw any subsequent change in parent trust, enrollment, or engagement. Whether adversarial participation repairs trust has not been tested; if it does not, that is an argument for building the binding channel upstream of the decision.",,,#/case/covid-schools/chain/schools-legitimacy/S5
COVID-19 School Closures and Reopenings,Evidence,Decision Legitimacy,S6,Confidence in public schools collapses -> Chronic absence sticks,moderate,moderate,,,,,EdWorkingPaper ai25-1196,https://edworkingpapers.com/sites/default/files/ai25_1196_v4.pdf,"Singer (EdWorkingPaper ai25-1196) finds remote learning in 2020-21 led to persistent post-pandemic attendance declines, with generally larger negative effects for students exposed to longer periods of remote learning: no significant decline at 1-3 months of remote-only instruction, meaningful declines at 4 or more months, and the largest declines at 7-9 months.","remote learning in 2020-21 led to persistent declines in post-pandemic attendance, with generally larger negative effects for students exposed to longer periods of remote learning",,#/case/covid-schools/chain/schools-legitimacy/S6
COVID-19 School Closures and Reopenings,Evidence,Decision Legitimacy,S6,Confidence in public schools collapses -> Chronic absence sticks,moderate,moderate,,,,,"UChicago Consortium, Connection, Trust, and Learning","https://consortium.uchicago.edu/sites/default/files/2026-01/Connection,%20Trust,%20and%20Learning-Jan26-Consortium.pdf","In Chicago Public Schools, the share of students chronically absent nearly doubled, from 24% in 2019 to 45% in 2022 (UChicago Consortium). Students' reported connectedness to school was particularly strongly related to absences in post-pandemic years for high school students, though it was not significantly related before the pandemic.",In the Chicago Public Schools (CPS) the percentage of students who were chronically absent nearly doubled from 24% in 2019 to 45% in 2022.,,#/case/covid-schools/chain/schools-legitimacy/S6
COVID-19 School Closures and Reopenings,Evidence,Decision Legitimacy,S6,Confidence in public schools collapses -> Chronic absence sticks,moderate,moderate,,,,,"UChicago Consortium, Connection, Trust, and Learning","https://consortium.uchicago.edu/sites/default/files/2026-01/Connection,%20Trust,%20and%20Learning-Jan26-Consortium.pdf","The same UChicago Consortium analysis, using 5Essentials school climate surveys (2017-2019 against 2022-2024, grades 6-11), found teachers' reports of their relationships with parents (teacher-parent trust, parent involvement in school, parent influence on decision making) significantly related to school absence rates in both middle grades and high schools, with the associations stronger in post-pandemic years than before the pandemic.",Teachers' reports of their relationships with parents were also significantly related to absence rates in their school in both middle grades and high schools. [...] even stronger in post-pandemic years than before the pandemic.,"School-level association; direction is not identified. Consistent with a trust-based account of absenteeism, alongside the changed-attendance-norm account below.",#/case/covid-schools/chain/schools-legitimacy/S6
COVID-19 School Closures and Reopenings,Evidence,Decision Legitimacy,S6,Confidence in public schools collapses -> Chronic absence sticks,moderate,moderate,,,,,AEI 2025 tracker,https://www.aei.org/research-products/report/from-attendance-crisis-to-chronic-condition-tracking-post-pandemic-chronic-absenteeism-into-2025/,"AEI's absenteeism tracker (Malkus) reports that 2025 kindergartners, many not yet born when closures began, had chronic absenteeism rates 48% above the 2019 baseline; first, second, and third graders, none of whom experienced schooling during the first two pandemic school years, showed increases of 58, 64, and 70 percent respectively over their 2019 counterparts. Elevation is not disproportionate among cohorts that were in school during the pandemic, which the report reads as a changed attendance norm rather than individual disruption.","In 2025, kindergarten students [...] had chronic absenteeism rates 48 percent above the 2019 baseline. Likewise, first, second, and third graders [...] show respective increases of 58, 64, and 70 percent. [...] Absenteeism is still up for all students, not mainly, or even disproportionately, cohorts that were in school during the pandemic. This strongly suggests that the pandemic has changed how American families and schools approach school attendance.",,#/case/covid-schools/chain/schools-legitimacy/S6
COVID-19 School Closures and Reopenings,Evidence,Decision Legitimacy,S6,Confidence in public schools collapses -> Chronic absence sticks,moderate,moderate,,,,,RAND RRA956-34,https://www.rand.org/pubs/research_reports/RRA956-34.html,"A RAND district survey (Diliberti et al., 2025; 245 districts) estimated that roughly 22% of US K-12 students (10.8 million) were chronically absent in 2024-25, below the estimated 28% of 2021-22 but still above the pre-pandemic rate of about 15%. In a companion survey of 1,551 youths ages 12-21, 26% said missing three weeks of school is ""mostly OK"" and that students can make up what they missed.",Our updated estimate for the 2024–2025 school year is roughly 22 percent (10.8 million students). [...] still above the prepandemic rate of about 15 percent. [...] one-quarter of youths (26 percent) said that missing three weeks of school is 'mostly OK' and that students can make up what they missed online or in person.,"District-panel and youth-panel surveys, not causal designs. The youth-indifference finding points to a competing explanation (a changed attendance norm) alongside any trust-based account of persistent absenteeism.",#/case/covid-schools/chain/schools-legitimacy/S6
COVID-19 School Closures and Reopenings,Open question,Decision Legitimacy,S6,Confidence in public schools collapses -> Chronic absence sticks,moderate,,,,,,,,"The elevation among 2025 kindergartners, a cohort born after the closures, is consistent with a norm shift transmitted by parents rather than by students' own disrupted schooling, but no study identifies the transmission channel. Parent trust, remote-work patterns, economic factors, and a general attendance-norm change remain unseparated as drivers of persistent absence.",,,#/case/covid-schools/chain/schools-legitimacy/S6
COVID-19 School Closures and Reopenings,Counter-evidence,Decision Legitimacy,S7,Confidence in public schools collapses -> Trust in scientists and public health falls more widely,unstudied,strong,,,,,Pew 2026,https://www.pewresearch.org/science/2026/01/15/americans-confidence-in-scientists/,"Pew confidence in scientists fell from 87% (April 2020) and had recovered to 77% by January 2026. The recovery runs opposite to the Gallup school-confidence series, which shows no comparable rebound over the same period.","At the onset of the COVID-19 pandemic in April 2020, 87% of U.S. adults said they had at least a fair amount of confidence in scientists to act in the public's best interests. [...] 77% of U.S. adults now say they have a great deal (28%) or fair amount of confidence (49%) in scientists",,#/case/covid-schools/chain/schools-legitimacy/S7
COVID-19 School Closures and Reopenings,Counter-evidence,Decision Legitimacy,S7,Confidence in public schools collapses -> Trust in scientists and public health falls more widely,unstudied,strong,,,,,Pew 2023,https://www.pewresearch.org/science/2023/11/14/americans-trust-in-scientists-positive-views-of-science-continue-to-decline/,"The low point came in October 2023, when Pew found 73% of U.S. adults had a great deal or fair amount of confidence in scientists.",73% of U.S. adults have a great deal or fair amount of confidence in scientists to act in the public's best interests,,#/case/covid-schools/chain/schools-legitimacy/S7
COVID-19 School Closures and Reopenings,Counter-evidence,Decision Legitimacy,S7,Confidence in public schools collapses -> Trust in scientists and public health falls more widely,unstudied,strong,,,,,Pew 2023,https://www.pewresearch.org/science/2023/11/14/americans-trust-in-scientists-positive-views-of-science-continue-to-decline/,"Pew's reports on the decline do not analyze schools, education policy, or closures as a factor; the 2023 report records that large shares of Republicans said the pandemic response gave too little priority to ""meeting the needs of K-12 students"" but does not connect the trust decline to school policy.","large shares said too little priority was given to respecting individuals' choices, supporting businesses and economic activity, and meeting the needs of K-12 students",,#/case/covid-schools/chain/schools-legitimacy/S7
COVID-19 School Closures and Reopenings,Counter-evidence,Decision Legitimacy,S7,Confidence in public schools collapses -> Trust in scientists and public health falls more widely,unstudied,strong,,,,,PLOS One 2025,https://journals.plos.org/plosone/article?id=10.1371/journal.pone.0328075,"The largest recent academic treatment (PLOS One, 2025; 10,000 respondents across more than 25 countries) finds information source is the strongest predictor of trust change and does not examine education policy at all.","The strongest predictor of trust change was the source of scientific information. Those relying on independent researchers show slight trust increases, whereas consumers of traditional media experienced the largest decline.",,#/case/covid-schools/chain/schools-legitimacy/S7
COVID-19 School Closures and Reopenings,Open question,Decision Legitimacy,S7,Confidence in public schools collapses -> Trust in scientists and public health falls more widely,unstudied,,,,,,,,"The circumstantial overlap is documented: the Republican-specific decline in school confidence and the Republican-specific deficit in scientist confidence describe the same population. No study was identified that connects them empirically; the link remains an untested hypothesis, not a reported finding.",,,#/case/covid-schools/chain/schools-legitimacy/S7
COVID-19 School Closures and Reopenings,Evidence,Decision Legitimacy,S8,"Remote learning drags on, disconnected from local COVID levels -> Test scores fall",strong,strong,,,,,NAEP Long-Term Trend 2022,https://www.nationsreportcard.gov/highlights/ltt/2022/,NAEP Long-Term Trend results showed average scores for age 9 students declined 5 points in reading and 7 points in mathematics between 2020 and 2022: the largest reading decline since 1990 and the first mathematics decline in the assessment's history.,"Average scores for age 9 students in 2022 declined 5 points in reading and 7 points in mathematics compared to 2020. This is the largest average score decline in reading since 1990, and the first ever score decline in mathematics.","Measures the national decline, not its attribution to instructional mode; the two studies below supply the mode link.",#/case/covid-schools/chain/schools-legitimacy/S8
COVID-19 School Closures and Reopenings,Evidence,Decision Legitimacy,S8,"Remote learning drags on, disconnected from local COVID levels -> Test scores fall",strong,strong,,,,,"Goldhaber et al., NBER w30010",https://www.nber.org/papers/w30010,"Goldhaber, Kane, McEachin, Morton, Patterson, and Staiger (2022), using testing data from 2.1 million students in 10,000 schools across 49 states, found remote instruction was a primary driver of widening achievement gaps by race and school poverty; math gaps did not widen in areas that remained in person.","Using testing data from 2.1 million students in 10,000 schools in 49 states (plus D.C.), we investigate the role of remote and hybrid instruction in widening gaps in achievement by race and school poverty.",Comparison of within-district achievement growth across instructional modes; not a randomized design.,#/case/covid-schools/chain/schools-legitimacy/S8
COVID-19 School Closures and Reopenings,Evidence,Decision Legitimacy,S8,"Remote learning drags on, disconnected from local COVID levels -> Test scores fall",strong,moderate,,,,,"Jack et al., AER: Insights 2023",https://www.aeaweb.org/articles?id=10.1257/aeri.20210748,"Jack, Halloran, Okun, and Oster (2023), using 2020-21 test data from 11 states, found pass rates declined 12.8 percentage points in math and 6.8 in English language arts on average, with significantly smaller declines in districts offering full in-person instruction; the value of in-person learning was larger in districts with larger Black student populations.","Pass rates declined from 2019 to 2021: an average of 12.8 percentage points in math and 6.8 in English language arts (ELA). [...] we estimate that districts with full in-person learning had significantly smaller declines (13.4 pp in math, 8.3 in ELA). The value to in-person learning was larger for districts with larger populations of Black students.",Cross-district association between schooling mode and pass rates with controls; schooling mode was not randomly assigned.,#/case/covid-schools/chain/schools-legitimacy/S8
COVID-19 School Closures and Reopenings,Open question,Decision Legitimacy,S8,"Remote learning drags on, disconnected from local COVID levels -> Test scores fall",strong,,,,,,,,Post-2022 assessments confound two channels: the direct effect of instructional mode and the indirect effect of elevated absenteeism (S6). No study separates their contributions to measured learning loss.,,,#/case/covid-schools/chain/schools-legitimacy/S8
COVID-19 School Closures and Reopenings,Mechanism that should have worked,,,,,,,acted-no-effect,,"Elected boards, district administrations",Brookings school board survey,https://www.brookings.edu/articles/chapter-2-school-board-members-views-of-the-covid-19-and-culture-war-era/,"Local school boards and public comment: Every district had a public comment channel, but it only collected opinions and nothing required boards to act on them. Every school district had a formal decision venue with public comment. The channel was open during the spring and summer 2020 decisions. Any resident could speak, and elected boards heard them. The channel was advisory only. Nothing required boards to act on what they heard. Participation surged after the decisions, mostly in adversarial form. The share of students in high-participation districts rose from 6% to 49% between 2020 and 2022, and 21 of the 25 most conflictual months on record came after January 2020. The record does not show whether public comment changed any board’s decision.",,,#/case/covid-schools/spine/m/0
COVID-19 School Closures and Reopenings,Mechanism that should have worked,,,,,,,acted-no-effect,,"Elected boards, district administrations","Holman, Johnson & Simko (EdWorkingPaper)",https://edworkingpapers.com/ai24-1102,"Local school boards and public comment: Every district had a public comment channel, but it only collected opinions and nothing required boards to act on them. Every school district had a formal decision venue with public comment. The channel was open during the spring and summer 2020 decisions. Any resident could speak, and elected boards heard them. The channel was advisory only. Nothing required boards to act on what they heard. Participation surged after the decisions, mostly in adversarial form. The share of students in high-participation districts rose from 6% to 49% between 2020 and 2022, and 21 of the 25 most conflictual months on record came after January 2020. The record does not show whether public comment changed any board’s decision.",,,#/case/covid-schools/spine/m/0
COVID-19 School Closures and Reopenings,Mechanism that should have worked,,,,,,,acted-no-effect,,"Governors, appointed educators, parents, health officials",Michigan Executive Order 2020-88,https://content.govdelivery.com/attachments/MIEOG/2020/05/15/file_attachments/1452673/EO%202020-88.pdf,"State advisory councils: The council met early enough to inform Michigan’s plans for fall 2020, but there is no clear evidence showing whether it changed the final decision or improved outcomes. Michigan created the Return to School Advisory Council by executive order signed on May 15, 2020, and its members were appointed on June 3. The council helped produce the state’s Return to School Roadmap. Its members were appointed to represent parents, students, educators, or communities, but they could only make recommendations. The available public record does not clearly show which recommendations the state adopted. Some critics said the state did not follow the council’s advice.",,,#/case/covid-schools/spine/m/1
COVID-19 School Closures and Reopenings,Mechanism that should have worked,,,,,,,acted-no-effect,,"Districts, KFF, Gallup",KFF,https://www.kff.org/covid-19/kff-health-tracking-poll-july-2020,"Parent surveys and polls: Surveys told officials what parents wanted in time for the fall decisions, but nothing required districts to act on the results. Districts, the Kaiser Family Foundation (KFF), and Gallup surveyed parents in summer 2020, before the fall decisions. KFF found 60% of parents preferred opening later. Gallup found parents split 36-28-36 across in-person, remote, and hybrid. The national pollsters surveyed representative samples of parents. The surveys could only inform. Nothing required districts to follow the results. Decision studies found district choices tracked partisanship and union strength, not surveyed preferences or local case rates. No study measures whether any district changed its plan because of a survey.",,,#/case/covid-schools/spine/m/2
COVID-19 School Closures and Reopenings,Mechanism that should have worked,,,,,,,acted-no-effect,,"Districts, KFF, Gallup",Hartney and Finger 2020,https://edworkingpapers.com/sites/default/files/ai20-304.pdf,"Parent surveys and polls: Surveys told officials what parents wanted in time for the fall decisions, but nothing required districts to act on the results. Districts, the Kaiser Family Foundation (KFF), and Gallup surveyed parents in summer 2020, before the fall decisions. KFF found 60% of parents preferred opening later. Gallup found parents split 36-28-36 across in-person, remote, and hybrid. The national pollsters surveyed representative samples of parents. The surveys could only inform. Nothing required districts to follow the results. Decision studies found district choices tracked partisanship and union strength, not surveyed preferences or local case rates. No study measures whether any district changed its plan because of a survey.",,,#/case/covid-schools/spine/m/2
COVID-19 School Closures and Reopenings,Mechanism that should have worked,,,,,,,worked,,"AFT, NEA, local affiliates",K-12 Dive,https://www.k12dive.com/news/nyc-uft-reopening-agreement-delays-school-start-boosts-safety/584532/,"Union collective bargaining: Bargaining produced enforceable agreements because districts had to negotiate, but only teachers held that channel. Teachers unions bargained over reopening terms in summer 2020, before the fall decisions. The American Federation of Teachers (AFT), the National Education Association (NEA), and their local affiliates took part, and members elected their own leaders. Bargaining had real force because districts had to negotiate with the unions. In New York City, the United Federation of Teachers (UFT) strike threat delayed reopening from September 10 to September 21 and set testing terms and a closure trigger. Detroit’s agreement let teachers choose their own modality. Only teachers held this channel. Parents, students, and other residents had no channel that districts had to honor. No study measures whether the bargained terms improved health or learning outcomes.",,,#/case/covid-schools/spine/m/3
COVID-19 School Closures and Reopenings,Mechanism that should have worked,,,,,,,acted-no-effect,,"Voters, recall committees",Ballotpedia,https://news.ballotpedia.org/2021/11/08/school-board-recalls-in-2021/,"Elections and recalls: Voters could remove board members, but only a year or more after the decisions were made. Voters could recall school board members or vote them out at the next election. Any registered voter could take part, and recall committees gathered the signatures. The channel had decision-making power over who held office, but no power over decisions already made. It arrived long after the decisions it judged. Of 84 recall efforts in 2021, 16 reached a ballot and voters removed one member. San Francisco voters removed all three commissioners by 69 to 76% margins in February 2022, 14 to 20 months after the fall 2020 decisions. No mechanism let voters shape the decisions before boards made them. The record does not show whether the threat of recall changed later decisions.",,,#/case/covid-schools/spine/m/4
COVID-19 School Closures and Reopenings,Mechanism that should have worked,,,,,,,partial,,"City attorneys, parent plaintiffs, courts",NBC News,https://www.nbcnews.com/news/us-news/san-francisco-sues-its-own-school-district-demands-restart-person-n1256639,"Litigation: Lawsuits contested the decisions months after the fact, and the record cannot separate their effect from vaccination and state politics. San Francisco’s city attorney sued the city’s own school district in February 2021, demanding a return to in-person instruction for more than 52,000 students. NBC News reported it could be the first such case in the nation. Parent plaintiffs filed suits elsewhere. Courts had decision-making power over the claims before them. The district partially reopened after the suit. Teacher vaccination and state politics moved at the same time, so the record cannot separate the lawsuit’s effect. Like recalls, litigation came after the fact. It contested decisions made in mid-2020 from February 2021 onward.",,,#/case/covid-schools/spine/m/5
COVID-19 School Closures and Reopenings,Mechanism that should have worked,,,,,,,acted-no-effect,,"AAP, CDC",Hartney and Finger 2020,https://edworkingpapers.com/sites/default/files/ai20-304.pdf,"Professional and federal guidance: Expert guidance arrived, but districts followed politics and union strength instead. The American Academy of Pediatrics (AAP) urged policymakers in June 2020 to start from the goal of physical presence in school, ahead of the fall decisions. The Centers for Disease Control and Prevention (CDC) published its Operational Strategy in February 2021, eleven months after closures began. Appointed experts wrote both documents. The guidance was advisory. Districts could follow it or not. Politicization in July 2020 damaged the federal channel’s neutrality. Decision studies found district modality tracked partisanship and bargaining strength, not guidance or local case rates. No mechanism existed for public input into the guidance.",,,#/case/covid-schools/spine/m/6
COVID-19 School Closures and Reopenings,Mechanism that should have worked,,,,,,,acted-no-effect,,"AAP, CDC",Grossmann et al.,https://journals.sagepub.com/doi/10.3102/0013189X211048840,"Professional and federal guidance: Expert guidance arrived, but districts followed politics and union strength instead. The American Academy of Pediatrics (AAP) urged policymakers in June 2020 to start from the goal of physical presence in school, ahead of the fall decisions. The Centers for Disease Control and Prevention (CDC) published its Operational Strategy in February 2021, eleven months after closures began. Appointed experts wrote both documents. The guidance was advisory. Districts could follow it or not. Politicization in July 2020 damaged the federal channel’s neutrality. Decision studies found district modality tracked partisanship and bargaining strength, not guidance or local case rates. No mechanism existed for public input into the guidance.",,,#/case/covid-schools/spine/m/6
COVID-19 School Closures and Reopenings,Mechanism that should have worked,,,,,,,no-mechanism,,Federal statistics agencies,Brown University,https://www.brown.edu/news/2021-09-15/hub,"Public data infrastructure: No federal dataset tracked school status, and a university team built one 18 months late. No federal dataset tracked which schools were open, hybrid, or remote during 2020-21. Federal data covered only the largest districts. The COVID-19 School Data Hub, a small grant-funded team at Brown University, launched in September 2021 with school-level mode data for over 55,000 schools in 30 states. It arrived 18 months after closures began. The team set its own scope, and no public body had to use its data. The record does not show whether any district used the data to change a decision. No study measures what earlier data would have changed.",,,#/case/covid-schools/spine/m/7
COVID-19 School Closures and Reopenings,Measured impact,,,24% of districts were fully online -> Public school enrollment fell (strong),,,,,08/2021,,,,"Public school enrollment fell: National public school enrollment fell from 50.8 million in fall 2019 to 49.4 million in fall 2020 and stayed near that level. Remote-only instruction caused 1.1 percentage points of additional disenrollment, concentrated in kindergarten and elementary grades.",,,#/case/covid-schools/spine/i/0
COVID-19 School Closures and Reopenings,Impact evidence,,,Public school enrollment fell,,strong,,,,,Dee et al. 2021,https://www.nber.org/papers/w29156,"Dee, Huffaker, Phillips, and Sagara (National Bureau of Economic Research working paper w29156, 2021) measured how instructional mode changed enrollment across states. They found that “remote-only instead of in-person instruction reduced enrollment by 1.1 percentage points”.",remote-only instead of in-person instruction reduced enrollment by 1.1 percentage points,,#/case/covid-schools/spine/i/0
COVID-19 School Closures and Reopenings,Impact evidence,,,Public school enrollment fell,,strong,,,,,National Center for Education Statistics,https://nces.ed.gov/programs/coe/indicator/cga/public-school-enrollment,"The National Center for Education Statistics (NCES) enrollment series shows 50.8 million students in fall 2019 and 49.4 million in fall 2020, then 49.4 to 49.6 million through 2022.",,,#/case/covid-schools/spine/i/0
COVID-19 School Closures and Reopenings,Measured impact,,,48 states left reopening modality -> Chronic absenteeism stayed high (moderate),,,,,08/2025,,,,"Chronic absenteeism stayed high: Chronic absenteeism means missing 10 percent or more of school days. It stayed high through 2024-25, at roughly 22% of students nationally. In about half of surveyed urban districts, more than 30% of students were chronically absent. Kindergartners who were never in school during closures show rates 48% above the 2019 baseline.",,,#/case/covid-schools/spine/i/1
COVID-19 School Closures and Reopenings,Impact evidence,,,Chronic absenteeism stayed high,,moderate,,,,,RAND Corporation,https://www.rand.org/pubs/research_reports/RRA956-34.html,"RAND’s 2025 district survey and the American Enterprise Institute’s 2026 tracking report both find chronic absence still high in 2024-25. Roughly 22 percent of students were chronically absent, against about 15 percent before the pandemic.",,,#/case/covid-schools/spine/i/1
COVID-19 School Closures and Reopenings,Impact evidence,,,Chronic absenteeism stayed high,,moderate,,,,,American Enterprise Institute,https://www.aei.org/research-products/report/from-attendance-crisis-to-chronic-condition-tracking-post-pandemic-chronic-absenteeism-into-2025/,"RAND’s 2025 district survey and the American Enterprise Institute’s 2026 tracking report both find chronic absence still high in 2024-25. Roughly 22 percent of students were chronically absent, against about 15 percent before the pandemic.",,,#/case/covid-schools/spine/i/1
COVID-19 School Closures and Reopenings,Impact evidence,,,Chronic absenteeism stayed high,,moderate,,,,,Singer 2026,https://edworkingpapers.com/sites/default/files/ai25_1196_v4.pdf,"Singer finds that the longer a district stayed remote, the worse its students’ attendance afterward. Districts saw no significant attendance decline after 1-3 months of remote-only instruction, meaningful declines after 4 or more months, and the largest declines after 7-9 months. Remote learning in 2020-21 “led to persistent declines in post-pandemic attendance, with generally larger negative effects for students exposed to longer periods of remote learning”.","remote learning in 2020-21 led to persistent declines in post-pandemic attendance, with generally larger negative effects for students exposed to longer periods of remote learning",,#/case/covid-schools/spine/i/1
COVID-19 School Closures and Reopenings,Impact evidence,,,Chronic absenteeism stayed high,,moderate,,,,,University of Chicago Consortium on School Research,"https://consortium.uchicago.edu/sites/default/files/2026-01/Connection,%20Trust,%20and%20Learning-Jan26-Consortium.pdf",The University of Chicago Consortium finds that teachers’ reports of their relationships with parents were “significantly related to absence rates in their school in both middle grades and high schools”. The relationship was “even stronger in post-pandemic years than before the pandemic”.,Teachers' reports of their relationships with parents were also significantly related to absence rates in their school in both middle grades and high schools. [...] even stronger in post-pandemic years than before the pandemic.,,#/case/covid-schools/spine/i/1
COVID-19 School Closures and Reopenings,Impact counter-evidence,,,Chronic absenteeism stayed high,,moderate,,,,,RAND Corporation,https://www.rand.org/pubs/research_reports/RRA956-34.html,"One quarter of surveyed youth said missing three weeks of school is mostly OK. That points toward indifference, not lost trust, as a competing explanation.",,,#/case/covid-schools/spine/i/1
COVID-19 School Closures and Reopenings,Measured impact,,,attacked CDC guidance -> Confidence in public schools fell (moderate),,,,,07/2022,,,,"Confidence in public schools fell: Gallup’s measure of confidence in public schools fell from its 2020 rally to 28% by 2022. Republican confidence fell from 34% to 14% while Democratic confidence held. The partisan gap reached 29 points, against a 7-point historical average.",,,#/case/covid-schools/spine/i/2
COVID-19 School Closures and Reopenings,Impact evidence,,,Confidence in public schools fell,,moderate,,,,,Gallup,https://news.gallup.com/poll/394784/confidence-public-schools-turns-partisan.aspx,Gallup’s confidence series shows the decline and its partisan concentration. Parents rated their own schools far better than the institution nationally throughout.,,,#/case/covid-schools/spine/i/2
COVID-19 School Closures and Reopenings,Impact counter-evidence,,,Confidence in public schools fell,,moderate,,,,,Chalkbeat 2023 polling roundup,https://www.chalkbeat.org/2023/7/25/23806247/parents-schools-covid-anger-polling-satisfaction/,"Parents typically supported how their schools handled the pandemic in 2020-21, and PDK local school grades did not fall through 2022. The damage appears later in partisan, systemic measures, not in the judgments parents made at the time.",,,#/case/covid-schools/spine/i/2
COVID-19 School Closures and Reopenings,Measured impact,,,24% of districts were fully online -> National test scores fell (strong),,,,,05/2022,,,,"National test scores fell: National Assessment of Educational Progress (NAEP) long-term trend age-9 scores fell 5 points in reading and 7 in mathematics from 2020 to 2022, the first mathematics decline in the series. Districts with longer remote instruction show larger declines.",,,#/case/covid-schools/spine/i/3
COVID-19 School Closures and Reopenings,Impact evidence,,,National test scores fell,,strong,,,,,Goldhaber et al. 2022,https://www.nber.org/papers/w30010,Goldhaber et al. (2022) and Jack et al. (2023) tie remote and hybrid mode to larger achievement declines across states and districts.,,,#/case/covid-schools/spine/i/3
COVID-19 School Closures and Reopenings,Impact evidence,,,National test scores fell,,strong,,,,,Jack et al. 2023,https://www.aeaweb.org/articles?id=10.1257/aeri.20210748,Goldhaber et al. (2022) and Jack et al. (2023) tie remote and hybrid mode to larger achievement declines across states and districts.,,,#/case/covid-schools/spine/i/3
COVID-19 School Closures and Reopenings,Impact evidence,,,National test scores fell,,strong,,,,,Hallin et al. 2022,https://pubmed.ncbi.nlm.nih.gov/35677729/,"Sweden kept primary schools open and saw no learning loss across 97,073 students in grades 1-3, and even “students from low socio-economic backgrounds were not especially affected”.",students from low socio-economic backgrounds were not especially affected,,#/case/covid-schools/spine/i/3
COVID-19 School Closures and Reopenings,Impact evidence,,,National test scores fell,,strong,,,,,National Assessment of Educational Progress,https://www.nationsreportcard.gov/highlights/ltt/2022,"NAEP long-term trend age-9 scores fell 5 points in reading and 7 in mathematics from 2020 to 2022, the first mathematics decline in the series.",,,#/case/covid-schools/spine/i/3
COVID-19 School Closures and Reopenings,Impact counter-evidence,,,National test scores fell,,moderate,,,,,Harvard Center for Education Policy Research,https://cepr.harvard.edu/news/2026/05/why-us-test-scores-are-generation-long-decline,"Education Recovery Scorecard data through 2025, reported by the New York Times and reposted by Harvard’s Center for Education Policy Research, show scores stopped climbing in the mid-2010s. Reading losses from 2017 to 2019 matched the pandemic-era losses: “From 2017 to 2019, students lost as much ground in reading as they did during the pandemic”. Part of the post-2020 gap reflects this longer decline, not closure policy. The studies tying remote instruction to larger losses compare districts over the same period, so the earlier decline does not weaken them.","From 2017 to 2019, students lost as much ground in reading as they did during the pandemic",,#/case/covid-schools/spine/i/3
COVID-19 School Closures and Reopenings,Measured impact,,,49 states suspended in-person -> Studies disagree on whether closing schools cut COVID-19 infections and deaths (contested),,,,,07/2020,,,,"Studies disagree on whether closing schools cut COVID-19 infections and deaths: When US states closed schools in spring 2020, weekly COVID-19 deaths fell 58 percent, but states issued other orders at the same time. In Sweden, teachers at schools that stayed open caught COVID-19 at twice the rate of teachers who moved online, and parents' rates rose a little. In the US, people living with a child in in-person school had higher COVID-19 risk, and the gap disappeared where schools used seven or more safety measures. In fall 2020, US counties that reopened in person saw no change in cases in most regions, but a rise of 9.8 to 21.3 cases per 100,000 people per week in the South. In Japan, matched towns showed no drop in cases from closing schools.",,,#/case/covid-schools/spine/i/4
COVID-19 School Closures and Reopenings,Impact evidence,,,Studies disagree on whether closing schools cut COVID-19 infections and deaths,,moderate,,,,,Auger et al. 2020,https://pmc.ncbi.nlm.nih.gov/articles/PMC7391181/,Auger et al. (2020) compared all 50 states before and after closure. Closure went with a 62 percent weekly drop in cases and a 58 percent weekly drop in deaths. The authors conclude that “school closure in the US was temporally associated with decreased COVID-19 incidence and mortality”.,school closure in the US was temporally associated with decreased COVID-19 incidence and mortality,"Every state closed schools within a few weeks, alongside other orders. The authors write that “it remains possible that some of the reduction may have been related to other concurrent nonpharmaceutical interventions.”",#/case/covid-schools/spine/i/4
COVID-19 School Closures and Reopenings,Impact evidence,,,Studies disagree on whether closing schools cut COVID-19 infections and deaths,,strong,,,,,Vlachos et al. 2021,https://pmc.ncbi.nlm.nih.gov/articles/PMC7936333/,"Sweden kept lower-secondary schools open and moved upper-secondary schools online. Vlachos, Hertegård and Svaleryd (2021) linked every student and teacher to their families. “Among lower-secondary teachers, the infection rate doubled relative to upper-secondary teachers.” Their partners also had more infections. Parents saw only a small rise.","Among lower-secondary teachers, the infection rate doubled relative to upper-secondary teachers",The same study found that keeping schools open had “minor consequences for the overall transmission of SARS-CoV-2 in society.”,#/case/covid-schools/spine/i/4
COVID-19 School Closures and Reopenings,Impact evidence,,,Studies disagree on whether closing schools cut COVID-19 infections and deaths,,moderate,,,,,Lessler et al. 2021,https://pmc.ncbi.nlm.nih.gov/articles/PMC8168618/,"Lessler et al. (2021) used a national online survey. People living with a child in in-person school had higher COVID-19 risk. The added risk faded as schools added masks for teachers, daily symptom checks, and other measures; “when seven or more mitigation measures are reported, a significant relationship is no longer observed”.","when seven or more mitigation measures are reported, a significant relationship is no longer observed","Self-reported symptoms and tests from a survey, not confirmed case records.",#/case/covid-schools/spine/i/4
COVID-19 School Closures and Reopenings,Impact counter-evidence,,,Studies disagree on whether closing schools cut COVID-19 infections and deaths,,moderate,,,,,Ertem et al. 2021,https://www.nature.com/articles/s41591-021-01563-8,"Ertem et al. (2021) followed counties for 12 weeks after school started. Case rates “were not statistically different in counties with in-person learning versus remote school modes in most regions of the United States”. In the South, in-person and hybrid counties added 9.8 to 21.3 cases per 100,000 people per week.",SARS-CoV-2 incidence rates were not statistically different in counties with in-person learning versus remote school modes in most regions of the United States,"Covers July to September 2020, before the Delta variant.",#/case/covid-schools/spine/i/4
COVID-19 School Closures and Reopenings,Impact counter-evidence,,,Studies disagree on whether closing schools cut COVID-19 infections and deaths,,moderate,,,,,Fukumoto et al. 2021,https://www.nature.com/articles/s41591-021-01571-8,"Fukumoto, McClean and Nakagawa (2021) paired each town with open schools with the most similar town with closed schools. “We do not find any evidence that school closures in Japan reduced the spread of COVID-19.”",We do not find any evidence that school closures in Japan reduced the spread of COVID-19,Japan had few cases in spring 2020. The result may not carry over to places or periods with more spread.,#/case/covid-schools/spine/i/4
COVID-19 School Closures and Reopenings,Proposed intervention (spine),,,,,,Citizens' Assembly,,,,,,"A randomly selected group of residents deliberates on reopening: Give a randomly selected assembly of residents the job of setting the fall 2020 instructional mode for its region, within public-health orders and civil-rights law. A convening authority at the level that makes the reopening decision seats the assembly in May 2020 and draws members by lot from the region's residents. Seats rotate on a fixed schedule so no cohort becomes an incumbent class. Members hear from public-health, education, and building-safety experts, deliberate over several weeks, and vote. How the assembly's conclusion feeds the decision is open, and the note lists the ways. Whoever decides must publish the evidence the assembly saw. Michigan created an appointed advisory council in May 2020 and seated a randomly selected panel only in the fall, after the decision it would have informed had passed. When and where: May to June 2020, with its scope fixed on the fall 2020 instructional mode decision. Michigan already created an appointed advisory council in May 2020; the proposal is the same body selected by lot. An assembly seated after August 2020 misses the decision it exists to make; the actual Michigan citizens' panel of fall 2020 demonstrates that failure mode. (Wherever the reopening decision is made: a district, county, or state. Michigan is the comparison, with an appointed council and a later randomly selected panel)",,,#/case/covid-schools/spine/pr/0
COVID-19 School Closures and Reopenings,Proposal outcome,,,"A randomly selected group of residents deliberates on reopening -> A reopening decision that fits local conditions and priorities, made by people who had a say, is seen as legitimate and holds confidence in public schools.",,,,Confidence in public schools fell,,,,,"A reopening decision that fits local conditions and priorities, made by people who had a say, is seen as legitimate and holds confidence in public schools.",,,#/case/covid-schools/spine/pr/0/out
COVID-19 School Closures and Reopenings,Proposal claim,,,"A randomly selected group of residents deliberates on reopening -> A reopening decision that fits local conditions and priorities, made by people who had a say, is seen as legitimate and holds confidence in public schools. -> An assembly can be convened in time to inform the decision.",,,,,,,,,An assembly can be convened in time to inform the decision.,,,#/case/covid-schools/spine/pr/0/cl/0
COVID-19 School Closures and Reopenings,Proposal claim evidence,,,"A randomly selected group of residents deliberates on reopening -> A reopening decision that fits local conditions and priorities, made by people who had a say, is seen as legitimate and holds confidence in public schools. -> An assembly can be convened in time to inform the decision.",,weak,,,,,Ada Lovelace Institute,https://www.adalovelaceinstitute.org/project/rapid-online-deliberation-on-covid-19-technologies/,"A UK panel of 28 residents deliberated online on pandemic exit strategies during the May 2020 lockdown. The Ada Lovelace Institute “conducted rapid, online deliberation with 28 members of the public on COVID-19 exit strategies” throughout May 2020, while the UK was in lockdown, and the panel produced four steers within the month. The institute reports on its own process, and no policy outcome was measured.","conducted rapid, online deliberation with 28 members of the public on COVID-19 exit strategies",,#/case/covid-schools/spine/pr/0/cl/0/ev/0
COVID-19 School Closures and Reopenings,Proposal claim counter-evidence,,,"A randomly selected group of residents deliberates on reopening -> A reopening decision that fits local conditions and priorities, made by people who had a say, is seen as legitimate and holds confidence in public schools. -> An assembly can be convened in time to inform the decision.",,moderate,,,,,Organisation for Economic Co-operation and Development,https://www.oecd.org/en/publications/innovative-citizen-participation-and-new-democratic-institutions_339306da-en/full-report/component-8.html,"Deliberative processes usually take about half a year from start to recommendations. The Organisation for Economic Co-operation and Development’s stocktake of 289 deliberative processes reports that “most deliberative processes tend to take around six to seven months from beginning to end”, with half the cases needing 12 weeks or more of preparation before participants first met. The Irish assembly on the Eighth Amendment sat over five sessions from November 2016 to April 2017.",most deliberative processes tend to take around six to seven months from beginning to end,,#/case/covid-schools/spine/pr/0/cl/0/cev/0
COVID-19 School Closures and Reopenings,Proposal case study,,,"A randomly selected group of residents deliberates on reopening -> A reopening decision that fits local conditions and priorities, made by people who had a say, is seen as legitimate and holds confidence in public schools. -> An assembly can be convened in time to inform the decision.",,weak,,,Fall 2020,Michigan,Carnegie Mellon University news,https://www.cmu.edu/news/stories/archives/2021/august/citizens-assembly-algorithm.html,"Michigan Citizens' Panel on COVID-19 (Advisory, no standing with any decision maker): A nonprofit convened 30 randomly selected Michigan residents, using a selection algorithm built in part by Carnegie Mellon researchers. The panel “crafted 12 recommendations and offered them to local, state and national policymakers as a way out of the pandemic”. Random selection could be run mid-pandemic. The panel met in the fall, after the instructional mode decision, and no adoption of its recommendations is reported.",,,#/case/covid-schools/spine/pr/0/cl/0/cs/0
COVID-19 School Closures and Reopenings,Proposal claim,,,"A randomly selected group of residents deliberates on reopening -> A reopening decision that fits local conditions and priorities, made by people who had a say, is seen as legitimate and holds confidence in public schools. -> A randomly selected group weighs local conditions and priorities when it sets a trade-off.",,,,,,,,,A randomly selected group weighs local conditions and priorities when it sets a trade-off.,,,#/case/covid-schools/spine/pr/0/cl/1
COVID-19 School Closures and Reopenings,Proposal claim evidence,,,"A randomly selected group of residents deliberates on reopening -> A reopening decision that fits local conditions and priorities, made by people who had a say, is seen as legitimate and holds confidence in public schools. -> A randomly selected group weighs local conditions and priorities when it sets a trade-off.",,strong,,,,,"Farrar and colleagues 2010, British Journal of Political Science",https://doi.org/10.1017/S0007123409990433,"Residents who deliberated two local questions moved most on the one they knew least about. Residents of New Haven and nearby towns deliberated airport expansion and regional revenue sharing, with the order of the two topics assigned at random. “As expected, the highly salient airport issue saw only a slight effect, while much less salient revenue-sharing issue saw a much larger one.” Deliberation moved positions on a concrete local trade-off, most where people started with little information.","As expected, the highly salient airport issue saw only a slight effect, while much less salient revenue-sharing issue saw a much larger one.",,#/case/covid-schools/spine/pr/0/cl/1/ev/0
COVID-19 School Closures and Reopenings,Proposal claim evidence,,,"A randomly selected group of residents deliberates on reopening -> A reopening decision that fits local conditions and priorities, made by people who had a say, is seen as legitimate and holds confidence in public schools. -> A randomly selected group weighs local conditions and priorities when it sets a trade-off.",,strong,,,,,"Farrar and colleagues 2009, Political Psychology",https://doi.org/10.1111/j.1467-9221.2009.00717.x,"Who sat in a resident's discussion group barely changed where that resident ended up. Across three events with 330 randomly composed discussion groups, the views of a participant’s group mates had little pull on that participant’s own conclusions. “We find only sporadic evidence of group composition effects.” The luck of the draw did not decide what members concluded.",We find only sporadic evidence of group composition effects.,,#/case/covid-schools/spine/pr/0/cl/1/ev/1
COVID-19 School Closures and Reopenings,Proposal claim evidence,,,"A randomly selected group of residents deliberates on reopening -> A reopening decision that fits local conditions and priorities, made by people who had a say, is seen as legitimate and holds confidence in public schools. -> A randomly selected group weighs local conditions and priorities when it sets a trade-off.",,moderate,,,,,"Leino and colleagues 2022, Policy Sciences",https://doi.org/10.1007/s11077-022-09465-3,"In a Finnish panel on COVID-19 restrictions, which experts members heard did not steer where they landed. An online panel of randomly selected Finns weighed containment measures after hearing experts from different fields, in varied order. “We find that neither the field of expertise nor the order of hearings had systematic effects on participants’ perceptions on containment measures.” It is the nearest measured case to a reopening assembly.",We find that neither the field of expertise nor the order of hearings had systematic effects on participants’ perceptions on containment measures.,,#/case/covid-schools/spine/pr/0/cl/1/ev/2
COVID-19 School Closures and Reopenings,Proposal claim counter-evidence,,,"A randomly selected group of residents deliberates on reopening -> A reopening decision that fits local conditions and priorities, made by people who had a say, is seen as legitimate and holds confidence in public schools. -> A randomly selected group weighs local conditions and priorities when it sets a trade-off.",,strong,,,,,"Humphreys, Masters and Sandbu 2006, World Politics",https://doi.org/10.1353/wp.2007.0008,"In nationwide town meetings, the discussion leader a meeting happened to get shaped much of what it concluded. Discussion leaders were assigned at random across meetings in a national deliberation in Sao Tome and Principe. “They find that leader effects were extremely large, in many cases accounting for over one-third of all variation in the outcomes of the national discussions.” Whoever runs the room can steer what comes out of it.","They find that leader effects were extremely large, in many cases accounting for over one-third of all variation in the outcomes of the national discussions.",,#/case/covid-schools/spine/pr/0/cl/1/cev/0
COVID-19 School Closures and Reopenings,Proposal claim counter-evidence,,,"A randomly selected group of residents deliberates on reopening -> A reopening decision that fits local conditions and priorities, made by people who had a say, is seen as legitimate and holds confidence in public schools. -> A randomly selected group weighs local conditions and priorities when it sets a trade-off.",,strong,,,,,"Spada and Vreeland 2013, Journal of Public Deliberation",https://doi.org/10.16997/jdd.165,"Moderators who voiced their own views, even briefly, changed what participants wanted. In a real deliberative decision process, “we find that moderators can significantly influence the attitudes and behaviors of participants by expressing views in a constrained manner”. The authors warn that interest groups could use this route to capture a deliberation.",we find that moderators can significantly influence the attitudes and behaviors of participants by expressing views in a constrained manner,,#/case/covid-schools/spine/pr/0/cl/1/cev/1
COVID-19 School Closures and Reopenings,Proposal claim counter-evidence,,,"A randomly selected group of residents deliberates on reopening -> A reopening decision that fits local conditions and priorities, made by people who had a say, is seen as legitimate and holds confidence in public schools. -> A randomly selected group weighs local conditions and priorities when it sets a trade-off.",,moderate,,,,,"Street and colleagues 2014, Social Science and Medicine",https://doi.org/10.1016/j.socscimed.2014.03.005,"Most health citizens' juries ran shorter than recommended, and decision makers rarely took up what they concluded. A review of 66 citizens’ juries in health found that “many juries were shorter duration than originally recommended, limiting opportunity for constructive dialogue. With respect to citizenship, few juries’ rulings were considered by decision-making bodies thereby limiting transfer into policy and practice.”","Many juries were shorter duration than originally recommended, limiting opportunity for constructive dialogue. With respect to citizenship, few juries' rulings were considered by decision-making bodies thereby limiting transfer into policy and practice.",,#/case/covid-schools/spine/pr/0/cl/1/cev/2
COVID-19 School Closures and Reopenings,Proposal claim,,,"A randomly selected group of residents deliberates on reopening -> A reopening decision that fits local conditions and priorities, made by people who had a say, is seen as legitimate and holds confidence in public schools. -> People see a decision as more legitimate when people like them had a say in it.",,,,,,,,,People see a decision as more legitimate when people like them had a say in it.,,,#/case/covid-schools/spine/pr/0/cl/2
COVID-19 School Closures and Reopenings,Proposal claim evidence,,,"A randomly selected group of residents deliberates on reopening -> A reopening decision that fits local conditions and priorities, made by people who had a say, is seen as legitimate and holds confidence in public schools. -> People see a decision as more legitimate when people like them had a say in it.",,strong,,,,,"Germann, Marien and Muradova 2024, Political Studies",https://journals.sagepub.com/doi/10.1177/00323217221137444,"People called a decision fairer when a panel of randomly selected residents had weighed in, and fairer still when officials followed the panel. In a pre-registered experiment with 1,309 Irish adults, all told the decision went against them, involving a panel of randomly selected citizens raised perceived fairness by 0.7 points on a 0 to 10 scale, and by almost a full point where the recommendation was honored. “Mini-publics increase legitimacy perceptions among the broader citizenry; however, these beneficial effects are largely limited to situations in which their recommendations are honored.”","Mini-publics increase legitimacy perceptions among the broader citizenry; however, these beneficial effects are largely limited to situations in which their recommendations are honored.",,#/case/covid-schools/spine/pr/0/cl/2/ev/0
COVID-19 School Closures and Reopenings,Proposal claim evidence,,,"A randomly selected group of residents deliberates on reopening -> A reopening decision that fits local conditions and priorities, made by people who had a say, is seen as legitimate and holds confidence in public schools. -> People see a decision as more legitimate when people like them had a say in it.",,strong,,,,,"Collins 2021, American Political Science Review",https://doi.org/10.1017/S0003055421000320,"People who watched a school board take public comment and answer it trusted local officials more. Respondents were randomly shown a clip of a real school board meeting that was standard, participatory, or deliberative. “The experience of viewing the more participatory and deliberative school board meetings led to increased trust in local officials and a stronger willingness to attend school board meetings in the future.”",The experience of viewing the more participatory and deliberative school board meetings led to increased trust in local officials and a stronger willingness to attend school board meetings in the future.,,#/case/covid-schools/spine/pr/0/cl/2/ev/1
COVID-19 School Closures and Reopenings,Proposal claim evidence,,,"A randomly selected group of residents deliberates on reopening -> A reopening decision that fits local conditions and priorities, made by people who had a say, is seen as legitimate and holds confidence in public schools. -> People see a decision as more legitimate when people like them had a say in it.",,strong,,,,,"Olken 2010, American Political Science Review",https://doi.org/10.1017/S0003055410000079,"Villagers who voted directly on local projects were far more satisfied with the result, even though the projects chosen hardly differed. In 49 Indonesian villages assigned at random to choose projects at representative meetings or by village-wide vote, “plebiscites resulted in dramatically higher satisfaction among villagers, increased knowledge about the project, greater perceived benefits, and higher reported willingness to contribute”, while what got built changed much less. Here people voted themselves rather than sending neighbors to decide for them.","Plebiscites resulted in dramatically higher satisfaction among villagers, increased knowledge about the project, greater perceived benefits, and higher reported willingness to contribute",,#/case/covid-schools/spine/pr/0/cl/2/ev/2
COVID-19 School Closures and Reopenings,Proposal claim counter-evidence,,,"A randomly selected group of residents deliberates on reopening -> A reopening decision that fits local conditions and priorities, made by people who had a say, is seen as legitimate and holds confidence in public schools. -> People see a decision as more legitimate when people like them had a say in it.",,strong,,,,,"Germann, Marien and Muradova 2024, Political Studies",https://journals.sagepub.com/doi/10.1177/00323217221137444,"When officials set the panel's advice aside, most of the fairness gain went with it and people were no readier to accept the decision. In the same experiment, “mini-publics have substantially larger effects when their recommendations are honored and smaller or even no effects when their recommendations are not honored”. Ignored advice left a fairness gain of about half a point and no measurable gain in accepting the decision. Letting all voters decide by referendum did more for both.",mini-publics have substantially larger effects when their recommendations are honored and smaller or even no effects when their recommendations are not honored,,#/case/covid-schools/spine/pr/0/cl/2/cev/0
COVID-19 School Closures and Reopenings,Proposal claim counter-evidence,,,"A randomly selected group of residents deliberates on reopening -> A reopening decision that fits local conditions and priorities, made by people who had a say, is seen as legitimate and holds confidence in public schools. -> People see a decision as more legitimate when people like them had a say in it.",,moderate,,,,,Knowledge Network on Climate Assemblies,https://www.knoca.eu/briefings/policy-impact-of-the-french-citizens-convention-for-the-climate-untangling-the-fate-of-the-citizens-recommendations,"France's president promised to back nearly all of a citizens' convention's proposals, and a fifth became law as written. A week after the convention finished, “President Macron committed to supporting 146 of the 149 proposed measures”. Tracing every recommendation into law, the Knowledge Network on Climate Assemblies finds a fifth fully implemented or reinforced, about half implemented partially or in modified form, and 22 percent abandoned, vetoed, or not implemented.",,,#/case/covid-schools/spine/pr/0/cl/2/cev/1
COVID-19 School Closures and Reopenings,Proposal case study,,,"A randomly selected group of residents deliberates on reopening -> A reopening decision that fits local conditions and priorities, made by people who had a say, is seen as legitimate and holds confidence in public schools. -> People see a decision as more legitimate when people like them had a say in it.",,weak,,,2016-2018,Ireland,Electoral Reform Society,https://electoral-reform.org.uk/the-irish-abortion-referendum-how-a-citizens-assembly-helped-to-break-years-of-political-deadlock/,"Irish Citizens' Assembly on the Eighth Amendment (Advisory, coupled by design to a referendum): The government convened “99 ordinary citizens” who “deliberated on the Eighth Amendment over the course of five sessions from November 2016 until April 2017”. The referendum passed on a turnout of 64 percent, and the final bill “accorded with the ‘repeal and replace’ recommendations made by the Assembly” rather than the parliamentary committee’s simple repeal. Coding of assembly and committee transcripts found assembly members showed a deeper grasp of the subject, and experts spoke in more complex terms to the assembly. No study measures whether the assembly changed how legitimate anyone found the result.",,,#/case/covid-schools/spine/pr/0/cl/2/cs/0
COVID-19 School Closures and Reopenings,Proposal case study,,,"A randomly selected group of residents deliberates on reopening -> A reopening decision that fits local conditions and priorities, made by people who had a say, is seen as legitimate and holds confidence in public schools. -> People see a decision as more legitimate when people like them had a say in it.",,weak,,,2016-2018,Ireland,"Suiter, Farrell, Harris and Murphy 2022, Political Studies Review",https://doi.org/10.1177/14789299211020909,"Irish Citizens' Assembly on the Eighth Amendment (Advisory, coupled by design to a referendum): The government convened “99 ordinary citizens” who “deliberated on the Eighth Amendment over the course of five sessions from November 2016 until April 2017”. The referendum passed on a turnout of 64 percent, and the final bill “accorded with the ‘repeal and replace’ recommendations made by the Assembly” rather than the parliamentary committee’s simple repeal. Coding of assembly and committee transcripts found assembly members showed a deeper grasp of the subject, and experts spoke in more complex terms to the assembly. No study measures whether the assembly changed how legitimate anyone found the result.",,,#/case/covid-schools/spine/pr/0/cl/2/cs/0
COVID-19 School Closures and Reopenings,Proposal claim,,,"A randomly selected group of residents deliberates on reopening -> A reopening decision that fits local conditions and priorities, made by people who had a say, is seen as legitimate and holds confidence in public schools. -> People who see a decision as legitimate keep confidence in the institution that made it.",,,,,,,,,People who see a decision as legitimate keep confidence in the institution that made it.,,,#/case/covid-schools/spine/pr/0/cl/3
COVID-19 School Closures and Reopenings,Proposal claim evidence,,,"A randomly selected group of residents deliberates on reopening -> A reopening decision that fits local conditions and priorities, made by people who had a say, is seen as legitimate and holds confidence in public schools. -> People who see a decision as legitimate keep confidence in the institution that made it.",,moderate,,,,,"Tyler and Jackson 2014, Psychology, Public Policy, and Law",https://doi.org/10.1037/a0034514,"Americans who saw the police and courts as legitimate said they complied with the law and cooperated more. In a weighted national survey of 1,603 US adults, legitimacy, “typically operationalized as the perceived obligation to obey and trust and confidence in the relevant institutions — plays an important role in achieving such compliance”, and it also went with willing cooperation. The measures are self-reported and taken at one point in time, and the field is policing, not schools.",legitimacy—typically operationalized as the perceived obligation to obey and trust and confidence in the relevant institutions—plays an important role in achieving such compliance,,#/case/covid-schools/spine/pr/0/cl/3/ev/0
COVID-19 School Closures and Reopenings,Proposal claim counter-evidence,,,"A randomly selected group of residents deliberates on reopening -> A reopening decision that fits local conditions and priorities, made by people who had a say, is seen as legitimate and holds confidence in public schools. -> People who see a decision as legitimate keep confidence in the institution that made it.",,strong,,,,,"Esaiasson, Persson, Gilljam and Lindholm 2019, British Journal of Political Science",https://doi.org/10.1017/S0007123416000508,"What a decision delivers moves acceptance far more than how the decision was made. Across a set of vignette and field experiments, “outcome favorability is the dominant determinant of decision acceptance”, and the authors conclude that “democratic governments can achieve little in terms of acceptance of policy decisions by the procedural means at their disposal”. A fairer process is a small lever next to giving people the outcome they wanted.",outcome favorability is the dominant determinant of decision acceptance,,#/case/covid-schools/spine/pr/0/cl/3/cev/0
COVID-19 School Closures and Reopenings,Proposed intervention (spine),,,,,,Stakeholder Advisory Council,,,,,,"A council of parents, teachers, and experts designs the reopening plan: Give a district-convened council of parents, teachers, and residents the standing to put reopening options before the school board, which must respond to each in writing. This is a policy design body, not a broad trust mechanism: it selects the people most closely tied to the schools, who know the buildings, rather than the community at large. Experts in ventilation, epidemiology, behavioral science, and early childhood brief the council. The district or county convenes it in April 2020, before the fall decision, and recruits members to reflect its families. Members meet over four to eight weeks and work from a written map of what each field knows and does not know. The council's product is a ranked set of options, such as outdoor classes, ventilation upgrades, and returning the youngest grades first, with costs attached. The board keeps the decision but publishes the options and its reasons. In 2020, large urban districts chose between open and closed with no such option set, and the constraints differed sharply from one district to the next. When and where: April to July 2020, touching the fall 2020 modality choice and the building-safety investments (ventilation, outdoor space, prioritizing the youngest grades) that determined what safe reopening could mean. The January 2021 evidence that in-person school with mitigation was not typically associated with rapid spread arrived after the fall decision; this proposal is a machine for generating that knowledge locally, six months earlier. (District or county level, in the large urban districts that chose remote-only fall starts)",,,#/case/covid-schools/spine/pr/1
COVID-19 School Closures and Reopenings,Proposal outcome,,,"A council of parents, teachers, and experts designs the reopening plan -> People who know the buildings design reopening plans that fit each school, which builds trust between parents and teachers, keeps teachers, and cuts chronic absenteeism.",,,,Chronic absenteeism stayed high,,,,,"People who know the buildings design reopening plans that fit each school, which builds trust between parents and teachers, keeps teachers, and cuts chronic absenteeism.",,,#/case/covid-schools/spine/pr/1/out
COVID-19 School Closures and Reopenings,Proposal claim,,,"A council of parents, teachers, and experts designs the reopening plan -> People who know the buildings design reopening plans that fit each school, which builds trust between parents and teachers, keeps teachers, and cuts chronic absenteeism. -> People who know the building put options on the table that an open-or-closed debate misses.",,,,,,,,,People who know the building put options on the table that an open-or-closed debate misses.,,,#/case/covid-schools/spine/pr/1/cl/0
COVID-19 School Closures and Reopenings,Proposal claim evidence,,,"A council of parents, teachers, and experts designs the reopening plan -> People who know the buildings design reopening plans that fit each school, which builds trust between parents and teachers, keeps teachers, and cuts chronic absenteeism. -> People who know the building put options on the table that an open-or-closed debate misses.",,moderate,,,,,"Suiter, Farrell, Harris and Murphy 2022, Political Studies Review",https://doi.org/10.1177/14789299211020909,"Experts spoke in more complex terms to a citizens' assembly than to a parliamentary committee, and the citizens engaged the subject more deeply. Coding the transcripts of an Irish citizens’ assembly and a parliamentary committee that took up the same question, the authors find that “experts display higher levels of cognitive complexity when addressing the Citizens’ Assembly than the Oireachtas Committee”, and that assembly members showed a deeper grasp of the subject. The analysis covers 861 speech acts. It measures how people talk, not what options a body produces, and it comes from a different policy area than reopening.",experts display higher levels of cognitive complexity when addressing the Citizens' Assembly than the Oireachtas Committee,,#/case/covid-schools/spine/pr/1/cl/0/ev/0
COVID-19 School Closures and Reopenings,Proposal claim counter-evidence,,,"A council of parents, teachers, and experts designs the reopening plan -> People who know the buildings design reopening plans that fit each school, which builds trust between parents and teachers, keeps teachers, and cuts chronic absenteeism. -> People who know the building put options on the table that an open-or-closed debate misses.",,moderate,,,,,"Einstein, Palmer and Glick 2019, Perspectives on Politics",https://doi.org/10.1017/S153759271800213X,"The residents who turn up to local meetings are older, longtime homeowners, and they mostly show up to block things. Coding thousands of instances of residents speaking at planning and zoning meetings and matching speakers to the voter file, the authors find that “individuals who are older, male, longtime residents, voters in local elections, and homeowners are significantly more likely to participate in these meetings”, and that these speakers overwhelmingly oppose new construction. A council built from whoever comes forward can narrow the option set rather than widen it.","individuals who are older, male, longtime residents, voters in local elections, and homeowners are significantly more likely to participate in these meetings",,#/case/covid-schools/spine/pr/1/cl/0/cev/0
COVID-19 School Closures and Reopenings,Proposal case study,,,"A council of parents, teachers, and experts designs the reopening plan -> People who know the buildings design reopening plans that fit each school, which builds trust between parents and teachers, keeps teachers, and cuts chronic absenteeism. -> People who know the building put options on the table that an open-or-closed debate misses.",,weak,,,05/2020,United Kingdom,Ada Lovelace Institute,https://www.adalovelaceinstitute.org/project/rapid-online-deliberation-on-covid-19-technologies/,"Ada Lovelace Rapid Online Deliberation (Advisory, pre-rollout): The Ada Lovelace Institute convened 28 members of the public online during the lockdown and, within the month, “this mini public provided four strong steers on how to build COVID-19 technologies with legitimacy”. The project measured no policy outcome, and the participants were members of the public rather than people who ran the institutions at issue.",,,#/case/covid-schools/spine/pr/1/cl/0/cs/0
COVID-19 School Closures and Reopenings,Proposal case study,,,"A council of parents, teachers, and experts designs the reopening plan -> People who know the buildings design reopening plans that fit each school, which builds trust between parents and teachers, keeps teachers, and cuts chronic absenteeism. -> People who know the building put options on the table that an open-or-closed debate misses.",,weak,,,Late 1990s,Texas,National Civic League,https://www.nationalcivicleague.org/ncr-article/deliberative-polling-and-the-rise-of-wind-power-in-texas/,"Texas Utility Deliberative Polls (Advisory to eight utilities): “Eight electric utility companies in Texas participated in an ambitious experiment in public consultation”, bringing ratepayers together with experts. Participants favored renewables, and the results “suggested that ratepayers might even be willing to pay extra” for them. A 1999 law “required all for-profit electricity providers to obtain about three percent of their electricity supply from renewable energy sources”, and Texas is now the biggest generator of wind power in the country. No study shows how much the polls caused the law.",,,#/case/covid-schools/spine/pr/1/cl/0/cs/1
COVID-19 School Closures and Reopenings,Proposal case study,,,"A council of parents, teachers, and experts designs the reopening plan -> People who know the buildings design reopening plans that fit each school, which builds trust between parents and teachers, keeps teachers, and cuts chronic absenteeism. -> People who know the building put options on the table that an open-or-closed debate misses.",,weak,,,2003,United Kingdom,Open University,https://www.open.edu/openlearn/science-maths-technology/achieving-public-dialogue/content-section-4,"UK Genetically Modified Crops Public Debate (Government commissioned, advisory, no connection to the policy decision): The debate ran “six major ‘regional’ debates, designed to be the stimulus for a cascade of ‘second and third tier’ open access meetings”, drawing about 37,000 feedback forms, alongside ten recruited groups. It found that “people are generally uneasy about GM” and that “there was little support for early commercialization”. There was “a lack of any clear or agreed link between this process of public engagement and the UK Government’s emerging policy”, which “contributed to a sense of cynicism amongst participants about the purposes of the exercise”. The recruited groups reached different positions from the self-selected meetings.",,,#/case/covid-schools/spine/pr/1/cl/0/cs/2
COVID-19 School Closures and Reopenings,Proposal claim,,,"A council of parents, teachers, and experts designs the reopening plan -> People who know the buildings design reopening plans that fit each school, which builds trust between parents and teachers, keeps teachers, and cuts chronic absenteeism. -> Ventilation and outdoor instruction make in-person school safer.",,,,,,,,,Ventilation and outdoor instruction make in-person school safer.,,,#/case/covid-schools/spine/pr/1/cl/1
COVID-19 School Closures and Reopenings,Proposal claim evidence,,,"A council of parents, teachers, and experts designs the reopening plan -> People who know the buildings design reopening plans that fit each school, which builds trust between parents and teachers, keeps teachers, and cuts chronic absenteeism. -> Ventilation and outdoor instruction make in-person school safer.",,moderate,,,,,"Buonanno, Ricolfi, Morawska and Stabile 2022, Frontiers in Public Health",https://doi.org/10.3389/fpubh.2022.1087087,"Italian classrooms with mechanical ventilation saw far fewer student infections than classrooms with open windows alone. Across 205,347 students in more than 10,000 classrooms in Italy’s Marche region, 316 of them fitted with mechanical ventilation, “the relative risk of infection of students decreased at least by 74% compared with a classroom with only natural ventilation”. The ventilated schools applied for a regional funding program, so they chose themselves into the comparison.",the relative risk of infection of students decreased at least by 74% compared with a classroom with only natural ventilation,,#/case/covid-schools/spine/pr/1/cl/1/ev/0
COVID-19 School Closures and Reopenings,Proposal claim evidence,,,"A council of parents, teachers, and experts designs the reopening plan -> People who know the buildings design reopening plans that fit each school, which builds trust between parents and teachers, keeps teachers, and cuts chronic absenteeism. -> Ventilation and outdoor instruction make in-person school safer.",,strong,,,,,"Littlecott, Krishnaratne and colleagues 2024, Cochrane Database of Systematic Reviews",https://doi.org/10.1002/14651858.CD015029.pub2,"Reviewing the school measures used worldwide, ventilation probably lowered infections among staff and students. A review of measures used to keep schools open during the pandemic reports that “moderate-certainty evidence showed that ventilation measures probably reduce cases among staff and students”, alongside weaker evidence on masks. The reviewers rate most of the underlying studies as low or very low certainty, and they did not assess outdoor instruction.",Moderate-certainty evidence showed that ventilation measures probably reduce cases among staff and students.,,#/case/covid-schools/spine/pr/1/cl/1/ev/1
COVID-19 School Closures and Reopenings,Proposal claim evidence,,,"A council of parents, teachers, and experts designs the reopening plan -> People who know the buildings design reopening plans that fit each school, which builds trust between parents and teachers, keeps teachers, and cuts chronic absenteeism. -> Ventilation and outdoor instruction make in-person school safer.",,moderate,,,,,"Bulfone, Malekinejad, Rutherford and Razani 2021, Journal of Infectious Diseases",https://doi.org/10.1093/infdis/jiaa742,"Infections spread far less often outdoors than indoors. A review of transmission reports found that “a low proportion of reported global SARS-CoV-2 infections occurred outdoors (<10%) and the odds of indoor transmission was very high compared to outdoors (18.7 times; 95% confidence interval, 6.0-57.9)”. The included studies vary widely in quality and in what counts as outdoors, and none is about schools.","Five identified studies found a low proportion of reported global SARS-CoV-2 infections occurred outdoors (<10%) and the odds of indoor transmission was very high compared to outdoors (18.7 times; 95% confidence interval, 6.0-57.9).",,#/case/covid-schools/spine/pr/1/cl/1/ev/2
COVID-19 School Closures and Reopenings,Proposal case study,,,"A council of parents, teachers, and experts designs the reopening plan -> People who know the buildings design reopening plans that fit each school, which builds trust between parents and teachers, keeps teachers, and cuts chronic absenteeism. -> Ventilation and outdoor instruction make in-person school safer.",,moderate,,,2021-2022,Italy,"Buonanno, Ricolfi, Morawska and Stabile 2022, Frontiers in Public Health",https://doi.org/10.3389/fpubh.2022.1087087,"Marche Region Classroom Ventilation Program (Regional engineering program, no deliberative component): The region funded mechanical ventilation in 316 classrooms across 56 schools, and students in those classrooms had at least 74 percent lower relative risk of infection than students in classrooms relying on open windows. It is the engineering half of the proposal without the participation half, and the schools applied for the funding themselves.",,,#/case/covid-schools/spine/pr/1/cl/1/cs/0
COVID-19 School Closures and Reopenings,Proposal case study,,,"A council of parents, teachers, and experts designs the reopening plan -> People who know the buildings design reopening plans that fit each school, which builds trust between parents and teachers, keeps teachers, and cuts chronic absenteeism. -> Ventilation and outdoor instruction make in-person school safer.",,moderate,,,05/2020,Israel,"Stein-Zamir and colleagues 2020, Eurosurveillance",https://doi.org/10.2807/1560-7917.ES.2020.25.29.2001352,"Jerusalem High School Outbreak (Ministry of Health epidemiological investigation): “Schools fully reopened on 17 May 2020. Ten days later, a major outbreak of coronavirus disease (COVID-19) occurred in a high school.” Testing the whole school community found 153 students and 25 staff infected. The investigation reported crowded classes of 35 to 38 students, a masking exemption during an extreme heatwave, and continuous air conditioning in all classes. It shows what reopening without distancing, masks, or fresh air produced in one crowded school.",,,#/case/covid-schools/spine/pr/1/cl/1/cs/1
COVID-19 School Closures and Reopenings,Proposal claim,,,"A council of parents, teachers, and experts designs the reopening plan -> People who know the buildings design reopening plans that fit each school, which builds trust between parents and teachers, keeps teachers, and cuts chronic absenteeism. -> Plans designed close to the school fit its local constraints.",,,,,,,,,Plans designed close to the school fit its local constraints.,,,#/case/covid-schools/spine/pr/1/cl/2
COVID-19 School Closures and Reopenings,Proposal claim evidence,,,"A council of parents, teachers, and experts designs the reopening plan -> People who know the buildings design reopening plans that fit each school, which builds trust between parents and teachers, keeps teachers, and cuts chronic absenteeism. -> Plans designed close to the school fit its local constraints.",,strong,,,,,"Duflo, Dupas and Kremer 2015, Journal of Public Economics",https://doi.org/10.1016/j.jpubeco.2014.11.008,"Kenyan schools whose parent committees hired their own teachers saw test scores rise, and training parents curbed jobs going to relatives. School committees at randomly chosen Kenyan schools got funds to hire a teacher locally on a performance-based contract, and scores rose for the students those teachers taught. Existing teachers steered about a third of the posts to their own relatives, but “a governance program that empowered parents within school committees reduced both forms of capture”.",A governance program that empowered parents within school committees reduced both forms of capture.,,#/case/covid-schools/spine/pr/1/cl/2/ev/0
COVID-19 School Closures and Reopenings,Proposal claim evidence,,,"A council of parents, teachers, and experts designs the reopening plan -> People who know the buildings design reopening plans that fit each school, which builds trust between parents and teachers, keeps teachers, and cuts chronic absenteeism. -> Plans designed close to the school fit its local constraints.",,strong,,,,,"Pradhan and colleagues 2014, American Economic Journal: Applied Economics",https://doi.org/10.1257/app.6.2.105,"Indonesian school committees improved learning most when they planned jointly with the village council. A large experiment compared ways to strengthen school committees. “We find that institutional reforms, in particular linkage and elections combined with linkage, are most cost-effective at improving learning.” Grants and training alone did less. A school body works best when it is tied to the authority that holds the decision, which is what this proposal asks of the board.","We find that institutional reforms, in particular linkage and elections combined with linkage, are most cost-effective at improving learning.",,#/case/covid-schools/spine/pr/1/cl/2/ev/1
COVID-19 School Closures and Reopenings,Proposal claim evidence,,,"A council of parents, teachers, and experts designs the reopening plan -> People who know the buildings design reopening plans that fit each school, which builds trust between parents and teachers, keeps teachers, and cuts chronic absenteeism. -> Plans designed close to the school fit its local constraints.",,moderate,,,,,"Faguet 2004, Journal of Public Economics",https://doi.org/10.1016/S0047-2727(02)00185-8,"After Bolivia handed budget power to its towns, investment shifted toward the services each place lacked. After Bolivia devolved resources to municipalities, public investment changed in education, agriculture, urban development, water, and sanitation. Need predicted where it went: “By far the most important determinant of these changes are objective indicators of social need (for example, education investment rises where illiteracy is higher).” The study covers town budgets, not school plans.","By far the most important determinant of these changes are objective indicators of social need (for example, education investment rises where illiteracy is higher).",,#/case/covid-schools/spine/pr/1/cl/2/ev/2
COVID-19 School Closures and Reopenings,Proposal claim evidence,,,"A council of parents, teachers, and experts designs the reopening plan -> People who know the buildings design reopening plans that fit each school, which builds trust between parents and teachers, keeps teachers, and cuts chronic absenteeism. -> Plans designed close to the school fit its local constraints.",,moderate,,,,,"Schueler, Miller and Reynolds 2025, American Educational Research Journal",https://doi.org/10.3102/00028312251348247,"In Virginia, politics shaped whether schools opened in person, but much less how schools ran once open. Across a whole state, “partisanship and racial composition were similarly predictive of initial in-person offerings, but partisanship was less predictive over time, and school operational decisions were less politicized than modality”. The operational planning a design council would do was less captured by politics than the open-or-closed choice.","Partisanship and racial composition were similarly predictive of initial in-person offerings, but partisanship was less predictive over time, and school operational decisions were less politicized than modality.",,#/case/covid-schools/spine/pr/1/cl/2/ev/3
COVID-19 School Closures and Reopenings,Proposal claim counter-evidence,,,"A council of parents, teachers, and experts designs the reopening plan -> People who know the buildings design reopening plans that fit each school, which builds trust between parents and teachers, keeps teachers, and cuts chronic absenteeism. -> Plans designed close to the school fit its local constraints.",,moderate,,,,,"Grossmann, Reckhow, Strunk and Turner 2021, Educational Researcher",https://doi.org/10.3102/0013189X211048840,"States handed the fall decision to districts, and districts followed partisanship and union strength instead of the virus. Analyzing state policies and the reopening plans of 823 Michigan districts, the authors find that “decisions were more tied to local political partisanship and union strength than to COVID-19 severity”, and that governors closed schools in the spring but left the fall choice to districts regardless of party. This is the link that failed when the decision moved close to the school.",decisions were more tied to local political partisanship and union strength than to COVID-19 severity,,#/case/covid-schools/spine/pr/1/cl/2/cev/0
COVID-19 School Closures and Reopenings,Proposal claim counter-evidence,,,"A council of parents, teachers, and experts designs the reopening plan -> People who know the buildings design reopening plans that fit each school, which builds trust between parents and teachers, keeps teachers, and cuts chronic absenteeism. -> Plans designed close to the school fit its local constraints.",,moderate,,,,,"Hartney and Finger 2022, Perspectives on Politics",https://doi.org/10.1017/S1537592721000955,"Across the country, reopening choices had little to do with how bad the virus was locally. Across more than 10,000 districts, Republican-leaning districts were far more likely to open in person and districts with stronger unions leaned remote. “Notably, we find little connection between reopening decisions and indicators measuring the severity of the virus.”","Notably, we find little connection between reopening decisions and indicators measuring the severity of the virus.",,#/case/covid-schools/spine/pr/1/cl/2/cev/1
COVID-19 School Closures and Reopenings,Proposal claim counter-evidence,,,"A council of parents, teachers, and experts designs the reopening plan -> People who know the buildings design reopening plans that fit each school, which builds trust between parents and teachers, keeps teachers, and cuts chronic absenteeism. -> Plans designed close to the school fit its local constraints.",,strong,,,,,"Beath, Christia and Enikolopov 2017, Journal of Development Economics",https://doi.org/10.1016/j.jdeveco.2016.10.001,"When Afghan villages chose projects in meetings instead of secret ballots, local elites had more say over what got built. Villages were assigned at random to choose projects by secret ballot or by consultation meeting. “We find that referenda reduce the influence of local elites over both project type and location.” The meeting format, which is the format this proposal uses, left elites more room.",We find that referenda reduce the influence of local elites over both project type and location.,,#/case/covid-schools/spine/pr/1/cl/2/cev/2
COVID-19 School Closures and Reopenings,Proposal claim counter-evidence,,,"A council of parents, teachers, and experts designs the reopening plan -> People who know the buildings design reopening plans that fit each school, which builds trust between parents and teachers, keeps teachers, and cuts chronic absenteeism. -> Plans designed close to the school fit its local constraints.",,strong,,,,,"Galiani, Gertler and Schargrodsky 2008, Journal of Public Economics",https://doi.org/10.1016/j.jpubeco.2008.05.004,"When Argentina moved secondary schools to provincial control, test scores rose overall but the gains skipped poor communities. “We find that decentralization had an overall positive impact on student test scores. The decentralization gains, however, did not reach the poor.” Moving a decision closer to a community helps where that community can press its case, and can leave the weakest places behind.","We find that decentralization had an overall positive impact on student test scores. The decentralization gains, however, did not reach the poor.",,#/case/covid-schools/spine/pr/1/cl/2/cev/3
COVID-19 School Closures and Reopenings,Proposal case study,,,"A council of parents, teachers, and experts designs the reopening plan -> People who know the buildings design reopening plans that fit each school, which builds trust between parents and teachers, keeps teachers, and cuts chronic absenteeism. -> Plans designed close to the school fit its local constraints.",,moderate,,,2020,United States,"Grossmann, Reckhow, Strunk and Turner 2021, Educational Researcher",https://doi.org/10.3102/0013189X211048840,"US Fall 2020 Delegation to School Districts (48 states left the fall instructional mode to districts): “In 25 states with Republican governors and 23 states with Democratic governors, decisions about instructional modalities for fall 2020 were left to local school districts”, with only Arkansas and New Jersey setting a statewide mode. This is not an outside analog; it is what happened in this case, and it is the proposal’s nearest real trial. District decisions then tracked partisanship and union strength more closely than COVID-19 severity.",,,#/case/covid-schools/spine/pr/1/cl/2/cs/0
COVID-19 School Closures and Reopenings,Proposal claim,,,"A council of parents, teachers, and experts designs the reopening plan -> People who know the buildings design reopening plans that fit each school, which builds trust between parents and teachers, keeps teachers, and cuts chronic absenteeism. -> Teachers who have a say in school decisions are more likely to stay.",,,,,,,,,Teachers who have a say in school decisions are more likely to stay.,,,#/case/covid-schools/spine/pr/1/cl/3
COVID-19 School Closures and Reopenings,Proposal claim evidence,,,"A council of parents, teachers, and experts designs the reopening plan -> People who know the buildings design reopening plans that fit each school, which builds trust between parents and teachers, keeps teachers, and cuts chronic absenteeism. -> Teachers who have a say in school decisions are more likely to stay.",,moderate,,,,,"Ingersoll 2001, American Educational Research Journal",https://doi.org/10.3102/00028312038003499,"Schools where teachers had more say over school policies and their own classrooms lost fewer teachers. Across a national sample of schools, turnover was lower where teachers reported more influence, after accounting for salaries and school characteristics. “Finally, as shown in model 6, schools with higher levels of faculty decision-making influence and autonomy have lower levels of turnover.” The influence measure blends control of one’s own classroom with a say in school policy.","Finally, as shown in model 6, schools with higher levels of faculty decision-making influence and autonomy have lower levels of turnover.",,#/case/covid-schools/spine/pr/1/cl/3/ev/0
COVID-19 School Closures and Reopenings,Proposal claim evidence,,,"A council of parents, teachers, and experts designs the reopening plan -> People who know the buildings design reopening plans that fit each school, which builds trust between parents and teachers, keeps teachers, and cuts chronic absenteeism. -> Teachers who have a say in school decisions are more likely to stay.",,moderate,,,,,"Johnson, Kraft and Papay 2012, Teachers College Record",https://doi.org/10.1177/016146811211401004,"Teachers who had a real role in school decisions were less likely to plan to leave their school. In a statewide teacher survey, teachers planned to stay longer where working conditions were better. “According to their survey responses, teachers attend to a wide range of working conditions, such as having sufficient time to meet their responsibilities, having the support of families and the broader community for their work with students, and being involved in making decisions about school governance.” The outcome is stated intention, not actual departure.","According to their survey responses, teachers attend to a wide range of working conditions, such as having sufficient time to meet their responsibilities, having the support of families and the broader community for their work with students, and being involved in making decisions about school governance.",,#/case/covid-schools/spine/pr/1/cl/3/ev/1
COVID-19 School Closures and Reopenings,Proposal claim counter-evidence,,,"A council of parents, teachers, and experts designs the reopening plan -> People who know the buildings design reopening plans that fit each school, which builds trust between parents and teachers, keeps teachers, and cuts chronic absenteeism. -> Teachers who have a say in school decisions are more likely to stay.",,moderate,,,,,"Grissom 2012, American Review of Public Administration",https://doi.org/10.1177/0275074011404209,"Under weak principals, teachers with more say over school policy left more often, not less. In a national sample of about 6,300 schools, the effect of teacher influence depended on the principal. “While employees are less likely to turn over under effective managers regardless of their degree of organizational policy influence, under ineffective managers turnover increases as employees’ perceived influence increases.” A council working alongside strained leadership may not keep teachers.","While employees are less likely to turn over under effective managers regardless of their degree of organizational policy influence, under ineffective managers turnover increases as employees' perceived influence increases.",,#/case/covid-schools/spine/pr/1/cl/3/cev/0
COVID-19 School Closures and Reopenings,Proposal claim counter-evidence,,,"A council of parents, teachers, and experts designs the reopening plan -> People who know the buildings design reopening plans that fit each school, which builds trust between parents and teachers, keeps teachers, and cuts chronic absenteeism. -> Teachers who have a say in school decisions are more likely to stay.",,moderate,,,,,"Ladd 2011, Educational Evaluation and Policy Analysis",https://doi.org/10.3102/0162373711398128,"Elementary and middle school teachers who had more authority over school decisions were no more likely to stay. A statewide study linked every teacher’s survey to whether they later left. The author reports “no statistically significant evidence of lower planned departure rates emerges at the elementary or middle school levels when teachers have more decision making authority”, once school characteristics are accounted for. Only in high schools did it predict staying, and school leadership mattered most.","Interestingly given current policy interest in empowering teachers, no statistically significant evidence of lower planned departure rates emerges at the elementary or middle school levels when teachers have more decision making authority (as measured by the teacher empowerment factor), after the school’s measurable characteristics have been controlled for.",,#/case/covid-schools/spine/pr/1/cl/3/cev/1
COVID-19 School Closures and Reopenings,Proposal claim,,,"A council of parents, teachers, and experts designs the reopening plan -> People who know the buildings design reopening plans that fit each school, which builds trust between parents and teachers, keeps teachers, and cuts chronic absenteeism. -> Parents and teachers who plan together build stronger relationships.",,,,,,,,,Parents and teachers who plan together build stronger relationships.,,,#/case/covid-schools/spine/pr/1/cl/4
COVID-19 School Closures and Reopenings,Proposal claim evidence,,,"A council of parents, teachers, and experts designs the reopening plan -> People who know the buildings design reopening plans that fit each school, which builds trust between parents and teachers, keeps teachers, and cuts chronic absenteeism. -> Parents and teachers who plan together build stronger relationships.",,strong,,,,,"Sheridan and colleagues 2017, Journal of School Psychology",https://doi.org/10.1016/j.jsp.2016.12.002,"When parents and teachers worked through a child's school problems together, teachers reported stronger relationships with those parents. In rural schools, families and teachers were assigned at random to a model where parent and teacher jointly address concerns they share about a student. Children’s behavior improved more than in the comparison group, and “teacher responses indicated significantly different rates of improvement in their relationship with parents”. The planning is about one child, not school policy, and only teachers were asked.","In addition, teacher responses indicated significantly different rates of improvement in their relationship with parents in favor of the CBC group.",,#/case/covid-schools/spine/pr/1/cl/4/ev/0
COVID-19 School Closures and Reopenings,Proposal claim evidence,,,"A council of parents, teachers, and experts designs the reopening plan -> People who know the buildings design reopening plans that fit each school, which builds trust between parents and teachers, keeps teachers, and cuts chronic absenteeism. -> Parents and teachers who plan together build stronger relationships.",,moderate,,,,,"Adams, Forsyth and Mitchell 2009, Educational Administration Quarterly",https://doi.org/10.1177/0013161X08327550,"Parents trusted their children's schools more where they felt parents had real influence over school decisions. Surveying parents across 79 schools, the authors find that “affective norms of parent perceived influence on school decisions” had larger effects on parent trust in the school than poverty, school size, or ethnic makeup. Influence here is what parents perceive, measured at one point in time.","Affective norms of parent perceived influence on school decisions (β 5j = 5.0, p < .01) and school identification (β 4j = 2.7, p < .01) had larger individual effects on parent-school trust than contextual conditions.",,#/case/covid-schools/spine/pr/1/cl/4/ev/1
COVID-19 School Closures and Reopenings,Proposal claim counter-evidence,,,"A council of parents, teachers, and experts designs the reopening plan -> People who know the buildings design reopening plans that fit each school, which builds trust between parents and teachers, keeps teachers, and cuts chronic absenteeism. -> Parents and teachers who plan together build stronger relationships.",,strong,,,,,"Gamoran, Turley, Turner and Fish 2012, Research in Social Stratification and Mobility",https://doi.org/10.1016/j.rssm.2011.08.001,"A program that brought families and school staff together built ties among parents but not between parents and staff. Schools were assigned at random to a program designed to build trust among parents, teachers, and children. After the first year, “table 2 points towards meaningful differences between FAST and control schools in both indicators for relationships among parents but neither indicator of relationships between parents and school staff”. The program is shared activity rather than joint planning.",Table 2 points towards meaningful differences between FAST and control schools in both indicators for relationships among parents but neither indicator of relationships between parents and school staff.,,#/case/covid-schools/spine/pr/1/cl/4/cev/0
COVID-19 School Closures and Reopenings,Proposal case study,,,"A council of parents, teachers, and experts designs the reopening plan -> People who know the buildings design reopening plans that fit each school, which builds trust between parents and teachers, keeps teachers, and cuts chronic absenteeism. -> Parents and teachers who plan together build stronger relationships.",,weak,,,1980s,United States,"Malen and Ogawa 1988, Educational Evaluation and Policy Analysis",https://doi.org/10.3102/01623737010004251,"Salt Lake City Site-Based Councils (Formal shared governance with parity seats): The councils had broad authority, equal seats for parents and teachers, and training. Even so, “despite the existence of these highly favorable arrangements, teachers and parents did not wield significant influence on significant issues in these decision arenas”. Norms of civility and principal control turned them into auxiliary units. It is a warning about how this council must be designed.",,,#/case/covid-schools/spine/pr/1/cl/4/cs/0
COVID-19 School Closures and Reopenings,Proposal claim,,,"A council of parents, teachers, and experts designs the reopening plan -> People who know the buildings design reopening plans that fit each school, which builds trust between parents and teachers, keeps teachers, and cuts chronic absenteeism. -> Schools that work closely with families see fewer chronic absences.",,,,,,,,,Schools that work closely with families see fewer chronic absences.,,,#/case/covid-schools/spine/pr/1/cl/5
COVID-19 School Closures and Reopenings,Proposal claim evidence,,,"A council of parents, teachers, and experts designs the reopening plan -> People who know the buildings design reopening plans that fit each school, which builds trust between parents and teachers, keeps teachers, and cuts chronic absenteeism. -> Schools that work closely with families see fewer chronic absences.",,strong,,,,,"Avvisati, Gurgand, Guyon and Maurin 2014, Review of Economic Studies",https://doi.org/10.1093/restud/rdt027,"When middle schools invited parents to meetings on how to get involved, parents got more involved and their children skipped school less. Schools in a deprived district near Paris invited parents to a short series of meetings, assigned at random. “At the end of the school year, we find that treated families have increased their school-and home-based involvement activities. In turn, pupils of treatment classes have developed more positive behaviour and attitudes in school, notably in terms of truancy and disciplinary sanctions.” Test scores did not move, and the outcome is truancy rather than chronic absence.","At the end of the school year, we find that treated families have increased their school-and home-based involvement activities. In turn, pupils of treatment classes have developed more positive behaviour and attitudes in school, notably in terms of truancy and disciplinary sanctions (with effects-size around 15% of a standard deviation).",,#/case/covid-schools/spine/pr/1/cl/5/ev/0
COVID-19 School Closures and Reopenings,Proposal claim evidence,,,"A council of parents, teachers, and experts designs the reopening plan -> People who know the buildings design reopening plans that fit each school, which builds trust between parents and teachers, keeps teachers, and cuts chronic absenteeism. -> Schools that work closely with families see fewer chronic absences.",,moderate,,,,,"Cook, Dodge, Gifford and Schulting 2017, Children and Youth Services Review",https://doi.org/10.1016/j.childyouth.2017.09.017,"When first and second grade teachers visited families at home and kept in regular touch, fewer of their students piled up absences. Teachers made home visits to build a working relationship with families, stayed in contact, and stepped in early when absences started. Across five high-poverty schools, the program “significantly reduced the prevalence of absenteeism without excessively burdening teachers”. It is a pilot, with classrooms assigned by grade within each school.",Our analysis of attendance data indicated that ETPP significantly reduced the prevalence of absenteeism without excessively burdening teachers.,,#/case/covid-schools/spine/pr/1/cl/5/ev/1
COVID-19 School Closures and Reopenings,Proposal claim evidence,,,"A council of parents, teachers, and experts designs the reopening plan -> People who know the buildings design reopening plans that fit each school, which builds trust between parents and teachers, keeps teachers, and cuts chronic absenteeism. -> Schools that work closely with families see fewer chronic absences.",,moderate,,,,,"Sheldon 2007, Journal of Educational Research",https://doi.org/10.3200/JOER.100.5.267-275,"Elementary schools that built partnership programs with families saw attendance rise while other schools slipped. “Analyses showed that in schools working to implement school, family, and community partnerships, student attendance improved an average of 0.5%, whereas in comparison schools, rates of student attendance declined slightly from 1 year to the next.” Schools chose to join the network, so the comparison is not clean, and the measure is daily attendance rather than chronic absence.","Analyses showed that in schools working to implement school, family, and community partnerships, student attendance improved an average of 0.5%, whereas in comparison schools, rates of student attendance declined slightly from 1 year to the next.",,#/case/covid-schools/spine/pr/1/cl/5/ev/2
COVID-19 School Closures and Reopenings,Proposal claim evidence,,,"A council of parents, teachers, and experts designs the reopening plan -> People who know the buildings design reopening plans that fit each school, which builds trust between parents and teachers, keeps teachers, and cuts chronic absenteeism. -> Schools that work closely with families see fewer chronic absences.",,strong,,,,,"Robinson, Lee, Dearing and Rogers 2018, American Educational Research Journal",https://doi.org/10.3102/0002831218772274,"Mailing parents their child's absence count cut chronic absence across ten districts. Repeated mailings told parents how many days their child had missed and corrected common beliefs about early attendance. “The intervention decreased chronic absenteeism by 15%.” This is one-way mail, so it shows reaching parents works, not that working closely with them does.",The intervention decreased chronic absenteeism by 15%.,,#/case/covid-schools/spine/pr/1/cl/5/ev/3
COVID-19 School Closures and Reopenings,Proposal claim counter-evidence,,,"A council of parents, teachers, and experts designs the reopening plan -> People who know the buildings design reopening plans that fit each school, which builds trust between parents and teachers, keeps teachers, and cuts chronic absenteeism. -> Schools that work closely with families see fewer chronic absences.",,strong,,,,,"Guryan and colleagues 2021, Journal of Policy Analysis and Management",https://doi.org/10.1002/pam.22264,"A mentoring program that checked on students and kept in touch with families did nothing for children in the early grades. In a large trial pairing students with mentors who monitored attendance and kept up contact with home, “program participation decreased absences in grades 5 to 7 by 4.2 days, or 22.9 percent, but had no detectable effects on students in grades 1 to 4”. Grades and test scores did not improve either.","Program participation decreased absences in grades 5 to 7 by 4.2 days, or 22.9 percent, but had no detectable effects on students in grades 1 to 4.",,#/case/covid-schools/spine/pr/1/cl/5/cev/0
COVID-19 School Closures and Reopenings,Proposal claim counter-evidence,,,"A council of parents, teachers, and experts designs the reopening plan -> People who know the buildings design reopening plans that fit each school, which builds trust between parents and teachers, keeps teachers, and cuts chronic absenteeism. -> Schools that work closely with families see fewer chronic absences.",,strong,,,,,"Berger and colleagues 2025, Journal of Research on Educational Effectiveness",https://doi.org/10.1080/19345747.2025.2537112,"When six districts sent parents personalized absence messages themselves, absences fell only slightly. Across six districts and more than 78,000 students, districts ran the messages themselves rather than researchers. “We find that the personalized messages reduced student absences by 1.9%”, far less than earlier trials promised. Light-touch outreach shrinks when a district runs it at scale.","We find that the personalized messages reduced student absences by 1.9% (95% CI, 0.6 − 3.1%).",,#/case/covid-schools/spine/pr/1/cl/5/cev/1
COVID-19 School Closures and Reopenings,Proposed intervention (spine),,,,,,Proactive Data Disclosure,,,,,,"Publish local case, hospital, and school data early: Require state health departments, jointly with state education agencies, to publish county-level case, hospitalization, death, and school-operating-mode data every week from March 2020. Each release carries a plain statement of what is known and what is not. The duty falls on the agencies. The public’s role is as reader, and any resident, journalist, or school board can use the same figures. Publication is mandatory and on a fixed schedule, and the agencies must publish their uncertainty and revise openly. Statewide health orders stay in place. This is a transparency measure, not a participation right. It sits on the map because the other proposals depend on it: in 2020 no federal school-mode dataset existed, the COVID-19 School Data Hub launched only in September 2021, and newspapers filled the county-data gap. When and where: March to June 2020, so a shared local data layer exists before the July 2020 politicization and the fall modality decisions. No federal school-mode dataset existed; the COVID-19 School Data Hub launched in September 2021. The intervention point is the first eighteen months of that vacuum. (State health departments jointly with state education agencies)",,,#/case/covid-schools/spine/pr/2
COVID-19 School Closures and Reopenings,Proposal outcome,,,"Publish local case, hospital, and school data early -> Shared local data holds confidence in public schools.",,,,Confidence in public schools fell,,,,,Shared local data holds confidence in public schools.,,,#/case/covid-schools/spine/pr/2/out
COVID-19 School Closures and Reopenings,Proposal claim,,,"Publish local case, hospital, and school data early -> Shared local data holds confidence in public schools. -> Local data can be published from the first weeks, and no one else fills the gap.",,,,,,,,,"Local data can be published from the first weeks, and no one else fills the gap.",,,#/case/covid-schools/spine/pr/2/cl/0
COVID-19 School Closures and Reopenings,Proposal claim evidence,,,"Publish local case, hospital, and school data early -> Shared local data holds confidence in public schools. -> Local data can be published from the first weeks, and no one else fills the gap.",,moderate,,,,,Brown University,https://www.brown.edu/news/2021-09-15/hub,"A university team, not the government, published school operating data eighteen months into the pandemic. The COVID-19 School Data Hub, led by an economist at Brown and paid for by private grants, launched in September 2021 with learning-mode and case data for more than 55,000 schools in 30 states and the District of Columbia. Its lead said she built it because governments were not providing the data: “We have federal data on school operations for only the largest districts in the country”.",We have federal data on school operations for only the largest districts in the country,,#/case/covid-schools/spine/pr/2/cl/0/ev/0
COVID-19 School Closures and Reopenings,Proposal case study,,,"Publish local case, hospital, and school data early -> Shared local data holds confidence in public schools. -> Local data can be published from the first weeks, and no one else fills the gap.",,moderate,,,09/2021,Brown University,Brown University,https://www.brown.edu/news/2021-09-15/hub,"COVID-19 School Data Hub (Private substitution for a missing federal function): A grant-funded university team launched school-by-school data on learning mode and COVID-19 cases for more than 55,000 schools in 30 states and the District of Columbia, filling a missing federal function. The team used it for an early study linking learning mode to Virginia test scores. No study measures its effect on public trust.",,,#/case/covid-schools/spine/pr/2/cl/0/cs/0
COVID-19 School Closures and Reopenings,Proposal case study,,,"Publish local case, hospital, and school data early -> Shared local data holds confidence in public schools. -> Local data can be published from the first weeks, and no one else fills the gap.",,weak,,,2020,Taiwan,Sidewalk Labs,https://medium.com/sidewalk-talk/how-open-data-and-civic-participation-helped-taiwan-slow-covid-b1449bab5841,"Taiwan Mask Inventory API and Civic Maps (Government open API plus civic tech): Taiwan rationed masks and released an open interface carrying real-time mask availability, working with a civic technology community, and volunteers built many maps on it. One app took nearly 1 million inquiries on the first day of rationing, according to interviews the article cites. The article reads falling map use as waning anxiety, but it measures neither trust nor anxiety.",,,#/case/covid-schools/spine/pr/2/cl/0/cs/1
COVID-19 School Closures and Reopenings,Proposal claim,,,"Publish local case, hospital, and school data early -> Shared local data holds confidence in public schools. -> Publishing uncertainty with the data does not cost trust.",,,,,,,,,Publishing uncertainty with the data does not cost trust.,,,#/case/covid-schools/spine/pr/2/cl/1
COVID-19 School Closures and Reopenings,Proposal claim evidence,,,"Publish local case, hospital, and school data early -> Shared local data holds confidence in public schools. -> Publishing uncertainty with the data does not cost trust.",,strong,,,,,"van der Bles, van der Linden, Freeman and Spiegelhalter 2020, Proceedings of the National Academy of Sciences",https://doi.org/10.1073/pnas.1913678117,"Telling news readers how uncertain a number was barely dented their trust in it. Five experiments with 5,780 participants, including a preregistered replication and a field experiment inside live BBC News coverage, varied how uncertainty was expressed. People noticed the uncertainty, but the authors “observed only a small decrease in trust in numbers and trustworthiness of the source, and mostly for verbal uncertainty communication”.","we observed only a small decrease in trust in numbers and trustworthiness of the source, and mostly for verbal uncertainty communication",,#/case/covid-schools/spine/pr/2/cl/1/ev/0
COVID-19 School Closures and Reopenings,Proposal case study,,,"Publish local case, hospital, and school data early -> Shared local data holds confidence in public schools. -> Publishing uncertainty with the data does not cost trust.",,strong,,,10/2019,United Kingdom,"van der Bles, van der Linden, Freeman and Spiegelhalter 2020, Proceedings of the National Academy of Sciences",https://doi.org/10.1073/pnas.1913678117,"BBC News Uncertainty Field Experiment (Field experiment inside live news): Readers of a live BBC News article on labor market statistics were randomly shown one of three versions, one giving the figure as a numeric range. Readers who saw the range judged the number more uncertain, but “communicating uncertainty as a numeric range did not affect people’s trust in the source, and it also did not affect trust in the number”.",,,#/case/covid-schools/spine/pr/2/cl/1/cs/0
COVID-19 School Closures and Reopenings,Proposal claim,,,"Publish local case, hospital, and school data early -> Shared local data holds confidence in public schools. -> Shared local data narrows the gap in how groups see the risk.",,,,,,,,,Shared local data narrows the gap in how groups see the risk.,,,#/case/covid-schools/spine/pr/2/cl/2
COVID-19 School Closures and Reopenings,Proposal claim evidence,,,"Publish local case, hospital, and school data early -> Shared local data holds confidence in public schools. -> Shared local data narrows the gap in how groups see the risk.",,moderate,,,,,"Rothwell, Makridis, Ramirez and Desai 2023, Frontiers in Public Health",https://doi.org/10.3389/fpubh.2023.1019206,"Given the same brief updates, Democrats and Republicans moved closer together in how safe they felt. Five thousand US adults were assigned at random to read one of nine short news segments. Democrats responded more than Republicans on whether infection could be avoided and whether the pandemic was under control locally, so the two groups converged. The authors conclude that “partisan policy and behavioral gaps are driven, at least in part, by exposure to different information and that equalizing information sources would lead to partisan convergence in beliefs”.","These findings suggest partisan policy and behavioral gaps are driven, at least in part, by exposure to different information and that equalizing information sources would lead to partisan convergence in beliefs.",,#/case/covid-schools/spine/pr/2/cl/2/ev/0
COVID-19 School Closures and Reopenings,Proposal claim evidence,,,"Publish local case, hospital, and school data early -> Shared local data holds confidence in public schools. -> Shared local data narrows the gap in how groups see the risk.",,moderate,,,,,"Druckman, Klar, Krupnikov, Levendusky and Ryan 2021, Nature Human Behaviour",https://doi.org/10.1038/s41562-020-01012-5,"Where local outbreaks were severe, party hostility did less to split how people saw the pandemic. A two-wave national panel linked hostility between the parties to pandemic attitudes and behavior. “This relationship, however, is more muted in areas with severe outbreaks of the disease.” Visible local conditions narrowed the divide.","This relationship, however, is more muted in areas with severe outbreaks of the disease.",,#/case/covid-schools/spine/pr/2/cl/2/ev/1
COVID-19 School Closures and Reopenings,Proposal claim evidence,,,"Publish local case, hospital, and school data early -> Shared local data holds confidence in public schools. -> Shared local data narrows the gap in how groups see the risk.",,moderate,,,,,"Bisbee and Lee 2022, Journal of Politics",https://doi.org/10.1086/716969,"Counties of both parties changed how much they went out in response to local case counts more than to political cues. Comparing Democratic and Republican counties through 2020, “we find that both factors play an important role in social distancing but that the relative importance between cues and facts favors the latter”. Local facts moved behavior in both kinds of county, though both signals faded over time.",We find that both factors play an important role in social distancing but that the relative importance between cues and facts favors the latter.,,#/case/covid-schools/spine/pr/2/cl/2/ev/2
COVID-19 School Closures and Reopenings,Proposal claim counter-evidence,,,"Publish local case, hospital, and school data early -> Shared local data holds confidence in public schools. -> Shared local data narrows the gap in how groups see the risk.",,strong,,,,,"Thorpe and colleagues 2021, JAMA Network Open",https://doi.org/10.1001/jamanetworkopen.2020.33538,"Showing people maps of local cases did not improve what they knew or change how risky they thought the virus was. US adults were assigned at random to see one of several case maps, or none. “The findings of this survey study suggest that simply providing maps with COVID-19 case information was not necessarily associated with improved public knowledge, risk perception, or reported intent to adhere to health guidelines.” Publishing the data is not the same as changing how people read it.","The findings of this survey study suggest that simply providing maps with COVID-19 case information was not necessarily associated with improved public knowledge, risk perception, or reported intent to adhere to health guidelines.",,#/case/covid-schools/spine/pr/2/cl/2/cev/0
COVID-19 School Closures and Reopenings,Proposal claim counter-evidence,,,"Publish local case, hospital, and school data early -> Shared local data holds confidence in public schools. -> Shared local data narrows the gap in how groups see the risk.",,moderate,,,,,"Rothwell and Desai 2020, Brookings Institution",https://www.brookings.edu/articles/how-misinformation-is-distorting-covid-policies-and-behaviors/,"Few adults knew how often infection led to hospitalization, and Democrats overstated the risk more than Republicans. In a December 2020 national survey, “less than one in five U.S. adults (18%) give a correct answer of between 1 and 5%” when asked what share of infected people were hospitalized. Forty-one percent of Democrats and 28 percent of Republicans said half or more were. National case and hospital counts were public at the time.",Less than one in five U.S. adults (18%) give a correct answer of between 1 and 5%.,,#/case/covid-schools/spine/pr/2/cl/2/cev/1
COVID-19 School Closures and Reopenings,Proposal claim counter-evidence,,,"Publish local case, hospital, and school data early -> Shared local data holds confidence in public schools. -> Shared local data narrows the gap in how groups see the risk.",,moderate,,,,,"Gollwitzer and colleagues 2020, Nature Human Behaviour",https://doi.org/10.1038/s41562-020-00977-7,"The partisan gap in how much Americans stayed home grew through the spring, even as local case data piled up. Tracking movement by county, the authors find that Trump-voting counties distanced less and that partisanship mattered more than local case counts. “Contrary to our predictions, the observed partisan gap strengthened over time and remained when stay-at-home orders were active.”","Contrary to our predictions, the observed partisan gap strengthened over time and remained when stay-at-home orders were active.",,#/case/covid-schools/spine/pr/2/cl/2/cev/2
COVID-19 School Closures and Reopenings,Proposal claim,,,"Publish local case, hospital, and school data early -> Shared local data holds confidence in public schools. -> Shared understanding holds confidence in the institutions that decide.",,,,,,,,,Shared understanding holds confidence in the institutions that decide.,,,#/case/covid-schools/spine/pr/2/cl/3
COVID-19 School Closures and Reopenings,Proposal claim evidence,,,"Publish local case, hospital, and school data early -> Shared local data holds confidence in public schools. -> Shared understanding holds confidence in the institutions that decide.",,strong,,,,,"Petersen, Bor, Jørgensen and Lindholt 2021, Proceedings of the National Academy of Sciences",https://doi.org/10.1073/pnas.2024597118,"When health authorities disclosed a vaccine's downsides plainly, people trusted them more than when the message stayed vague. In preregistered experiments with more than 13,000 Americans and Danes, open disclosure lowered vaccine acceptance somewhat but raised trust in the authorities. “The evidence demonstrates that transparent negative communication may indeed harm vaccine acceptance here and now but that it increases trust in health authorities.” Vague reassurance raised neither.",The evidence demonstrates that transparent negative communication may indeed harm vaccine acceptance here and now but that it increases trust in health authorities.,,#/case/covid-schools/spine/pr/2/cl/3/ev/0
COVID-19 School Closures and Reopenings,Proposal claim evidence,,,"Publish local case, hospital, and school data early -> Shared local data holds confidence in public schools. -> Shared understanding holds confidence in the institutions that decide.",,moderate,,,,,"de Fine Licht, Naurin, Esaiasson and Gilljam 2014, Governance",https://doi.org/10.1111/gove.12021,"People accepted a school decision more when the decision makers explained their reasons. In experiments on school decisions, the authors find “that transparency can indeed generate legitimacy”, and that an open meeting was not required: “Decision makers may improve their legitimacy simply by justifying carefully afterward the decisions taken behind closed doors.” The decisions were hypothetical.",Decision makers may improve their legitimacy simply by justifying carefully afterward the decisions taken behind closed doors.,,#/case/covid-schools/spine/pr/2/cl/3/ev/1
COVID-19 School Closures and Reopenings,Proposal claim evidence,,,"Publish local case, hospital, and school data early -> Shared local data holds confidence in public schools. -> Shared understanding holds confidence in the institutions that decide.",,strong,,,,,"Kreps and Kriner 2020, Science Advances",https://doi.org/10.1126/sciadv.abd4563,"When political leaders publicly attacked the pandemic numbers, Americans trusted science less. Five survey experiments with more than 6,000 Americans varied who questioned COVID-19 projections. “Criticism from Democratic political elites undermines trust more than criticism from Republicans.” Reversals in the projections cost trust too, so a contested set of facts carries a price.",Criticism from Democratic political elites undermines trust more than criticism from Republicans.,,#/case/covid-schools/spine/pr/2/cl/3/ev/2
COVID-19 School Closures and Reopenings,Proposal claim counter-evidence,,,"Publish local case, hospital, and school data early -> Shared local data holds confidence in public schools. -> Shared understanding holds confidence in the institutions that decide.",,strong,,,,,"Grimmelikhuijsen, Porumbescu, Hong and Im 2013, Public Administration Review",https://doi.org/10.1111/puar.12047,"Showing people more of what government does had little effect on their trust, and sometimes lowered it. Parallel experiments in the Netherlands and South Korea found that “transparency has a subdued and sometimes negative effect on trust in government”, with the negative effect much stronger in South Korea. More information does not reliably raise trust.",Results reveal similar patterns in both countries: transparency has a subdued and sometimes negative effect on trust in government.,,#/case/covid-schools/spine/pr/2/cl/3/cev/0
COVID-19 School Closures and Reopenings,Proposal claim counter-evidence,,,"Publish local case, hospital, and school data early -> Shared local data holds confidence in public schools. -> Shared understanding holds confidence in the institutions that decide.",,moderate,,,,,"Grimmelikhuijsen and Meijer 2014, Journal of Public Administration Research and Theory",https://doi.org/10.1093/jopart/mus048,"Transparency raised trust only under some conditions, and mainly among some citizens. A review of 187 studies of government transparency called for more work on the conditions that shape its effects. In an online experiment, the effect on perceived trustworthiness depended on what people already believed: “changes in perceived competence occur mainly in the group of citizens with high trust and little knowledge, whereas changes in perceived benevolence occur predominantly in the group of citizens with low knowledge and low trust”.","changes in perceived competence occur mainly in the group of citizens with high trust and little knowledge, whereas changes in perceived benevolence occur predominantly in the group of citizens with low knowledge and low trust",,#/case/covid-schools/spine/pr/2/cl/3/cev/1
COVID-19 School Closures and Reopenings,Proposal claim counter-evidence,,,"Publish local case, hospital, and school data early -> Shared local data holds confidence in public schools. -> Shared understanding holds confidence in the institutions that decide.",,moderate,,,,,"Cucciniello, Porumbescu and Grimmelikhuijsen 2017, Public Administration Review",https://doi.org/10.1111/puar.12685,"Transparency raised trust only under some conditions, and mainly among some citizens. A review of 187 studies of government transparency called for more work on the conditions that shape its effects. In an online experiment, the effect on perceived trustworthiness depended on what people already believed: “changes in perceived competence occur mainly in the group of citizens with high trust and little knowledge, whereas changes in perceived benevolence occur predominantly in the group of citizens with low knowledge and low trust”.","changes in perceived competence occur mainly in the group of citizens with high trust and little knowledge, whereas changes in perceived benevolence occur predominantly in the group of citizens with low knowledge and low trust",,#/case/covid-schools/spine/pr/2/cl/3/cev/1
COVID-19 School Closures and Reopenings,Proposal claim counter-evidence,,,"Publish local case, hospital, and school data early -> Shared local data holds confidence in public schools. -> Shared understanding holds confidence in the institutions that decide.",,moderate,,,,,"de Fine Licht 2014, Public Administration Review",https://doi.org/10.1111/puar.12194,"Openness raised acceptance of routine decisions more than decisions that traded off safety. With 1,032 participants, “results indicate that transparency can increase public acceptance of political decisions, but this effect is moderated by the type of policy area”. Transparency did less where the decision traded off life or well-being, which is what a reopening decision does.","Results indicate that transparency can increase public acceptance of political decisions, but this effect is moderated by the type of policy area.",,#/case/covid-schools/spine/pr/2/cl/3/cev/2
COVID-19 School Closures and Reopenings,Proposed intervention (spine),,,,,,Binding Community Referendum,,,,,,"A parent and community body votes yes or no before any closure: Give a standing school- or district-level council a binding yes or no on closure and reopening decisions, within state health orders and collective-bargaining law: schools cannot close without its approval. The council has seats for parents, educators, small business owners, public-health experts, and community leaders. Each constituency elects or appoints its members before any crisis. The district must bring each closure decision to the council. A no vote stops the closure, and the district may bring a revised proposal back to the council. Justifying a closure to such a body forces the district to compile a public body of evidence before it acts. The council sees the same case data the district uses and publishes its votes. Chicago's Local School Councils show the form existed in statute in 2020. Small business was the constituency the 2020 record left without any channel, while parents' participation moved to lawsuits and recall campaigns. Two caveats from the review: by the time of a vote the options on the ballot have already shaped the decision, so this is mainly a surfacing and accountability mechanism; and scholars of political parties would worry that binding community authority weakens elected institutions over the long run, a candidate negative outcome the group should weigh. The notes recorded the strong form of the idea, and it is kept in that form to sharpen the conversation. When and where: The honest answer is before the pandemic: a body created mid-crisis is not a standing body. Within the case window, June to August 2020 in Detroit, San Francisco, Chicago, and New York, touching the fall 2020 decision and the spring 2021 reopening negotiations. Chicago's Local School Councils are the sharpest comparison: the mechanism existed in statute, and its pandemic-era record now carries an evaluation of the 2020 school police decision. (Large urban districts with the sharpest bargaining asymmetry; Chicago already had the statutory infrastructure)",,,#/case/covid-schools/spine/pr/3
COVID-19 School Closures and Reopenings,Proposal outcome,,,"A parent and community body votes yes or no before any closure -> Having to win approval forces a public case for every closure, which makes the decision accountable and holds confidence in public schools.",,,,Confidence in public schools fell,,,,,"Having to win approval forces a public case for every closure, which makes the decision accountable and holds confidence in public schools.",,,#/case/covid-schools/spine/pr/3/out
COVID-19 School Closures and Reopenings,Proposal claim,,,"A parent and community body votes yes or no before any closure -> Having to win approval forces a public case for every closure, which makes the decision accountable and holds confidence in public schools. -> A standing parent and community body can govern schools competently.",,,,,,,,,A standing parent and community body can govern schools competently.,,,#/case/covid-schools/spine/pr/3/cl/0
COVID-19 School Closures and Reopenings,Proposal claim evidence,,,"A parent and community body votes yes or no before any closure -> Having to win approval forces a public case for every closure, which makes the decision accountable and holds confidence in public schools. -> A standing parent and community body can govern schools competently.",,moderate,,,,,"Ryan, Bryk, Lopez, Williams, Hall and Luppescu 1997, Consortium on Chicago School Research",https://eric.ed.gov/?id=ED420916,"Most of Chicago's parent-majority school councils carried out their governing duties. Chicago’s elected Local School Councils hire principals on performance contracts, set improvement priorities, and approve budgets. A survey of council members by the Consortium on Chicago School Research estimated that “approximately 10 to 15 percent of the LSCs are not viable operating entities. The rest of the councils, which is the overwhelming majority, function well.”","we estimate that approximately 10 to 15 percent of the LSCs are not viable operating entities. The rest of the councils, which is the overwhelming majority, function well.",,#/case/covid-schools/spine/pr/3/cl/0/ev/0
COVID-19 School Closures and Reopenings,Proposal claim evidence,,,"A parent and community body votes yes or no before any closure -> Having to win approval forces a public case for every closure, which makes the decision accountable and holds confidence in public schools. -> A standing parent and community body can govern schools competently.",,moderate,,,,,University of Chicago Consortium on School Research,https://consortium.uchicago.edu/publications/removing-police-officers-from-Chicago-schools,Chicago schools whose councils voted to remove police saw no worsening in discipline or climate. The councils’ highest-profile pandemic-era decision now has an evaluation. Chicago Public Schools gave each high school’s council the 2020 decision on keeping police officers. Schools that voted to remove school resource officers (SROs) “removed SROs without detrimental changes in student disciplinary outcomes or perceptions of school climate”. The authors compared outcomes before and after and say the assumptions for a causal reading are not met.,Schools removed SROs without detrimental changes in student disciplinary outcomes or perceptions of school climate.,,#/case/covid-schools/spine/pr/3/cl/0/ev/1
COVID-19 School Closures and Reopenings,Proposal claim counter-evidence,,,"A parent and community body votes yes or no before any closure -> Having to win approval forces a public case for every closure, which makes the decision accountable and holds confidence in public schools. -> A standing parent and community body can govern schools competently.",,weak,,,,,WBEZ Chicago,https://www.npr.org/local/309/2020/07/14/890756361/20-of-schools-lack-enough-local-school-council-members-to-vote-on-keeping-police,"A fifth of the Chicago schools asked to vote on police had no council or no quorum. The record documents capacity strain. When Chicago delegated the 2020 police vote, “more than a fifth of the 72 schools with police officers assigned to them either don't have LSCs at all or don't have enough members to form a quorum”. The count comes from a parent advocacy group, relayed by a news outlet.",More than a fifth of the 72 schools with police officers assigned to them either don't have LSCs at all or don't have enough members to form a quorum,,#/case/covid-schools/spine/pr/3/cl/0/cev/0
COVID-19 School Closures and Reopenings,Proposal claim counter-evidence,,,"A parent and community body votes yes or no before any closure -> Having to win approval forces a public case for every closure, which makes the decision accountable and holds confidence in public schools. -> A standing parent and community body can govern schools competently.",,weak,,,,,Chalkbeat Chicago,https://www.chalkbeat.org/chicago/2022/9/1/23333494/chicago-public-schools-local-school-councils-vacancies-raise-your-hand/,"More than 1,400 Chicago council seats sat empty after an election. Vacancies persisted. After the April 2022 council elections, “more than 1,400 LSC seats remain empty at hundreds of schools”. The count comes from a news explainer with no named data source.","After high voter turnout in the April election, more than 1,400 LSC seats remain empty at hundreds of schools.",,#/case/covid-schools/spine/pr/3/cl/0/cev/1
COVID-19 School Closures and Reopenings,Proposal case study,,,"A parent and community body votes yes or no before any closure -> Having to win approval forces a public case for every closure, which makes the decision accountable and holds confidence in public schools. -> A standing parent and community body can govern schools competently.",,moderate,,,1988-present,Chicago,"Ryan, Bryk, Lopez, Williams, Hall and Luppescu 1997, Consortium on Chicago School Research",https://eric.ed.gov/?id=ED420916,"Chicago Local School Councils (Binding: hire principals, set budgets, parent majority): Elected parent-majority councils hire principals and approve budgets at each Chicago public school, 550 of them in 2002. They are the closest US analog to a standing binding parent channel. A 1995-96 survey estimated that 10 to 15 percent were not viable and that the overwhelming majority functioned well. In 2020 Chicago Public Schools gave each high school’s council the decision on keeping police officers, and schools that removed officers saw no detrimental changes in discipline or school climate. The record also documents strain: more than a fifth of the 72 schools with officers lacked a council or a quorum for that vote, and more than 1,400 seats sat empty after the 2022 elections.",,,#/case/covid-schools/spine/pr/3/cl/0/cs/0
COVID-19 School Closures and Reopenings,Proposal case study,,,"A parent and community body votes yes or no before any closure -> Having to win approval forces a public case for every closure, which makes the decision accountable and holds confidence in public schools. -> A standing parent and community body can govern schools competently.",,moderate,,,1988-present,Chicago,University of Chicago Consortium on School Research,https://consortium.uchicago.edu/publications/removing-police-officers-from-Chicago-schools,"Chicago Local School Councils (Binding: hire principals, set budgets, parent majority): Elected parent-majority councils hire principals and approve budgets at each Chicago public school, 550 of them in 2002. They are the closest US analog to a standing binding parent channel. A 1995-96 survey estimated that 10 to 15 percent were not viable and that the overwhelming majority functioned well. In 2020 Chicago Public Schools gave each high school’s council the decision on keeping police officers, and schools that removed officers saw no detrimental changes in discipline or school climate. The record also documents strain: more than a fifth of the 72 schools with officers lacked a council or a quorum for that vote, and more than 1,400 seats sat empty after the 2022 elections.",,,#/case/covid-schools/spine/pr/3/cl/0/cs/0
COVID-19 School Closures and Reopenings,Proposal case study,,,"A parent and community body votes yes or no before any closure -> Having to win approval forces a public case for every closure, which makes the decision accountable and holds confidence in public schools. -> A standing parent and community body can govern schools competently.",,moderate,,,1988-present,Chicago,WBEZ Chicago,https://www.npr.org/local/309/2020/07/14/890756361/20-of-schools-lack-enough-local-school-council-members-to-vote-on-keeping-police,"Chicago Local School Councils (Binding: hire principals, set budgets, parent majority): Elected parent-majority councils hire principals and approve budgets at each Chicago public school, 550 of them in 2002. They are the closest US analog to a standing binding parent channel. A 1995-96 survey estimated that 10 to 15 percent were not viable and that the overwhelming majority functioned well. In 2020 Chicago Public Schools gave each high school’s council the decision on keeping police officers, and schools that removed officers saw no detrimental changes in discipline or school climate. The record also documents strain: more than a fifth of the 72 schools with officers lacked a council or a quorum for that vote, and more than 1,400 seats sat empty after the 2022 elections.",,,#/case/covid-schools/spine/pr/3/cl/0/cs/0
COVID-19 School Closures and Reopenings,Proposal case study,,,"A parent and community body votes yes or no before any closure -> Having to win approval forces a public case for every closure, which makes the decision accountable and holds confidence in public schools. -> A standing parent and community body can govern schools competently.",,moderate,,,1988-present,Chicago,Chalkbeat Chicago,https://www.chalkbeat.org/chicago/2022/9/1/23333494/chicago-public-schools-local-school-councils-vacancies-raise-your-hand/,"Chicago Local School Councils (Binding: hire principals, set budgets, parent majority): Elected parent-majority councils hire principals and approve budgets at each Chicago public school, 550 of them in 2002. They are the closest US analog to a standing binding parent channel. A 1995-96 survey estimated that 10 to 15 percent were not viable and that the overwhelming majority functioned well. In 2020 Chicago Public Schools gave each high school’s council the decision on keeping police officers, and schools that removed officers saw no detrimental changes in discipline or school climate. The record also documents strain: more than a fifth of the 72 schools with officers lacked a council or a quorum for that vote, and more than 1,400 seats sat empty after the 2022 elections.",,,#/case/covid-schools/spine/pr/3/cl/0/cs/0
COVID-19 School Closures and Reopenings,Proposal case study,,,"A parent and community body votes yes or no before any closure -> Having to win approval forces a public case for every closure, which makes the decision accountable and holds confidence in public schools. -> A standing parent and community body can govern schools competently.",,weak,,,2019-present,Belgium,Deliberative Democracy Digest,https://www.publicdeliberation.net/the-ostbelgien-model-five-years-on/,"Ostbelgien Permanent Citizens Council (Created by decree; agenda-setting power and mandatory institutional follow-up): A decree created a permanent Citizens’ Council that picks topics and convenes rotating Citizens’ Assemblies, and six assemblies ran in the first five years, most through the parliament’s formal follow-up. The observing research team reports that early recommendations often “already existed to a certain degree or were deemed too vague” to become law, and that anchoring the process in a decree secured it beyond the next elections. The team concludes that institutionalized citizen deliberation remains in its infancy, and reports no measured trust or policy outcome.",,,#/case/covid-schools/spine/pr/3/cl/0/cs/1
COVID-19 School Closures and Reopenings,Proposal case study,,,"A parent and community body votes yes or no before any closure -> Having to win approval forces a public case for every closure, which makes the decision accountable and holds confidence in public schools. -> A standing parent and community body can govern schools competently.",,weak,,,1980s-2020s,Finland and Sweden,Bellona 2016,https://bellona.org/news/nuclear-issues/radioactive-waste-and-spent-nuclear-fuel/2016-08-21710,"Finnish and Swedish Municipal Nuclear Waste Veto (Host municipalities held formal veto power, with funded independent review): In both countries a host municipality’s consent is required for a repository, which the source describes as local veto power. In Sweden, the Nuclear Waste Fund paid the two Osthammar staff who reviewed the plan, so the municipality could assess it independently of industry, and the operator reported strong local support. Near Finland’s Olkiluoto site, a Eurajoki official called the process satisfactory, while a member of parliament suggested the municipality was chosen because it already supported nuclear power and collected taxes from the plant. As of August 2026, Finland’s repository still needed a government operating licence before disposal could begin.",,,#/case/covid-schools/spine/pr/3/cl/0/cs/2
COVID-19 School Closures and Reopenings,Proposal case study,,,"A parent and community body votes yes or no before any closure -> Having to win approval forces a public case for every closure, which makes the decision accountable and holds confidence in public schools. -> A standing parent and community body can govern schools competently.",,weak,,,1980s-2020s,Finland and Sweden,NucNet 2026,https://smr.nucnet.org/news/drilling-begins-for-first-final-disposal-hole-at-onkalo-repository-in-finland-8-1-2026,"Finnish and Swedish Municipal Nuclear Waste Veto (Host municipalities held formal veto power, with funded independent review): In both countries a host municipality’s consent is required for a repository, which the source describes as local veto power. In Sweden, the Nuclear Waste Fund paid the two Osthammar staff who reviewed the plan, so the municipality could assess it independently of industry, and the operator reported strong local support. Near Finland’s Olkiluoto site, a Eurajoki official called the process satisfactory, while a member of parliament suggested the municipality was chosen because it already supported nuclear power and collected taxes from the plant. As of August 2026, Finland’s repository still needed a government operating licence before disposal could begin.",,,#/case/covid-schools/spine/pr/3/cl/0/cs/2
COVID-19 School Closures and Reopenings,Proposal claim,,,"A parent and community body votes yes or no before any closure -> Having to win approval forces a public case for every closure, which makes the decision accountable and holds confidence in public schools. -> Having to justify a decision to an outside body puts the evidence on the public record.",,,,,,,,,Having to justify a decision to an outside body puts the evidence on the public record.,,,#/case/covid-schools/spine/pr/3/cl/1
COVID-19 School Closures and Reopenings,Proposal claim evidence,,,"A parent and community body votes yes or no before any closure -> Having to win approval forces a public case for every closure, which makes the decision accountable and holds confidence in public schools. -> Having to justify a decision to an outside body puts the evidence on the public record.",,strong,,,,,"Worthy, John and Vannoni 2016, Journal of Public Administration Research and Theory",https://doi.org/10.1093/jopart/muw063,"When residents used a legal records request instead of simply asking, local councils handed over more information. Small English councils were sent either a formal freedom of information request or an informal ask for the same material, assigned at random. “FOI requests are more effective than simple asks and the size or preexisting level of openness of a body appears to make little difference to their responsiveness.” A legal duty to answer an outside party beats goodwill.",FOI requests are more effective than simple asks and the size or preexisting level of openness of a body appears to make little difference to their responsiveness.,,#/case/covid-schools/spine/pr/3/cl/1/ev/0
COVID-19 School Closures and Reopenings,Proposal claim evidence,,,"A parent and community body votes yes or no before any closure -> Having to win approval forces a public case for every closure, which makes the decision accountable and holds confidence in public schools. -> Having to justify a decision to an outside body puts the evidence on the public record.",,strong,,,,,"Hansen, McMahon and Prat 2018, Quarterly Journal of Economics",https://doi.org/10.1093/qje/qjx045,"When central bankers learned their meeting records would be published, their discussions leaned harder on data. Policy makers at the US central bank learned in 1993 that transcripts of their meetings would be released. Afterward, “the most striking results are that meetings become less interactive, more scripted, and more quantitatively oriented”. The authors find better preparation alongside more conformity, and conclude that preparation wins out.","The most striking results are that meetings become less interactive, more scripted, and more quantitatively oriented.",,#/case/covid-schools/spine/pr/3/cl/1/ev/1
COVID-19 School Closures and Reopenings,Proposal claim evidence,,,"A parent and community body votes yes or no before any closure -> Having to win approval forces a public case for every closure, which makes the decision accountable and holds confidence in public schools. -> Having to justify a decision to an outside body puts the evidence on the public record.",,moderate,,,,,"Worthy and Hazell 2017, Parliamentary Affairs",https://doi.org/10.1093/pa/gsv069,"Britain's records law made central government more open, without the chilling effect officials feared. A decade of research on the United Kingdom’s freedom of information law found it “has met its ‘core’ objectives, making central government more transparent and accountable. However, it has not improved decision-making, public understanding, participation or trust. Nor has FOI significantly changed how government works, despite politicians’ fears of a chilling effect.”","They conclude that FOI has met its ‘core’ objectives, making central government more transparent and accountable. However, it has not improved decision-making, public understanding, participation or trust. Nor has FOI significantly changed how government works, despite politicians' fears of a chilling effect.",,#/case/covid-schools/spine/pr/3/cl/1/ev/2
COVID-19 School Closures and Reopenings,Proposal claim counter-evidence,,,"A parent and community body votes yes or no before any closure -> Having to win approval forces a public case for every closure, which makes the decision accountable and holds confidence in public schools. -> Having to justify a decision to an outside body puts the evidence on the public record.",,strong,,,,,"Meade and Stasavage 2008, Economic Journal",https://doi.org/10.1111/j.1468-0297.2008.02138.x,"After central bankers learned their transcripts would be released, fewer of them voiced disagreement with the chair. Using the same 1993 decision, the authors ask whether publication “altered incentives for dissent” and “find evidence that this is indeed the case”. A public record can capture safer, less candid reasoning.","We test the model using an original dataset based on deliberations of the Federal Reserve's Federal Open Market Committee, asking whether the FOMC's 1993 decision to begin releasing transcripts of its meetings has altered incentives for dissent. We find evidence that this is indeed the case.",,#/case/covid-schools/spine/pr/3/cl/1/cev/0
COVID-19 School Closures and Reopenings,Proposal claim counter-evidence,,,"A parent and community body votes yes or no before any closure -> Having to win approval forces a public case for every closure, which makes the decision accountable and holds confidence in public schools. -> Having to justify a decision to an outside body puts the evidence on the public record.",,moderate,,,,,"Ellig and McLaughlin 2012, Risk Analysis",https://doi.org/10.1111/j.1539-6924.2011.01715.x,"Agencies required to write analyses of major rules often produced weak ones, and most showed no sign of using them. Reviewers scored the analyses required for a year of major US federal rules. The weakest parts were the account of the underlying problem and the review of past results, and only “a minority of the regulations contain evidence that the agency used the analysis in significant decisions”. A duty to justify can produce paperwork rather than evidence.",a minority of the regulations contain evidence that the agency used the analysis in significant decisions,,#/case/covid-schools/spine/pr/3/cl/1/cev/1
COVID-19 School Closures and Reopenings,Proposal claim,,,"A parent and community body votes yes or no before any closure -> Having to win approval forces a public case for every closure, which makes the decision accountable and holds confidence in public schools. -> A body that can say no holds decision makers to account.",,,,,,,,,A body that can say no holds decision makers to account.,,,#/case/covid-schools/spine/pr/3/cl/2
COVID-19 School Closures and Reopenings,Proposal claim evidence,,,"A parent and community body votes yes or no before any closure -> Having to win approval forces a public case for every closure, which makes the decision accountable and holds confidence in public schools. -> A body that can say no holds decision makers to account.",,strong,,,,,"Duflo, Dupas and Kremer 2015, Journal of Public Economics",https://doi.org/10.1016/j.jpubeco.2014.11.008,"When Kenyan parents on school committees got real say over locally hired teachers, fewer jobs went to relatives. Schools were assigned at random to hire a teacher locally on a performance contract, with or without training that gave parents real standing. Existing teachers steered about a third of the posts to relatives and cut their own effort, but “a governance program that empowered parents within school committees reduced both forms of capture”. It is the closest fit found to a body that can say no.","Civil-service teachers also captured rents for their families, with approximately 1/3 of contract teacher positions going to relatives of existing teachers. A governance program that empowered parents within school committees reduced both forms of capture.",,#/case/covid-schools/spine/pr/3/cl/2/ev/0
COVID-19 School Closures and Reopenings,Proposal claim evidence,,,"A parent and community body votes yes or no before any closure -> Having to win approval forces a public case for every closure, which makes the decision accountable and holds confidence in public schools. -> A body that can say no holds decision makers to account.",,strong,,,,,"Funk and Gathmann 2011, Economic Journal",https://doi.org/10.1111/j.1468-0297.2011.02451.x,"Where Swiss cantons required a public vote on major spending, governments spent less. Using more than a century of cantonal history, the authors find that “direct democracy constrains canton spending but its effect is more modest than previously suggested. The instrumental variable estimates show that a mandatory budget referendum reduces canton expenditures by 12%.” A required approval vote changes what governments do, though the voting body is the whole electorate.",We find that direct democracy constrains canton spending but its effect is more modest than previously suggested. The instrumental variable estimates show that a mandatory budget referendum reduces canton expenditures by 12%.,,#/case/covid-schools/spine/pr/3/cl/2/ev/1
COVID-19 School Closures and Reopenings,Proposal claim evidence,,,"A parent and community body votes yes or no before any closure -> Having to win approval forces a public case for every closure, which makes the decision accountable and holds confidence in public schools. -> A body that can say no holds decision makers to account.",,moderate,,,,,"Gerber 1996, American Journal of Political Science",https://doi.org/10.2307/2111696,"Where citizens could put a law on the ballot, legislatures passed laws closer to what the typical voter wanted. Comparing states, “parental consent laws passed by legislatures in initiative states more closely reflect their state’s median voter’s preference than parental consent laws passed in states that prohibit initiatives, even after controlling for other population and institutional differences across states”. The threat of being overridden kept officials closer to the public.","Parental consent laws passed by legislatures in initiative states more closely reflect their state's median voter's preference than parental consent laws passed in states that prohibit initiatives, even after controlling for other population and institutional differences across states.",,#/case/covid-schools/spine/pr/3/cl/2/ev/2
COVID-19 School Closures and Reopenings,Proposal claim counter-evidence,,,"A parent and community body votes yes or no before any closure -> Having to win approval forces a public case for every closure, which makes the decision accountable and holds confidence in public schools. -> A body that can say no holds decision makers to account.",,strong,,,,,"Raffler, Posner and Parkerson 2025, Journal of Politics",https://doi.org/10.1086/736577,"Repeated on a much larger scale, community oversight of clinics did not make citizens press harder or improve health. A large follow-up to an influential community monitoring experiment found that “while we find modest positive impacts on health provider behavior, we find no effects on citizen pressure, utilization rates, or bottom-line health outcomes”. Oversight without formal power often changes little.","While we find modest positive impacts on health provider behavior, we find no effects on citizen pressure, utilization rates, or bottom-line health outcomes.",,#/case/covid-schools/spine/pr/3/cl/2/cev/0
COVID-19 School Closures and Reopenings,Proposal claim counter-evidence,,,"A parent and community body votes yes or no before any closure -> Having to win approval forces a public case for every closure, which makes the decision accountable and holds confidence in public schools. -> A body that can say no holds decision makers to account.",,strong,,,,,"Olken 2007, Journal of Political Economy",https://doi.org/10.1086/517935,"Government audits cut theft from village road projects, while inviting residents to monitor did little. Raising the chance of a government audit reduced missing funds. “By contrast, increasing grassroots participation in monitoring had little average impact, reducing missing expenditures only in situations with limited free-rider problems and limited elite capture.” Professional oversight beat community oversight here, though residents could not block anything.","By contrast, increasing grassroots participation in monitoring had little average impact, reducing missing expenditures only in situations with limited free‐rider problems and limited elite capture.",,#/case/covid-schools/spine/pr/3/cl/2/cev/1
COVID-19 School Closures and Reopenings,Proposal claim counter-evidence,,,"A parent and community body votes yes or no before any closure -> Having to win approval forces a public case for every closure, which makes the decision accountable and holds confidence in public schools. -> A body that can say no holds decision makers to account.",,moderate,,,,,"Kim 2022, American Review of Public Administration",https://doi.org/10.1177/02750740221098344,"Police departments with civilian oversight boards did no better on most measures and solved fewer crimes. Comparing similar agencies with and without civilian oversight, “civilian oversight turns out to have a significant influence only on police agencies’ clearance rates”, which were 2.71 percentage points lower where oversight existed. The study lumps together boards with and without power to discipline.","Among the dependent variables included in the analysis as performance indicators, civilian oversight turns out to have a significant influence only on police agencies’ clearance rates. The police agencies with civilian oversight have lower clearance rates by 2.71 percentage points on average compared to those without civilian oversight.",,#/case/covid-schools/spine/pr/3/cl/2/cev/2
COVID-19 School Closures and Reopenings,Proposal claim,,,"A parent and community body votes yes or no before any closure -> Having to win approval forces a public case for every closure, which makes the decision accountable and holds confidence in public schools. -> A binding role before decisions raises trust and engagement.",,,,,,,,,A binding role before decisions raises trust and engagement.,,,#/case/covid-schools/spine/pr/3/cl/3
COVID-19 School Closures and Reopenings,Proposal claim evidence,,,"A parent and community body votes yes or no before any closure -> Having to win approval forces a public case for every closure, which makes the decision accountable and holds confidence in public schools. -> A binding role before decisions raises trust and engagement.",,moderate,,,,,"Johnson, Carlson and Reynolds 2023, Political Behavior",https://doi.org/10.1007/s11109-021-09679-w,"New Yorkers who took part in participatory budgeting became more likely to vote. Matching participants to the voter file and comparing them with similar residents of districts without the program, the authors find that “engaging with participatory budgeting increased individuals' probability of voting by an average of 8.4 percentage points”, most of all among people who usually vote least. Allocating money is not the same as holding a veto.",engaging with participatory budgeting increased individuals' probability of voting by an average of 8.4 percentage points,,#/case/covid-schools/spine/pr/3/cl/3/ev/0
COVID-19 School Closures and Reopenings,Proposal claim evidence,,,"A parent and community body votes yes or no before any closure -> Having to win approval forces a public case for every closure, which makes the decision accountable and holds confidence in public schools. -> A binding role before decisions raises trust and engagement.",,moderate,,,,,"Bowler and Donovan 2002, British Journal of Political Science",https://doi.org/10.1017/S0007123402000157,"Americans in states that vote often on ballot measures felt more able to follow politics and more listened to. Linking a national survey to state institutions, the authors “present evidence that the effects of exposure to direct democracy on internal and external political efficacy rival the effects of formal education”. Living where citizens can decide goes with feeling more capable and more heard.",We present evidence that the effects of exposure to direct democracy on internal and external political efficacy rival the effects of formal education.,,#/case/covid-schools/spine/pr/3/cl/3/ev/1
COVID-19 School Closures and Reopenings,Proposal claim counter-evidence,,,"A parent and community body votes yes or no before any closure -> Having to win approval forces a public case for every closure, which makes the decision accountable and holds confidence in public schools. -> A binding role before decisions raises trust and engagement.",,strong,,,,,"Schiff and colleagues 2025, PNAS Nexus",https://doi.org/10.1093/pnasnexus/pgaf267,"Civilian police review boards did not raise the public's sense that policing was legitimate. A preregistered experiment with 2,503 US adults found “no statistically significant evidence that the presence of a CRB increases aggregate perceptions of procedural legitimacy”. Trust in both the board and the police fell when the two disagreed about whether misconduct occurred.",no statistically significant evidence that the presence of a CRB increases aggregate perceptions of procedural legitimacy,,#/case/covid-schools/spine/pr/3/cl/3/cev/0
COVID-19 School Closures and Reopenings,Proposal claim counter-evidence,,,"A parent and community body votes yes or no before any closure -> Having to win approval forces a public case for every closure, which makes the decision accountable and holds confidence in public schools. -> A binding role before decisions raises trust and engagement.",,moderate,,,,,"Bowler and Donovan 2006, Party Politics",https://doi.org/10.1177/1354068806066792,"States that leaned hardest on citizen ballot measures ended up with weaker party organizations. This is the candidate negative outcome the review raised: that binding community authority may weaken elected institutions over time. Tracing a century of direct democracy, the authors find that “use of the initiative throughout the twentieth century led to more restrictive state legal environments for parties and was associated with weaker traditional party organizations”. The comparison is across states rather than a test, the same movement drove both the initiative and the anti-party laws, and other work finds parties held members better where direct democracy was stronger.",Use of the initiative throughout the twentieth century led to more restrictive state legal environments for parties and was associated with weaker traditional party organizations.,,#/case/covid-schools/spine/pr/3/cl/3/cev/1
COVID-19 School Closures and Reopenings,Proposal claim counter-evidence,,,"A parent and community body votes yes or no before any closure -> Having to win approval forces a public case for every closure, which makes the decision accountable and holds confidence in public schools. -> A binding role before decisions raises trust and engagement.",,moderate,,,,,"Dyck 2009, American Politics Research",https://doi.org/10.1177/1532673X08330635,"People living in states that vote often on ballot measures trust their government less. Using two surveys, the author finds that “ballot initiatives in the American states do indeed create an environment that encourages citizens to distrust their government”. The comparison is across states at one time, and it points the opposite way from the efficacy finding above.","Using data from two surveys, I demonstrate that ballot initiatives in the American states do indeed create an environment that encourages citizens to distrust their government.",,#/case/covid-schools/spine/pr/3/cl/3/cev/2
COVID-19 School Closures and Reopenings,Proposal case study,,,"A parent and community body votes yes or no before any closure -> Having to win approval forces a public case for every closure, which makes the decision accountable and holds confidence in public schools. -> A binding role before decisions raises trust and engagement.",,moderate,,,1990-2004,Brazil,"Touchton and Wampler 2014, Comparative Political Studies",https://doi.org/10.1177/0010414013512601,"Brazilian Municipal Participatory Budgeting (Residents set spending priorities, annual, city scale): Cities that adopted participatory budgeting let residents set priorities for part of the municipal budget each year. In a panel of Brazil’s largest cities, the practice was “strongly associated with increases in health care spending, increases in civil society organizations, and decreases in infant mortality rates”, and a second study found adopting cities put more of their budgets into sanitation and health. Participatory budgeting allocates spending; it does not give residents a veto.",,,#/case/covid-schools/spine/pr/3/cl/3/cs/0
COVID-19 School Closures and Reopenings,Proposal case study,,,"A parent and community body votes yes or no before any closure -> Having to win approval forces a public case for every closure, which makes the decision accountable and holds confidence in public schools. -> A binding role before decisions raises trust and engagement.",,moderate,,,1990-2004,Brazil,"Gonçalves 2014, World Development",https://doi.org/10.1016/j.worlddev.2013.01.009,"Brazilian Municipal Participatory Budgeting (Residents set spending priorities, annual, city scale): Cities that adopted participatory budgeting let residents set priorities for part of the municipal budget each year. In a panel of Brazil’s largest cities, the practice was “strongly associated with increases in health care spending, increases in civil society organizations, and decreases in infant mortality rates”, and a second study found adopting cities put more of their budgets into sanitation and health. Participatory budgeting allocates spending; it does not give residents a veto.",,,#/case/covid-schools/spine/pr/3/cl/3/cs/0
COVID-19 School Closures and Reopenings,Proposal case study,,,"A parent and community body votes yes or no before any closure -> Having to win approval forces a public case for every closure, which makes the decision accountable and holds confidence in public schools. -> A binding role before decisions raises trust and engagement.",,moderate,,,2010-present,Oregon,"Knobloch, Barthel and Gastil 2020, Political Studies",https://doi.org/10.1177/0032321719852254,"Oregon Citizens Initiative Review (Statutory standing panel; statement placement binding, content advisory to voters): A panel of randomly selected citizens deliberates on a ballot measure, and the state prints their statement in the official Voters’ Pamphlet. In a 2010 statewide panel survey and a 2012 cross-section, voters aware of the review reported more confidence that government responds to them, and voters who used the statements reported more confidence in their own political competence.",,,#/case/covid-schools/spine/pr/3/cl/3/cs/1
COVID-19 School Closures and Reopenings,Proposal claim,,,"A parent and community body votes yes or no before any closure -> Having to win approval forces a public case for every closure, which makes the decision accountable and holds confidence in public schools. -> A voice before decisions reduces recalls and lawsuits after them.",,,,,,,,,A voice before decisions reduces recalls and lawsuits after them.,,,#/case/covid-schools/spine/pr/3/cl/4
COVID-19 School Closures and Reopenings,Proposal claim counter-evidence,,,"A parent and community body votes yes or no before any closure -> Having to win approval forces a public case for every closure, which makes the decision accountable and holds confidence in public schools. -> A voice before decisions reduces recalls and lawsuits after them.",,moderate,,,,,Ballotpedia 2021,https://news.ballotpedia.org/2021/11/08/school-board-recalls-in-2021/,"School board recall efforts hit a record in 2021, driven partly by reactions to pandemic policies. A nonpartisan tracker counted 84 school board recall efforts against 215 board members in 2021, the most in any year it has tracked, against an average of 28 a year over the previous decade. It named “reactions to the coronavirus and government responses to the pandemic” as one driving force. Nothing here shows whether a prior voice would have prevented them.",Ballotpedia has tracked 84 school board recall efforts against 215 board members in 2021.,,#/case/covid-schools/spine/pr/3/cl/4/cev/0
COVID-19 School Closures and Reopenings,Timeline entry,,,,,,,,02/2020,"CDC, NIH, WHO",PMC,https://pmc.ncbi.nlm.nih.gov/articles/PMC7752102,"Public health officials knew the virus spread readily through respiratory droplets. They knew older adults and people with other health conditions faced far worse outcomes, and that children appeared less severely affected. They did not yet know how often people without symptoms spread the virus, how much schools added to community spread, whether airborne spread mattered more than droplets, or what long-term health effects the virus might cause.",,,#/case/covid-schools/timeline
COVID-19 School Closures and Reopenings,Timeline entry,,,,,,,,03/2020,"Governors, State Education Agencies, Local Districts, Public Health Officials",Education Week,https://www.edweek.org/leadership/map-coronavirus-and-school-closures-in-2019-2020/2020/03,The first national closure wave moved from school and district-level closures to statewide action. Education Week tracked closures from March 6 to May 15. The first school and district-level closures came between March 9 and March 25.,,,#/case/covid-schools/timeline
COVID-19 School Closures and Reopenings,Timeline entry,,,,,,,,03/2020,"Fauci, CDC, White House Coronavirus Task Force",NYT,https://www.nytimes.com/article/flatten-curve-coronavirus.html,"The public case for closures rested on flattening the curve: slowing spread so hospitals could cope. Fauci did not prescribe a national school policy. In May 2020 he told the Senate that reopening depended on conditions in each region, and that “we don't know everything about this virus and we really better be pretty careful, particularly when it comes to children.” Six-foot distancing shaped school plans, and many schools lacked the space to keep students that far apart. In 2024 Fauci told a House subcommittee the six-foot rule “sort of just appeared” and was not based on data.",,,#/case/covid-schools/timeline
COVID-19 School Closures and Reopenings,Timeline entry,,,,,,,,03/2020,"Fauci, CDC, White House Coronavirus Task Force",Education Week,https://www.edweek.org/education/trump-fauci-and-reopening-schools-what-you-need-to-know/2020/05,"The public case for closures rested on flattening the curve: slowing spread so hospitals could cope. Fauci did not prescribe a national school policy. In May 2020 he told the Senate that reopening depended on conditions in each region, and that “we don't know everything about this virus and we really better be pretty careful, particularly when it comes to children.” Six-foot distancing shaped school plans, and many schools lacked the space to keep students that far apart. In 2024 Fauci told a House subcommittee the six-foot rule “sort of just appeared” and was not based on data.",,,#/case/covid-schools/timeline
COVID-19 School Closures and Reopenings,Timeline entry,,,,,,,,03/2020,"Fauci, CDC, White House Coronavirus Task Force",PBS NewsHour,https://www.pbs.org/newshour/politics/watch-fauci-warns-u-s-must-not-be-cavalier-in-assuming-children-immune-to-virus,"The public case for closures rested on flattening the curve: slowing spread so hospitals could cope. Fauci did not prescribe a national school policy. In May 2020 he told the Senate that reopening depended on conditions in each region, and that “we don't know everything about this virus and we really better be pretty careful, particularly when it comes to children.” Six-foot distancing shaped school plans, and many schools lacked the space to keep students that far apart. In 2024 Fauci told a House subcommittee the six-foot rule “sort of just appeared” and was not based on data.",,,#/case/covid-schools/timeline
COVID-19 School Closures and Reopenings,Timeline entry,,,,,,,,03/2020,"Fauci, CDC, White House Coronavirus Task Force",Chalkbeat,https://www.chalkbeat.org/2021/3/19/22340072/cdc-six-three-feet-distancing-schools-covid/,"The public case for closures rested on flattening the curve: slowing spread so hospitals could cope. Fauci did not prescribe a national school policy. In May 2020 he told the Senate that reopening depended on conditions in each region, and that “we don't know everything about this virus and we really better be pretty careful, particularly when it comes to children.” Six-foot distancing shaped school plans, and many schools lacked the space to keep students that far apart. In 2024 Fauci told a House subcommittee the six-foot rule “sort of just appeared” and was not based on data.",,,#/case/covid-schools/timeline
COVID-19 School Closures and Reopenings,Timeline entry,,,,,,,,03/2020,"Fauci, CDC, White House Coronavirus Task Force",PolitiFact,https://politifact.com/article/2024/jun/06/did-fauci-say-he-made-up-covid-19-rules-on-social/,"The public case for closures rested on flattening the curve: slowing spread so hospitals could cope. Fauci did not prescribe a national school policy. In May 2020 he told the Senate that reopening depended on conditions in each region, and that “we don't know everything about this virus and we really better be pretty careful, particularly when it comes to children.” Six-foot distancing shaped school plans, and many schools lacked the space to keep students that far apart. In 2024 Fauci told a House subcommittee the six-foot rule “sort of just appeared” and was not based on data.",,,#/case/covid-schools/timeline
COVID-19 School Closures and Reopenings,Timeline entry,,,,,,,,03/2020,"Governors, State Agencies, Local Districts",Ed Working Papers,https://edworkingpapers.com/sites/default/files/ai21-355.pdf,"Governors rapidly suspended in-person schooling across almost the entire country. An academic analysis found that 49 states suspended in-person instruction, with Montana as the exception. Governors drove the decision. It was rapid and broadly bipartisan. It aimed at flattening the curve and preserving hospital capacity, not at fine-grained educational trade-offs.",,,#/case/covid-schools/timeline
COVID-19 School Closures and Reopenings,Timeline entry,,,,,,,,03/2020,"Governors, State Education Agencies, Local Districts",Education Week,https://www.edweek.org/leadership/map-coronavirus-and-school-closures-in-2019-2020/2020/03,"Closures reached near-total scale. They affected at least 55.1 million students in 124,000 public and private schools.",,,#/case/covid-schools/timeline
COVID-19 School Closures and Reopenings,Timeline entry,,,,,,,,04/2020,"Governor Whitmer, Michigan Department of Education",AFT Michigan,https://aftmichigan.org/executive-order-closing-public-schools-for-remainder-of-19-20-school-year,"Governor Whitmer ordered Michigan public schools closed for the rest of the 2019-20 school year. In May she issued an executive order creating a COVID-19 Return to School Advisory Council of educators, public health officials, local administrators, and parents. Critics later argued the state did not consistently follow its recommendations.",,,#/case/covid-schools/timeline
COVID-19 School Closures and Reopenings,Timeline entry,,,,,,,,04/2020,"Governor Whitmer, Michigan Department of Education",Executive Order 2020-88,https://content.govdelivery.com/attachments/MIEOG/2020/05/15/file_attachments/1452673/EO%202020-88.pdf,"Governor Whitmer ordered Michigan public schools closed for the rest of the 2019-20 school year. In May she issued an executive order creating a COVID-19 Return to School Advisory Council of educators, public health officials, local administrators, and parents. Critics later argued the state did not consistently follow its recommendations.",,,#/case/covid-schools/timeline
COVID-19 School Closures and Reopenings,Timeline entry,,,,,,,,06/2020,"Governors, State Education Departments",Education Week,https://www.edweek.org/leadership/map-coronavirus-and-school-closures-in-2019-2020/2020/03,"Nearly every state ordered or recommended schools stay closed through the end of the 2019-20 school year, with online learning options. The original precautionary decision became harder to evaluate as closures lengthened and remote-learning inequality became more visible.",,,#/case/covid-schools/timeline
COVID-19 School Closures and Reopenings,Timeline entry,,,,,,participation (timeline),,06/2020,"Governor Whitmer, Michigan Department of Education, Educators, Health Officials, Parents",Michigan.gov,https://www.michigan.gov/-/media/Project/Websites/mde/2020/07/15/Item_IIIA1_PPT_Introduction_Dr_Rice.pdf?rev=3afe168a69d94ad59db08bbf4c893965,"The Michigan Return to Learn Advisory Council convened, the first formal structured public-input body for school reopening in the state. Its members were educators, public health officials, local administrators, and parents. The legal and procedural record gives substantial detail about who participated and how the process ran. It gives little detail about how policymakers responded to the panel’s recommendations. The council produced the Return to School Roadmap for fall 2020.",,,#/case/covid-schools/timeline
COVID-19 School Closures and Reopenings,Timeline entry,,,,,,participation (timeline),,06/2020,"Governor Whitmer, Michigan Department of Education, Educators, Health Officials, Parents",Executive Order 2020-88,https://content.govdelivery.com/attachments/MIEOG/2020/05/15/file_attachments/1452673/EO%202020-88.pdf,"The Michigan Return to Learn Advisory Council convened, the first formal structured public-input body for school reopening in the state. Its members were educators, public health officials, local administrators, and parents. The legal and procedural record gives substantial detail about who participated and how the process ran. It gives little detail about how policymakers responded to the panel’s recommendations. The council produced the Return to School Roadmap for fall 2020.",,,#/case/covid-schools/timeline
COVID-19 School Closures and Reopenings,Timeline entry,,,,,,,,06/2020,"American Academy of Pediatrics, Teachers Unions, AASA, Trump Administration",NPR,https://www.npr.org/sections/coronavirus-live-updates/2020/07/10/889848834/nations-pediatricians-walk-back-support-for-in-person-school,"The American Academy of Pediatrics (AAP) first urged policymakers to start with the goal of physical presence in school. It then clarified that science and community circumstances should guide decisions and that recommendations should rest on evidence. Politicization of reopening forced the AAP to clarify that reopening should depend on local infection conditions, educator safety, stakeholder involvement, and resources.",,,#/case/covid-schools/timeline
COVID-19 School Closures and Reopenings,Timeline entry,,,,,,,,07/2020,"President Trump, VP Pence, CDC Director Redfield",NPR,https://www.npr.org/2020/07/08/888898194/trump-blasts-expensive-cdc-guidelines-for-reopening-schools,"President Trump publicly attacked CDC guidance on reopening schools, calling it impractical and expensive. VP Pence told reporters CDC guidelines were not a barrier to reopening. CDC Director Redfield appeared alongside Pence and said CDC guidance was not meant as a rationale to keep schools closed. Trump threatened to withhold federal funding from schools that did not reopen.",,,#/case/covid-schools/timeline
COVID-19 School Closures and Reopenings,Timeline entry,,,,,,,,07/2020,KFF,KFF,https://www.kff.org/covid-19/kff-health-tracking-poll-july-2020,"KFF found that 60% of parents with children aged 5 to 17 preferred opening schools later to reduce infection risk, while 34% preferred opening sooner. Parents worried about illness and about academic, social, economic, food, technology, and service losses from closure. Parents of color reported especially high concern about safety, resources, technology, food, and services.",,,#/case/covid-schools/timeline
COVID-19 School Closures and Reopenings,Timeline entry,,,,,,,,07/2020,Gallup,Gallup,https://news.gallup.com/poll/316412/fewer-parents-full-time-person-fall-schooling.aspx,"Gallup found parent preferences shifting away from full-time in-person schooling: 36% favored full-time in-person, 28% full-time remote, and 36% hybrid. Concern about children catching coronavirus rose to 64%. Views differed by infection concern, region, and party. Republicans were far more supportive of in-person schooling and Democrats far less.",,,#/case/covid-schools/timeline
COVID-19 School Closures and Reopenings,Timeline entry,,,,,,,,07/2020,"American Federation of Teachers, NEA, Local Affiliates, School Boards",Politico,https://www.politico.com/news/2020/07/28/aft-strikes-school-reopening-384133,Teachers unions entered the reopening debate as the dominant local advocacy force. Research tracking reopening decisions in 250 of the largest school districts found union presence significantly correlates with remote-only decisions. The AFT threatened safety strikes if school reopening plans did not meet its health and safety standards.,,,#/case/covid-schools/timeline
COVID-19 School Closures and Reopenings,Timeline entry,,,,,,,,09/2020,"Governors, Local School Districts, School Boards, Superintendents, Unions, Parents",Ed Working Papers,https://edworkingpapers.com/sites/default/files/ai21-355.pdf,"Reopening became decentralized and uneven. 48 states left reopening modality decisions to local districts. The result was a patchwork of remote, hybrid, and in-person schooling shaped by local politics, union power, parent preferences, and health conditions.",,,#/case/covid-schools/timeline
COVID-19 School Closures and Reopenings,Timeline entry,,,,,,,,09/2020,"Local School Districts, CDC Researchers, School Communities",PMC,https://pmc.ncbi.nlm.nih.gov/articles/PMC8938683,"District reopening plans were mixed. CDC reported that 24% of districts were fully online, 51% hybrid, and 17% fully open for in-person instruction. Local control sometimes brought in local values, but it also made policy legitimacy depend heavily on local trust, resources, and conflict.",,,#/case/covid-schools/timeline
COVID-19 School Closures and Reopenings,Timeline entry,,,,,,participation (timeline),,09/2020,"United Federation of Teachers, Mayor de Blasio, NYC Department of Education",NPR,https://www.npr.org/sections/coronavirus-live-updates/2020/08/19/903927057/nyc-teacher-unions-prepared-to-strike-if-safety-demands-are-not-met,"The UFT, representing about 75,000 NYC teachers, threatened to sue or strike over the planned September 10 reopening, citing inadequate testing and safety protocols. On September 1 the city and the union reached a deal that delayed in-person instruction to September 21, added monthly random testing, and set a citywide closure trigger at a 3% infection rate. It was the only stakeholder channel in the case that could force the terms of a reopening decision.",,,#/case/covid-schools/timeline
COVID-19 School Closures and Reopenings,Timeline entry,,,,,,participation (timeline),,09/2020,"United Federation of Teachers, Mayor de Blasio, NYC Department of Education",K-12 Dive,https://www.k12dive.com/news/nyc-uft-reopening-agreement-delays-school-start-boosts-safety/584532/,"The UFT, representing about 75,000 NYC teachers, threatened to sue or strike over the planned September 10 reopening, citing inadequate testing and safety protocols. On September 1 the city and the union reached a deal that delayed in-person instruction to September 21, added monthly random testing, and set a citywide closure trigger at a 3% infection rate. It was the only stakeholder channel in the case that could force the terms of a reopening decision.",,,#/case/covid-schools/timeline
COVID-19 School Closures and Reopenings,Timeline entry,,,,,,participation (timeline),,11/2020,"30 Randomly Selected Michigan Residents, CMU Researchers",CMU News,https://www.cmu.edu/news/stories/archives/2021/august/citizens-assembly-algorithm.html,"Researchers recruited 30 Michiganders through a deliberative sortition process. An algorithm developed by CMU computer scientists selected participants to maximize demographic representativeness and fairness of random selection. The panel produced 12 policy recommendations covering public health, economic support, and community equity, and formally offered them to policymakers.",,,#/case/covid-schools/timeline
COVID-19 School Closures and Reopenings,Timeline entry,,,,,,participation (timeline),,11/2020,"30 Randomly Selected Michigan Residents, CMU Researchers",Perma.cc,https://perma.cc/M2H9-BDVC,"Researchers recruited 30 Michiganders through a deliberative sortition process. An algorithm developed by CMU computer scientists selected participants to maximize demographic representativeness and fairness of random selection. The panel produced 12 policy recommendations covering public health, economic support, and community equity, and formally offered them to policymakers.",,,#/case/covid-schools/timeline
COVID-19 School Closures and Reopenings,Timeline entry,,,,,,,,01/2021,"Biden Administration, CDC",GovInfo,https://www.govinfo.gov/content/pkg/DCPD-202100073/pdf/DCPD-202100073.pdf,President Biden issued an executive order supporting safe reopening and continued operation of schools and early-childhood providers. The order federalized reopening support without fully nationalizing school governance.,,,#/case/covid-schools/timeline
COVID-19 School Closures and Reopenings,Timeline entry,,,,,,,,01/2021,"CDC, Public Health Researchers",PMC,https://pmc.ncbi.nlm.nih.gov/articles/PMC8938683,"Research summarized accumulating evidence that in-person schooling with mitigation was not typically associated with the kind of rapid spread seen in congregate living facilities or high-density worksites. Universal masks, distancing, ventilation, hybrid models, screening testing, and limits on high-risk extracurriculars could make reopening safer.",,,#/case/covid-schools/timeline
COVID-19 School Closures and Reopenings,Timeline entry,,,,,,,,02/2021,"CDC, State and Local School Officials, Public Health Agencies",CDC Strategy,https://www.tn.gov/content/dam/tn/health/documents/healthy-places/healthy-schools/CDC_K-12-Operational-Strategy-021221.pdf,"CDC issued its Operational Strategy for K-12 Schools through Phased Mitigation. It stated that schools should open safely as soon as possible, be the last settings to close, and be the first to reopen when safe. It translated evolving science into operational guidance: masking, distancing, hygiene, ventilation, contact tracing, and priority for elementary students and students at risk of learning loss.",,,#/case/covid-schools/timeline
COVID-19 School Closures and Reopenings,Timeline entry,,,,,,participation (timeline),,02/2021,"SF City Attorney Dennis Herrera, SF Board of Education, Superintendent Matthews",NBC News,https://www.nbcnews.com/news/us-news/san-francisco-sues-its-own-school-district-demands-restart-person-n1256639,"San Francisco's city attorney sued the city's own school district, demanding the restart of in-person instruction for more than 52,000 students. NBC News reported it could be “the first such case in the nation.” Days later the city added claims under the California Constitution. Participation arrived as litigation, after the decisions.",,,#/case/covid-schools/timeline
COVID-19 School Closures and Reopenings,Timeline entry,,,,,,participation (timeline),,02/2021,"SF City Attorney Dennis Herrera, SF Board of Education, Superintendent Matthews",SF City Attorney,https://www.sfcityattorney.org/2021/02/09/herrera-expands-lawsuit-adds-constitutional-violations-against-sf-school-district/,"San Francisco's city attorney sued the city's own school district, demanding the restart of in-person instruction for more than 52,000 students. NBC News reported it could be “the first such case in the nation.” Days later the city added claims under the California Constitution. Participation arrived as litigation, after the decisions.",,,#/case/covid-schools/timeline
COVID-19 School Closures and Reopenings,Timeline entry,,,,,,,,03/2021,"Federal and State Governments, Teachers, School Staff, Vaccine Providers",CDC EID,https://wwwnc.cdc.gov/eid/article/30/1/23-1215_article,"Teachers and school staff became eligible for vaccination as an essential workforce on March 2, and everyone over age 16 became eligible by April 19. Vaccination changed the risk calculus for reopening, especially for adult staff, but did not end conflict.",,,#/case/covid-schools/timeline
COVID-19 School Closures and Reopenings,Timeline entry,,,,,,,,05/2021,"FDA, CDC, Adolescents, Schools",CDC EID,https://wwwnc.cdc.gov/eid/article/30/1/23-1215_article,"The FDA extended vaccine emergency use authorization to ages 12 to 15. This further changed reopening politics for middle and high schools, where transmission concerns had been greater than for elementary schools. Younger children remained ineligible until later.",,,#/case/covid-schools/timeline
COVID-19 School Closures and Reopenings,Timeline entry,,,,,,,,01/2022,"Schools, Districts, State and Local Health Authorities, Families",CDC EID,https://wwwnc.cdc.gov/eid/article/30/1/23-1215_article,"Delta and Omicron variants produced renewed school-disruption waves. In 2021-22, CDC researchers identified 25,907 COVID-related school-closure events, with the weekly peak in January 2022. The closures affected more than 14.6 million students. Schools still lacked stable tools for keeping in-person learning continuous during surges.",,,#/case/covid-schools/timeline
COVID-19 School Closures and Reopenings,Timeline entry,,,,,,,,01/2022,US representative sample,Urban,https://www.urban.org/research/publication/support-mask-and-vaccine-policies-schools-falls-along-racial-and-political-lines,"Support for mitigation measures (masks, vaccines, hybrid schedules) became highly partisan by the end of 2021. Urban Institute work and polls at the time show Democrats and Black parents were more likely to support mask and vaccine mandates in schools. Republicans were far more likely to oppose them and to prioritize full in‑person reopening. Partisan and racial divides have hardened around how schools should respond to future outbreaks.",,,#/case/covid-schools/timeline
COVID-19 School Closures and Reopenings,Timeline entry,,,,,,participation (timeline),,02/2022,"San Francisco voters, three recalled commissioners",2022 SF Board of Education recall,https://en.wikipedia.org/wiki/2022_San_Francisco_Board_of_Education_recall_elections,"San Francisco voters recalled three Board of Education members by margins of 69 to 76% on 36% turnout. Voters cited schools remaining closed in 2020-21 while other districts opened. The verdict arrived 14 to 20 months after the decisions it judged. Nationally, 84 recall efforts in 2021 produced one removal in the 16 elections held.",,,#/case/covid-schools/timeline
COVID-19 School Closures and Reopenings,Timeline entry,,,,,,participation (timeline),,02/2022,"San Francisco voters, three recalled commissioners",Ballotpedia,https://news.ballotpedia.org/2021/11/08/school-board-recalls-in-2021/,"San Francisco voters recalled three Board of Education members by margins of 69 to 76% on 36% turnout. Voters cited schools remaining closed in 2020-21 while other districts opened. The verdict arrived 14 to 20 months after the decisions it judged. Nationally, 84 recall efforts in 2021 produced one removal in the 16 elections held.",,,#/case/covid-schools/timeline
COVID-19 School Closures and Reopenings,Timeline entry,,,,,,,,04/2022,"CDC, High School Students, Schools",CDC MMWR,https://www.cdc.gov/mmwr/volumes/71/su/su7103a3.htm,"CDC reported widespread adolescent mental-health strain during the pandemic. 37% of high school students experienced poor mental health, and 44% reported persistent sadness or hopelessness. Students who felt connected to school had better mental-health outcomes.",,,#/case/covid-schools/timeline
COVID-19 School Closures and Reopenings,Timeline entry,,,,,,,,12/2022,"National Center for Education Statistics, NAEP, Students and Schools",NAEP,https://www.nationsreportcard.gov/highlights/ltt/2022,National Assessment of Educational Progress (NAEP) long-term trend results showed age-9 reading scores fell 5 points and math scores fell 7 points from 2020 to 2022. The math decline was the first ever in that assessment series. The results sharpened criticism that reopening decisions did not always adequately weigh educational inequality and long-run child development.,,,#/case/covid-schools/timeline
COVID-19 School Closures and Reopenings,Timeline entry,,,,,,,,06/2024,Harvard Chan School of Public Health,De Beaumont,https://debeaumont.org/news/2024/poll-most-americans-think-key-covid-policies-were-a-good-idea,"A 2024 Harvard-de Beaumont poll found that 56% of Americans now say K‑12 closures were “generally a good idea”, alongside strong majorities for masks and other measures. Among those who call closures a bad idea, 97% cite harm to learning and 91% harm to children’s mental health. Most of them say policies lasted too long and were politically driven. Large majorities of voters agree that students are still behind because of closures and remote learning. Many experts now say schools stayed closed longer than necessary, with limited benefit for viral control but substantial academic and mental‑health costs.",,,#/case/covid-schools/timeline
COVID-19 Vaccine Mandates,Evidence,Total Harm Reduction,V1,"Federal messaging fails, on top of existing distrust -> Trust in public health agencies falls",moderate,moderate,,,,,Manhattan Institute,https://manhattan.institute/article/cdcs-covid-19-communication-failures,"The Manhattan Institute (2022) documents that CDC knowingly released a flawed diagnostic test early in 2020, delaying accurate case detection, and that its 2021 school guidance drew a public rebuke from the same scientists it cited as its evidentiary basis.","Early in 2020, CDC knowingly released a flawed test for health-care providers to assess whether people were sick from the novel coronavirus. [...] CDC's guidance on schools to support safe in-person learning drew a public rebuke in 2021 from the very scientists it cited, who claimed that CDC misinterpreted their research.",,#/case/covid-vaccines/chain/vax-total/V1
COVID-19 Vaccine Mandates,Evidence,Total Harm Reduction,V1,"Federal messaging fails, on top of existing distrust -> Trust in public health agencies falls",moderate,strong,,,,,NPR,https://www.npr.org/sections/health-shots/2022/01/07/1071449137/cdc-is-criticized-for-failing-to-communicate-promises-to-do-better,"NPR (2022) reported that CDC held only two public telebriefings in all of 2021, prompting criticism from public health experts including former CDC Director Tom Frieden and a commitment from Director Walensky to brief more often.","This is hard and I am committed to continue to improve. I anticipate that this will be the first of many briefings, and I very much look forward to them.",,#/case/covid-vaccines/chain/vax-total/V1
COVID-19 Vaccine Mandates,Evidence,Total Harm Reduction,V1,"Federal messaging fails, on top of existing distrust -> Trust in public health agencies falls",moderate,strong,,,,,Pew Research Center,https://www.pewresearch.org/science/2022/02/09/increasing-public-criticism-confusion-over-covid-19-response-in-u-s,"Pew Research Center (January 2022): 50% rated public health officials' COVID response excellent or good, down from 79% early in the pandemic.","Half of Americans now say public health officials, such as those at the CDC, are doing an excellent or good job responding to the outbreak [...] down from a high of 79% early in the outbreak.",,#/case/covid-vaccines/chain/vax-total/V1
COVID-19 Vaccine Mandates,Evidence,Total Harm Reduction,V1,"Federal messaging fails, on top of existing distrust -> Trust in public health agencies falls",moderate,moderate,,,,,University of Chicago Press,https://press.uchicago.edu/ucp/books/book/chicago/P/bo22879533.html,"Cramer's The Politics of Resentment (University of Chicago Press, 2016), based on fieldwork in rural Wisconsin communities from 2007 to 2012, documents ""rural consciousness"": distrust in government rooted in the perception that rural communities receive an unfair share of government resources, decision-making power, and respect, rather than in historical institutional harm. The fieldwork predates the pandemic by nearly a decade, identifying a driver of distrust distinct from COVID-era communication failures.",Rural voters are distrustful that politicians will respect the distinct values of their communities and allocate a fair share of resources.,"Qualitative fieldwork in a single state; documents the structure and origin of the attitude, not its magnitude or trend.",#/case/covid-vaccines/chain/vax-total/V1
COVID-19 Vaccine Mandates,Counter-evidence,Total Harm Reduction,V1,"Federal messaging fails, on top of existing distrust -> Trust in public health agencies falls",moderate,moderate,,,,,RAND RR-A308-12,https://www.rand.org/pubs/research_reports/RRA308-12.html,"RAND's American Life Panel measured trust in CDC (0–10 scale) from May to October 2020 and found the decline was partisan, not racial: White −0.8 (significant), Hispanic −0.7 (significant), Black −0.3 (not significant); Trump voters −0.8 (significant), Biden voters −0.3 (not significant). The decline did not fall hardest on the communities that equity-focused participation interventions target.",Non-Hispanic White and Hispanic respondents reported significant declines in trust [...] Changes were not statistically significant for non-Hispanic black or respondents of other races.,,#/case/covid-vaccines/chain/vax-total/V1
COVID-19 Vaccine Mandates,Participation instance,Total Harm Reduction,V1,"Federal messaging fails, on top of existing distrust -> Trust in public health agencies falls",moderate,,journalism,moved,01/2020–2023,"New York Times (160+ contributors), Johns Hopkins CSSE, volunteer trackers",NYT,https://www.nytimes.com/2020/06/29/insider/coronavirus-cases-new-york-times.html,"NYT, JHU CSSE and the COVID Tracking Project: The federal government did not publish county-level case and death data during the first year. A single NYT reporter's spreadsheet scaled to 160+ contributors across 12 departments and was viewed over a billion times; the Times won the 2021 Pulitzer Prize for Public Service for coverage that ""filled a data vacuum that helped local governments, healthcare providers, businesses and individuals to be better prepared and protected."" JHU CSSE was the first entity to publicly aggregate case data. The Times ended the project in 2023, stating that state and local agencies were ""reporting their data less frequently and less reliably.""",,,#/case/covid-vaccines/chain/vax-total/V1/p/0
COVID-19 Vaccine Mandates,Participation instance,Total Harm Reduction,V1,"Federal messaging fails, on top of existing distrust -> Trust in public health agencies falls",moderate,,journalism,moved,01/2020–2023,"New York Times (160+ contributors), Johns Hopkins CSSE, volunteer trackers",NYT Co.,https://www.nytco.com/press/updating-our-covid-data-project/,"NYT, JHU CSSE and the COVID Tracking Project: The federal government did not publish county-level case and death data during the first year. A single NYT reporter's spreadsheet scaled to 160+ contributors across 12 departments and was viewed over a billion times; the Times won the 2021 Pulitzer Prize for Public Service for coverage that ""filled a data vacuum that helped local governments, healthcare providers, businesses and individuals to be better prepared and protected."" JHU CSSE was the first entity to publicly aggregate case data. The Times ended the project in 2023, stating that state and local agencies were ""reporting their data less frequently and less reliably.""",,,#/case/covid-vaccines/chain/vax-total/V1/p/0
COVID-19 Vaccine Mandates,Participation instance,Total Harm Reduction,V1,"Federal messaging fails, on top of existing distrust -> Trust in public health agencies falls",moderate,,journalism,moved,01/2020–2023,"New York Times (160+ contributors), Johns Hopkins CSSE, volunteer trackers",Pulitzer Prizes 2021,https://www.pulitzer.org/prize-winners-by-year/2021,"NYT, JHU CSSE and the COVID Tracking Project: The federal government did not publish county-level case and death data during the first year. A single NYT reporter's spreadsheet scaled to 160+ contributors across 12 departments and was viewed over a billion times; the Times won the 2021 Pulitzer Prize for Public Service for coverage that ""filled a data vacuum that helped local governments, healthcare providers, businesses and individuals to be better prepared and protected."" JHU CSSE was the first entity to publicly aggregate case data. The Times ended the project in 2023, stating that state and local agencies were ""reporting their data less frequently and less reliably.""",,,#/case/covid-vaccines/chain/vax-total/V1/p/0
COVID-19 Vaccine Mandates,Proposed participation,Total Harm Reduction,V1,"Federal messaging fails, on top of existing distrust -> Trust in public health agencies falls",moderate,,Open data & public briefings,,,,,,"Share everything, early and openly: From the 6/8 session: in an emergency, some recognition of expertise is warranted, but not deference. Publish hospitalization and death rates at the local level and ladder them up; brief frequently on what is and is not known; start early enough that the information informs public understanding rather than arriving late. The session's premise is that if institutions adhere to a belief in the public's capability for rationality and share meaningful information, they might head off the worst of polarization. The actual record here is the substitution documented at this link: a newspaper performed the function. Presumed mechanism: Consistent official transparency early sustains trust in public health institutions, the trust that V2 shows predicts compliance.",,,#/case/covid-vaccines/chain/vax-total/V1
COVID-19 Vaccine Mandates,Open question,Total Harm Reduction,V1,"Federal messaging fails, on top of existing distrust -> Trust in public health agencies falls",moderate,,,,,,,,"A private, non-governmental channel outperformed official reporting on consistency for most of the pandemic. No study was identified that asks whether that substitution had trust consequences of its own: whether routing public information through a newspaper stabilized or further destabilized the relationship between communities and the state.",,,#/case/covid-vaccines/chain/vax-total/V1
COVID-19 Vaccine Mandates,Evidence,Total Harm Reduction,V2,Trust in public health agencies falls -> Fewer people follow guidance and get vaccinated,strong,strong,,,,,Behavioral Sciences 12(6):170,https://www.mdpi.com/2076-328X/12/6/170,"A 12-country study of 3,369 subjects (Behavioral Sciences, 2022) found trust in national political leaders was not predictive of compliance with prevention measures, while trust in national and local public health institutions was a consistent predictor across cultures, fostered by concrete practices: providing rationale, securing public feedback, and honestly expressing uncertainty.",higher trust in national and local public health institutions was a universally consistent predictor of public health compliance [...] trust in national political leaders was not predictive of compliance across cultures and geographical regions.,,#/case/covid-vaccines/chain/vax-total/V2
COVID-19 Vaccine Mandates,Evidence,Total Harm Reduction,V2,Trust in public health agencies falls -> Fewer people follow guidance and get vaccinated,strong,moderate,,,,,Healthcare 9(2):151,https://mdpi.com/2227-9032/9/2/151/htm,"In a Thailand study of 809 respondents (Healthcare, 2021), trust in health professionals (physicians, nurses, pharmacists) fully explained the effect of government trust on compliance: once trust in professionals was accounted for, trust in government no longer predicted compliance on its own (β falling from 0.133, p 0.05).",professional trust was a full mediator between the relationship between public trust in the government and the willingness of respondents to comply,,#/case/covid-vaccines/chain/vax-total/V2
COVID-19 Vaccine Mandates,Evidence,Total Harm Reduction,V2,Trust in public health agencies falls -> Fewer people follow guidance and get vaccinated,strong,weak,,,,,Chinese Journal of Communication,https://www.tandfonline.com/doi/abs/10.1080/17544750.2021.2011343,"Comparator evidence from Taiwan: the Central Epidemic Command Center held daily press conferences and distributed daily case updates through the Line messaging app from 2020 (Chinese Journal of Communication, 2022). A survey of 610 Taiwanese respondents conducted February 27 to March 4, 2020 (Scientific Reports, 2022) found government sources scored highest of all information-source types for perceived credibility, and social trust, information credibility, and personal protective measures were positively correlated.","Information from the government and research institutes had higher credibility than that from other sources, with the government having the highest score [...] Social trust, information credibility, and personal protective measures were positively correlated","Comparator from a different national context; confounders identified in the literature on public compliance in Taiwan (prior SARS experience, population density, cultural deference to authority, media structure) complicate generalizing the outcome. The credibility and behavior findings are correlational, from a single early-2020 survey.",#/case/covid-vaccines/chain/vax-total/V2
COVID-19 Vaccine Mandates,Evidence,Total Harm Reduction,V2,Trust in public health agencies falls -> Fewer people follow guidance and get vaccinated,strong,weak,,,,,Scientific Reports 12,https://www.nature.com/articles/s41598-022-20312-6,"Comparator evidence from Taiwan: the Central Epidemic Command Center held daily press conferences and distributed daily case updates through the Line messaging app from 2020 (Chinese Journal of Communication, 2022). A survey of 610 Taiwanese respondents conducted February 27 to March 4, 2020 (Scientific Reports, 2022) found government sources scored highest of all information-source types for perceived credibility, and social trust, information credibility, and personal protective measures were positively correlated.","Information from the government and research institutes had higher credibility than that from other sources, with the government having the highest score [...] Social trust, information credibility, and personal protective measures were positively correlated","Comparator from a different national context; confounders identified in the literature on public compliance in Taiwan (prior SARS experience, population density, cultural deference to authority, media structure) complicate generalizing the outcome. The credibility and behavior findings are correlational, from a single early-2020 survey.",#/case/covid-vaccines/chain/vax-total/V2
COVID-19 Vaccine Mandates,Evidence,Total Harm Reduction,V2,Trust in public health agencies falls -> Fewer people follow guidance and get vaccinated,strong,weak,,,,,Policing: An International Journal 2024,https://www.researchgate.net/publication/384897615_Correlates_of_public_compliance_with_COVID-19_regulations_in_Taiwan,"Comparator evidence from Taiwan: the Central Epidemic Command Center held daily press conferences and distributed daily case updates through the Line messaging app from 2020 (Chinese Journal of Communication, 2022). A survey of 610 Taiwanese respondents conducted February 27 to March 4, 2020 (Scientific Reports, 2022) found government sources scored highest of all information-source types for perceived credibility, and social trust, information credibility, and personal protective measures were positively correlated.","Information from the government and research institutes had higher credibility than that from other sources, with the government having the highest score [...] Social trust, information credibility, and personal protective measures were positively correlated","Comparator from a different national context; confounders identified in the literature on public compliance in Taiwan (prior SARS experience, population density, cultural deference to authority, media structure) complicate generalizing the outcome. The credibility and behavior findings are correlational, from a single early-2020 survey.",#/case/covid-vaccines/chain/vax-total/V2
COVID-19 Vaccine Mandates,Open question,Total Harm Reduction,V2,Trust in public health agencies falls -> Fewer people follow guidance and get vaccinated,strong,,,,,,,,Whether compliance is better raised by choosing which institutional and professional channels government routes information through (a design question about institutional form) than by interventions on public sentiment has not been tested.,,,#/case/covid-vaccines/chain/vax-total/V2
COVID-19 Vaccine Mandates,Evidence,Total Harm Reduction,V3,Fewer people follow guidance and get vaccinated -> Preventable deaths,strong,moderate,,,,,Peterson-KFF Health System Tracker,https://www.healthsystemtracker.org/brief/covid19-and-other-leading-causes-of-death-in-the-us/,"Peterson-KFF Health System Tracker: approximately 234,000 preventable adult deaths June 2021 – March 2022, 60% of all adult COVID deaths in the period. The unvaccinated share of deaths fell from 86% (June 2021) to 58% (January 2022).","Approximately 234,000 deaths since June 2021 could have been prevented with primary series vaccination. These vaccine-preventable deaths represent 60% of all adult COVID-19 deaths since June 2021.","Modeled from surveillance in 25 jurisdictions (66% of population), sensitive to vaccine-effectiveness assumptions.",#/case/covid-vaccines/chain/vax-total/V3
COVID-19 Vaccine Mandates,Evidence,Total Harm Reduction,V3,Fewer people follow guidance and get vaccinated -> Preventable deaths,strong,moderate,,,,,European Journal of Epidemiology,https://pubmed.ncbi.nlm.nih.gov/37093505/,"Independent replication (European Journal of Epidemiology, 2023): at least 232,000 preventable deaths (95% CI 214,000–250,000) among unvaccinated adults, May 2021 – September 2022, estimated from a nationally representative dataset with adjustment for age and time.","at least 232,000 deaths could have been prevented among unvaccinated adults during the 15 months had they been vaccinated with at least a primary series",,#/case/covid-vaccines/chain/vax-total/V3
COVID-19 Vaccine Mandates,Evidence,Total Harm Reduction,V3,Fewer people follow guidance and get vaccinated -> Preventable deaths,strong,moderate,,,,,Commonwealth Fund,https://www.commonwealthfund.org/blog/2022/two-years-covid-vaccines-prevented-millions-deaths-hospitalizations,"The Commonwealth Fund estimates the program as a whole averted 3.2 million deaths, 18.5 million hospitalizations and nearly 120 million infections, and saved $1.15 trillion in medical costs (Dec 2020 – Nov 2022).",prevented more than 3.2 million additional deaths [...] prevented more than 18.5 million additional hospitalizations [...] saved the U.S. $1.15 trillion (Credible Interval: $1.10 trillion–$1.19 trillion) in medical costs.,"Agent-based simulation, not an empirical counterfactual.",#/case/covid-vaccines/chain/vax-total/V3
COVID-19 Vaccine Mandates,Open question,Total Harm Reduction,V3,Fewer people follow guidance and get vaccinated -> Preventable deaths,strong,,,,,,,,"None of these estimates decompose averted or preventable deaths by race or ethnicity. The specific fair harm reduction quantity, excess minority deaths attributable to the vaccination lag of spring 2021, appears never to have been estimated; no study reporting it was identified.",,,#/case/covid-vaccines/chain/vax-total/V3
COVID-19 Vaccine Mandates,Evidence,Total Harm Reduction,V4,Fewer people follow guidance and get vaccinated -> Trust-building outreach tries to raise vaccination,contested,moderate,,,,,JMIR Public Health Surveill 2024,https://publichealth.jmir.org/2024/1/e49695,"A meta-analysis of community engagement in vaccination promotion (JMIR Public Health and Surveillance, 2024) found engagement went with vaccination rates 18 percentage points higher on average (95% CI 7 to 29). But of the 20 included studies (2006–2021), only 5 were randomized, and only one concerned COVID-19 vaccination; that one tracked a single group before and after, with no control group. Results varied so widely across studies (I² = 98.4%) that the average is hard to interpret.","the random effects meta-analysis of between-group intervention effects showed a small positive effect size of community engagement on promoting vaccination rates (RD 0.18, 95% CI 0.07-0.29, I² = 98.4%, P<.001)",The evidence base for community engagement in vaccination is real but almost entirely non-COVID.,#/case/covid-vaccines/chain/vax-total/V4
COVID-19 Vaccine Mandates,Evidence,Total Harm Reduction,V4,Fewer people follow guidance and get vaccinated -> Trust-building outreach tries to raise vaccination,contested,moderate,,,,,AJPH 2024 (DOI 10.2105/AJPH.2023.307517),https://ajph.aphapublications.org/doi/full/10.2105/AJPH.2023.307517,"NIH's CEAL program, the largest federal community-engagement effort, showed significantly higher adult full-vaccination rates in CEAL counties than in comparison counties matched on Social Vulnerability Index components (AJPH, 2024).",The mean percentage of vaccinated adults was significantly higher in CEAL counties than in matched non-CEAL counties.,Nonequivalent control group design. Selection into CEAL is non-random and plausibly correlated with local public-health capacity.,#/case/covid-vaccines/chain/vax-total/V4
COVID-19 Vaccine Mandates,Counter-evidence,Total Harm Reduction,V4,Fewer people follow guidance and get vaccinated -> Trust-building outreach tries to raise vaccination,contested,strong,,,,,BMC Public Health 2024 (NCT04952376),https://pubmed.ncbi.nlm.nih.gov/39026196/,"A three-arm randomized trial at a Federally Qualified Health Center (BMC Public Health, 2024) tested adding a personalized clinician recommendation (the trusted-messenger mechanism, isolated) to text outreach. 90-day vaccination: plain text 11.5%, plus clinician recommendation 11.6%, plus two-way SMS 8.5%. The trial found no improvement from the clinician recommendation.",Digitally-enabled outreach that included SMS messaging outreach augmented with clinician recommendations did not improve COVID-19 vaccination rates.,,#/case/covid-vaccines/chain/vax-total/V4
COVID-19 Vaccine Mandates,Counter-evidence,Total Harm Reduction,V4,Fewer people follow guidance and get vaccinated -> Trust-building outreach tries to raise vaccination,contested,strong,,,,,Prev Med Rep 2022,https://escholarship.org/uc/item/40k8998w,"An online randomized trial of 4,190 unvaccinated adults (April 2021), oversampling Black, Latinx, conservative and religious respondents, randomly tailored messages to participant identity and varied celebrity endorsers, and found no support for the hypothesis that customized messages or endorsers reduce hesitancy. In a post hoc analysis, a Fauci endorsement reduced stated intent among conservatives.",We find no support for the hypothesis that customized messages or endorsers reduce vaccine hesitancy among our segments. [...] A post hoc analysis finds evidence that a vaccine endorsement from Dr. Fauci reduces stated intent to vaccinate among conservatives.,"Measures intent, not uptake.",#/case/covid-vaccines/chain/vax-total/V4
COVID-19 Vaccine Mandates,Counter-evidence,Total Harm Reduction,V4,Fewer people follow guidance and get vaccinated -> Trust-building outreach tries to raise vaccination,contested,strong,,,,,"Sirek et al. 2024 (BMJ Open protocol, NCT05822219)",https://pubmed.ncbi.nlm.nih.gov/39181556/,"The textbook trusted-messenger study, a Popular Opinion Leader cluster-randomized trial for COVID vaccine information and uptake among Black adults with rheumatic conditions in Boston and Chicago, began recruiting in February 2024, three years after the rollout, and had not reported results as of the protocol's publication.","This trial began recruitment in February 2024 in Boston, Massachusetts and Chicago, Illinois, USA.",,#/case/covid-vaccines/chain/vax-total/V4
COVID-19 Vaccine Mandates,Counter-evidence,Total Harm Reduction,V4,Fewer people follow guidance and get vaccinated -> Trust-building outreach tries to raise vaccination,contested,strong,,,,,J Public Health 2024 (mobile units RCT),https://academic.oup.com/jpubhealth/article/46/1/151/7434434,"For scale comparison: a cluster RCT of mobile vaccination units across 20 communities produced 12.8% vs 3.8%: a 9.0 point, 3.4× effect, with no measured reduction at fixed sites. Text reminders across 3.66 million CVS patients raised 30-day booster uptake by 1.05 percentage points (Nature, 2024). Mandates produced cumulative gains of +4.7 to +12 points (Nature Human Behaviour, 2022). None of these instruments operates on trust.",The vaccination rate in the sample of the treatment group surpassed the rate in the control group by a factor of 3.4 (+9.0 percentage points) over 3 weeks.,,#/case/covid-vaccines/chain/vax-total/V4
COVID-19 Vaccine Mandates,Counter-evidence,Total Harm Reduction,V4,Fewer people follow guidance and get vaccinated -> Trust-building outreach tries to raise vaccination,contested,strong,,,,,Nature 2024 (nudge megastudy),https://www.nature.com/articles/s41586-024-07591-x,"For scale comparison: a cluster RCT of mobile vaccination units across 20 communities produced 12.8% vs 3.8%: a 9.0 point, 3.4× effect, with no measured reduction at fixed sites. Text reminders across 3.66 million CVS patients raised 30-day booster uptake by 1.05 percentage points (Nature, 2024). Mandates produced cumulative gains of +4.7 to +12 points (Nature Human Behaviour, 2022). None of these instruments operates on trust.",The vaccination rate in the sample of the treatment group surpassed the rate in the control group by a factor of 3.4 (+9.0 percentage points) over 3 weeks.,,#/case/covid-vaccines/chain/vax-total/V4
COVID-19 Vaccine Mandates,Participation instance,Total Harm Reduction,V4,Fewer people follow guidance and get vaccinated -> Trust-building outreach tries to raise vaccination,contested,,service,unmeasured,02/2021–05/2021,"Latino Task Force, UCSF, community health workers, 11,098 residents",PLOS ONE,https://journals.plos.org/plosone/article?id=10.1371/journal.pone.0257111,"Unidos en Salud, Mission District, San Francisco: A community-run low-barrier vaccination site. 20,792 doses to 11,098 unique people over 16 weeks; 98.4% second-dose completion; 70.5% of clients Latinx against 13.3% of the city's overall vaccinated population. Among Latinx clients, 47.3% were uninsured (vs 16.0% of non-Latinx clients) and 62.4% lacked a primary care provider (vs 36.2%). 58.3% of clients reported they were able to get vaccinated earlier because of the site.",,,#/case/covid-vaccines/chain/vax-total/V4/p/0
COVID-19 Vaccine Mandates,Participation instance,Total Harm Reduction,V4,Fewer people follow guidance and get vaccinated -> Trust-building outreach tries to raise vaccination,contested,,service,unmeasured,02/2021–05/2021,"Latino Task Force, UCSF, community health workers, 11,098 residents",PubMed 34543291,https://pubmed.ncbi.nlm.nih.gov/34543291/,"Unidos en Salud, Mission District, San Francisco: A community-run low-barrier vaccination site. 20,792 doses to 11,098 unique people over 16 weeks; 98.4% second-dose completion; 70.5% of clients Latinx against 13.3% of the city's overall vaccinated population. Among Latinx clients, 47.3% were uninsured (vs 16.0% of non-Latinx clients) and 62.4% lacked a primary care provider (vs 36.2%). 58.3% of clients reported they were able to get vaccinated earlier because of the site.",,,#/case/covid-vaccines/chain/vax-total/V4/p/0
COVID-19 Vaccine Mandates,Participation instance,Total Harm Reduction,V4,Fewer people follow guidance and get vaccinated -> Trust-building outreach tries to raise vaccination,contested,,service,unmeasured,2021,"Barbers, stylists, public librarians, community members",Vaccines 12(9):1011,https://doi.org/10.3390/vaccines12091011,"Barbershops, salons and public libraries as vaccination and information sites: In-depth interviews with 16 South Carolina barbers and stylists (Vaccines, 2024) found delivering COVID-19 testing and vaccination promotion through barbershops acceptable to them, grounded in ""strong trust relationships with clients"" and perceived community influence. A study of 80 libraries' web and social media communication (Public Library Quarterly, 2023) found that sharing local-partnership and accessibility information was among the categories associated with higher vaccination rates.",,,#/case/covid-vaccines/chain/vax-total/V4/p/1
COVID-19 Vaccine Mandates,Participation instance,Total Harm Reduction,V4,Fewer people follow guidance and get vaccinated -> Trust-building outreach tries to raise vaccination,contested,,service,unmeasured,2021,"Barbers, stylists, public librarians, community members",Public Library Quarterly,https://www.tandfonline.com/doi/full/10.1080/01616846.2023.2197842,"Barbershops, salons and public libraries as vaccination and information sites: In-depth interviews with 16 South Carolina barbers and stylists (Vaccines, 2024) found delivering COVID-19 testing and vaccination promotion through barbershops acceptable to them, grounded in ""strong trust relationships with clients"" and perceived community influence. A study of 80 libraries' web and social media communication (Public Library Quarterly, 2023) found that sharing local-partnership and accessibility information was among the categories associated with higher vaccination rates.",,,#/case/covid-vaccines/chain/vax-total/V4/p/1
COVID-19 Vaccine Mandates,Open question,Total Harm Reduction,V4,Fewer people follow guidance and get vaccinated -> Trust-building outreach tries to raise vaccination,contested,,,,,,,,"Community engagement was deployed at very large scale, and no credible causal estimates of its effect on COVID-19 uptake were identified. The community-engagement literature is dominated by single-arm evaluations that report reach (who showed up) and infer effect (who would not otherwise have been vaccinated). Unidos en Salud is the best of these and its own authors state they cannot disentangle the components. Citing ""70.5% Latinx vs 13.3% citywide"" as an effect size reads a composition statistic as a causal estimate.",,,#/case/covid-vaccines/chain/vax-total/V4
COVID-19 Vaccine Mandates,Open question,Total Harm Reduction,V4,Fewer people follow guidance and get vaccinated -> Trust-building outreach tries to raise vaccination,contested,,,,,,,,No barbershop or salon RCT for COVID vaccination uptake was identified. The barbershop trial evidence base is chronic-disease work; the inferential leap to COVID vaccination has not been tested.,,,#/case/covid-vaccines/chain/vax-total/V4
COVID-19 Vaccine Mandates,Evidence,Total Harm Reduction,V5,"Trust-building outreach tries to raise vaccination -> Mandates replace persuasion; more get vaccinated, but a fight over authority begins",strong,strong,,,,,Karaivanov et al. 2022,https://www.nature.com/articles/s41562-022-01363-1,"Difference-in-differences across ten Canadian provinces plus time-series analysis for France, Italy and Germany (Nature Human Behaviour, 2022): mandate announcements were associated with a 66% increase in weekly first doses; cumulative gains by Oct 31, 2021 of up to +5 points (Canada), +8 (France), +12 (Italy), +4.7 (Germany).","a mandate announcement is associated with an average increase of about 66% (50.6 log points; P = 0.001; 95% CI, 25–77; in column 2) in weekly first doses",,#/case/covid-vaccines/chain/vax-total/V5
COVID-19 Vaccine Mandates,Evidence,Total Harm Reduction,V5,"Trust-building outreach tries to raise vaccination -> Mandates replace persuasion; more get vaccinated, but a fight over authority begins",strong,strong,,,,,NFIB v. OSHA,https://www.supremecourt.gov/opinions/21pdf/21a244_hgci.pdf,"The legitimacy contest resolved judicially rather than deliberatively: on January 13, 2022 the Supreme Court stayed the OSHA large-employer rule (NFIB v. OSHA) while allowing the CMS healthcare-worker mandate to take effect (Biden v. Missouri), and the Senate voted 52–48 on December 8, 2021 to disapprove the OSHA regulation.","OSHA's COVID–19 Vaccination and Testing; Emergency Temporary Standard, 86 Fed. Reg. 61402, is stayed pending disposition",,#/case/covid-vaccines/chain/vax-total/V5
COVID-19 Vaccine Mandates,Evidence,Total Harm Reduction,V5,"Trust-building outreach tries to raise vaccination -> Mandates replace persuasion; more get vaccinated, but a fight over authority begins",strong,strong,,,,,Biden v. Missouri,https://www.supremecourt.gov/opinions/21pdf/21a240_d18e.pdf,"The legitimacy contest resolved judicially rather than deliberatively: on January 13, 2022 the Supreme Court stayed the OSHA large-employer rule (NFIB v. OSHA) while allowing the CMS healthcare-worker mandate to take effect (Biden v. Missouri), and the Senate voted 52–48 on December 8, 2021 to disapprove the OSHA regulation.","OSHA's COVID–19 Vaccination and Testing; Emergency Temporary Standard, 86 Fed. Reg. 61402, is stayed pending disposition",,#/case/covid-vaccines/chain/vax-total/V5
COVID-19 Vaccine Mandates,Evidence,Total Harm Reduction,V5,"Trust-building outreach tries to raise vaccination -> Mandates replace persuasion; more get vaccinated, but a fight over authority begins",strong,strong,,,,,CNBC (Senate vote),https://www.cnbc.com/2021/12/08/biden-vaccine-mandate-senate-votes-to-overturn-osha-rule.html,"The legitimacy contest resolved judicially rather than deliberatively: on January 13, 2022 the Supreme Court stayed the OSHA large-employer rule (NFIB v. OSHA) while allowing the CMS healthcare-worker mandate to take effect (Biden v. Missouri), and the Senate voted 52–48 on December 8, 2021 to disapprove the OSHA regulation.","OSHA's COVID–19 Vaccination and Testing; Emergency Temporary Standard, 86 Fed. Reg. 61402, is stayed pending disposition",,#/case/covid-vaccines/chain/vax-total/V5
COVID-19 Vaccine Mandates,Evidence,Total Harm Reduction,V5,"Trust-building outreach tries to raise vaccination -> Mandates replace persuasion; more get vaccinated, but a fight over authority begins",strong,moderate,,,,,KFF Tracking Poll April 2025,https://www.kff.org/health-information-trust/kff-tracking-poll-on-health-information-and-trust-vaccine-safety-and-trust/,"In KFF's April 2025 tracking poll, 59% of adults trusted the CDC to provide reliable vaccine information; Democrats' trust fell to 70% from 88% in 2023 while Republicans' rose to 51% from 40%, a partisan convergence. Confidence that the COVID-19 vaccines are safe: 87% of Democrats, 30% of Republicans.","Just over half (56%) of adults say they are at least ""somewhat confident"" that the COVID-19 vaccines are safe, including nearly nine in ten Democrats (87%), about half of independents (55%), but just three in ten Republicans.","Cross-sectional polling; the partisan composition of trust shifted with the change of administration, so trust measures may track the identity of officeholders rather than a stable institutional attitude.",#/case/covid-vaccines/chain/vax-total/V5
COVID-19 Vaccine Mandates,Participation instance,Total Harm Reduction,V5,"Trust-building outreach tries to raise vaccination -> Mandates replace persuasion; more get vaccinated, but a fight over authority begins",strong,,litigation,partial,10/2021,"NYPD unions, Chicago and Washington police unions, municipal employees",New York Times,https://www.nytimes.com/2021/10/25/nyregion/nypd-police-covid-vaccine-mandate-deblasio.html,"Police and municipal union litigation against city mandates: Unions sued to block municipal vaccine mandates in October 2021, arguing the terms had not been collectively bargained. The same instrument that gave teachers binding voice on school reopening gave police binding voice on mandates: collective bargaining supplied a procedural channel that bound the employer, a channel other stakeholder groups did not have.",,,#/case/covid-vaccines/chain/vax-total/V5/p/0
COVID-19 Vaccine Mandates,Proposed participation (unstudied link),Total Harm Reduction,V5,"Trust-building outreach tries to raise vaccination -> Mandates replace persuasion; more get vaccinated, but a fight over authority begins",strong,,Citizens assembly / mini-public,,,,,,"Public deliberation before any mandate: From the 6/8 session: convene a mini-public before any mandate, on the value tradeoff rather than the science, in which ordinary citizens engage expert knowledge as a means of generating the political legitimacy of science. Decisions decentralized, with regional variation accepted as an output rather than a failure: ""some places might decide not to vaccinate; so be it."" The session read this and the GenX case as counterexamples to the claim that complex policy domains exceed the competence of ordinary citizens deciding in assembly. Presumed mechanism: A deliberative process convened before a mandate changes subsequent compliance or the perceived legitimacy of the mandate.",,,#/case/covid-vaccines/chain/vax-total/V5
COVID-19 Vaccine Mandates,Open question,Total Harm Reduction,V5,"Trust-building outreach tries to raise vaccination -> Mandates replace persuasion; more get vaccinated, but a fight over authority begins",strong,,,,,,,,"No study was identified testing whether a deliberative process convened before a mandate (on the value tradeoff, not the science) changes subsequent compliance or perceived legitimacy. The question is answerable prospectively in a future public health emergency.",,,#/case/covid-vaccines/chain/vax-total/V5
COVID-19 Vaccine Mandates,Evidence,Fair Harm Reduction,F1,"Access barriers, plus past harm from institutions -> Early vaccination is unequal by race",strong,moderate,,,,,KFF,https://www.kff.org/covid-19/latest-data-on-covid-19-vaccinations-by-race-ethnicity/,"KFF administrative data, late April 2021, at least one dose: White 38%, Hispanic 25%, Black 24%: gaps of 13 and 14 percentage points.","Between late April 2021, when most adults became eligible for vaccines across states, and July 11, 2022, the gap in vaccination rates between White and Black people fell from 14 percentage points (38% vs. 24%) to 5 percentage points",State administrative data with incomplete race reporting.,#/case/covid-vaccines/chain/vax-fair/F1
COVID-19 Vaccine Mandates,Evidence,Fair Harm Reduction,F1,"Access barriers, plus past harm from institutions -> Early vaccination is unequal by race",strong,moderate,,,,,MMWR 70(22),https://www.cdc.gov/mmwr/volumes/70/wr/mm7022e1.htm,"CDC (MMWR, 2021): by May 1, 2021 adult coverage was 49.0% in the highest-SVI county quartile vs 59.3% in the lowest (a 10.3 point gap) and disparities by social vulnerability increased over time.","By May 1, 2021, after states opened eligibility to all adults, vaccination coverage was lower among adults living in counties with the highest overall SVI (Q4 coverage = 49.0% versus Q1 coverage = 59.3%) [...] Disparities in vaccination coverage by SVI increased over time",,#/case/covid-vaccines/chain/vax-fair/F1
COVID-19 Vaccine Mandates,Evidence,Fair Harm Reduction,F1,"Access barriers, plus past harm from institutions -> Early vaccination is unequal by race",strong,moderate,,,,,KFF Vaccine Monitor,https://www.kff.org/covid-19/kff-covid-19-vaccine-monitor-access-information-experiences-hispanic-adults/,"KFF Vaccine Monitor, among unvaccinated Hispanic adults (April 2021): 64% worried about missing work due to side effects, 52% about out-of-pocket cost, 49% concerned they could not get the vaccine from a place they trust, 35% had immigration-status concerns (63% among likely-undocumented). 54% of employed respondents not yet ready to vaccinate said paid time off would make them more likely to do so.",Nearly two-thirds (64%) are concerned about missing work due to side effects [...] Nearly half are concerned they won't be able to get the vaccine from a place they trust (49%).,,#/case/covid-vaccines/chain/vax-fair/F1
COVID-19 Vaccine Mandates,Evidence,Fair Harm Reduction,F1,"Access barriers, plus past harm from institutions -> Early vaccination is unequal by race",strong,moderate,,,,,"Culture, Medicine & Psychiatry",https://link.springer.com/article/10.1007/s11013-023-09835-3,"Focus-group research with Black, Latinx/Indigenous Latin American and Native American communities (Culture, Medicine and Psychiatry, 2023) found historical institutional trauma shaped trust in testing and vaccination independent of message quality; identical guidance produced different responses depending on trust history.","Historical, cultural, and social trauma induce fear and mistrust in public health and medical institutions influencing COVID-19 testing and vaccination decisions in communities of color in Inland Southern California.",,#/case/covid-vaccines/chain/vax-fair/F1
COVID-19 Vaccine Mandates,Evidence,Fair Harm Reduction,F2,"Early vaccination is unequal by race -> Access, not hesitancy, is the main barrier",strong,strong,,,,,PNAS Nexus 2023,https://academic.oup.com/pnasnexus/article/2/12/pgad411/7459517,"A PNAS Nexus study (2023) tested the link between distance and uptake 6,096 different ways: in 98% of the analyses, people living farther from a vaccination site were less likely to be vaccinated (significant in 86%), regardless of partisanship. When Chicago opened new sites, vaccination rose in 73% of the analyses, and among seniors every analysis showed a gain (96% significant).","vaccine uptake significantly increased after site opening in 560 of 768 models (73%) [...] reducing distance may be a promising, noncoercive lever for addressing undervaccination",,#/case/covid-vaccines/chain/vax-fair/F2
COVID-19 Vaccine Mandates,Evidence,Fair Harm Reduction,F2,"Early vaccination is unequal by race -> Access, not hesitancy, is the main barrier",strong,strong,,,,,J Public Health 46(1):151,https://academic.oup.com/jpubhealth/article/46/1/151/7434434,"Cluster RCT of mobile vaccination units: 12.8% vs 3.8% vaccinated, a 9.0 point / 3.4× effect across 20 randomized communities and 20,414 unvaccinated adults, with no measured reduction at fixed sites (2.7% vs 2.8% at vaccination centers).",The vaccination rate in the sample of the treatment group surpassed the rate in the control group by a factor of 3.4 (+9.0 percentage points) over 3 weeks.,"Switzerland, not the US.",#/case/covid-vaccines/chain/vax-fair/F2
COVID-19 Vaccine Mandates,Proposed participation,Fair Harm Reduction,F2,"Early vaccination is unequal by race -> Access, not hesitancy, is the main barrier",strong,,Community advisory & co-design,,,,,,"Let communities design how vaccines reach them: Affected communities decide where and how vaccination access is delivered: siting of mobile units, hours, locations, paid-time-off coordination. Of the proposals in this project, this is the one whose mechanism rests on the strongest causal evidence: distance reduced uptake in 98 percent of the analyses, and the randomized trial of mobile units produced the largest measured uptake effect in the literature reviewed here. The design question the record leaves open is who chooses the sites, not whether sites work. Presumed mechanism: Removing access barriers raises uptake; community knowledge of local material conditions places the infrastructure where the barriers actually are.",,,#/case/covid-vaccines/chain/vax-fair/F2
COVID-19 Vaccine Mandates,Evidence,Fair Harm Reduction,F3,"Access, not hesitancy, is the main barrier -> Federal equity programs roll out at scale",moderate,moderate,,,,,Public Health Reports 138(6),https://journals.sagepub.com/doi/10.1177/00333549231186606,"The Federal Retail Pharmacy Program administered 219 million doses (44.5% of all doses given nationwide, Feb 2021 – Jan 2022), scaling from ~10,000 to >35,000 sites by May 2021. 46.5% of doses went to high-Equitable-Distribution-Index areas, rising from 26.6% in Q1 to 50.9% in Q2.","From February 11, 2021, through January 31, 2022, FRPP received 293 million vaccine doses and administered 219 million doses [...] FRPP initially provided 10 000 vaccination sites for people to access COVID-19 vaccines, which was increased to >35 000 vaccination sites by May 2021",Reach measure. No counterfactual for what coverage would have been without it.,#/case/covid-vaccines/chain/vax-fair/F3
COVID-19 Vaccine Mandates,Evidence,Fair Harm Reduction,F3,"Access, not hesitancy, is the main barrier -> Federal equity programs roll out at scale",moderate,moderate,,,,,HHS fact sheet,https://www.hhs.gov/sites/default/files/black-history-month-2022-fact-sheet.pdf,"HHS reports community health centers administered nearly 19 million doses, 68% to racial and/or ethnic minority patients (as of January 2022). A JAMA Network Open study of 1,096 FQHCs serving 25.9 million patients found 61.4% of doses went to people of color against a 40% national average (Jan – Jul 2021).","Health centers have administered nearly 19 million COVID-19 vaccine doses [...] Overall, 68 percent has gone to racial and/or ethnic minority patients as of January 14, 2022.",,#/case/covid-vaccines/chain/vax-fair/F3
COVID-19 Vaccine Mandates,Evidence,Fair Harm Reduction,F3,"Access, not hesitancy, is the main barrier -> Federal equity programs roll out at scale",moderate,moderate,,,,,JAMA Network Open,https://jamanetwork.com/journals/jamanetworkopen/fullarticle/2787771,"HHS reports community health centers administered nearly 19 million doses, 68% to racial and/or ethnic minority patients (as of January 2022). A JAMA Network Open study of 1,096 FQHCs serving 25.9 million patients found 61.4% of doses went to people of color against a 40% national average (Jan – Jul 2021).","Health centers have administered nearly 19 million COVID-19 vaccine doses [...] Overall, 68 percent has gone to racial and/or ethnic minority patients as of January 14, 2022.",,#/case/covid-vaccines/chain/vax-fair/F3
COVID-19 Vaccine Mandates,Evidence,Fair Harm Reduction,F3,"Access, not hesitancy, is the main barrier -> Federal equity programs roll out at scale",moderate,moderate,,,,,BU School of Public Health summary,https://www.bu.edu/sph/news/articles/2022/health-centers-are-improving-covid-19-vaccine-equity-among-people-of-color,"HHS reports community health centers administered nearly 19 million doses, 68% to racial and/or ethnic minority patients (as of January 2022). A JAMA Network Open study of 1,096 FQHCs serving 25.9 million patients found 61.4% of doses went to people of color against a 40% national average (Jan – Jul 2021).","Health centers have administered nearly 19 million COVID-19 vaccine doses [...] Overall, 68 percent has gone to racial and/or ethnic minority patients as of January 14, 2022.",,#/case/covid-vaccines/chain/vax-fair/F3
COVID-19 Vaccine Mandates,Counter-evidence,Fair Harm Reduction,F3,"Access, not hesitancy, is the main barrier -> Federal equity programs roll out at scale",moderate,strong,,,,,DHS OIG-22-74,https://www.oig.dhs.gov/sites/default/files/assets/2022-09/OIG-22-74-Sep22.pdf,"DHS's Inspector General (2022) found FEMA had not finalized its equity guidance and lacked systems to collect demographic data on applicants, leaving the agency unable to verify whom its vaccination resources reached.","Without a system of records, FEMA cannot accurately identify and target resources to underserved and marginalized communities.",,#/case/covid-vaccines/chain/vax-fair/F3
COVID-19 Vaccine Mandates,Counter-evidence,Fair Harm Reduction,F3,"Access, not hesitancy, is the main barrier -> Federal equity programs roll out at scale",moderate,moderate,,,,,NBC News analysis,https://www.nbcnews.com/politics/white-house/federal-vaccination-data-show-mixed-record-equity-n1276833,"An NBC News analysis found federal Community Vaccination Center performance varied widely by site: Cleveland delivered nearly 3 of every 4 doses to White recipients in a city 33.8% White, while Newark delivered 16.8% to White recipients in an 11%-White city. Demographic data were available for only 81.4% of doses (roughly 19% had none).","At the New Jersey Institute of Technology's Wellness and Events Center in Newark, just 16.8 percent of nearly 286,000 shots were administered to whites. The city's population is 11 percent non-Hispanic white.",,#/case/covid-vaccines/chain/vax-fair/F3
COVID-19 Vaccine Mandates,Participation instance,Fair Harm Reduction,F3,"Access, not hesitancy, is the main barrier -> Federal equity programs roll out at scale",moderate,,service,unmeasured,2021–2022,"HHS, 150 community-based organizations across 50 states, 73 local governments",HHS fact sheet,https://www.hhs.gov/sites/default/files/black-history-month-2022-fact-sheet.pdf,"Federal community-engagement funding: $323M to 150 community-based organizations for vaccine outreach, $250M to 73 local governments for culturally appropriate health literacy, $500M across two awards for community health workers ($300M for high-risk populations, $200M for vaccination in underserved communities), $2.25B for COVID health disparities, $29M for vaccine-confidence research in communities of color.",,,#/case/covid-vaccines/chain/vax-fair/F3/p/0
COVID-19 Vaccine Mandates,Participation instance,Fair Harm Reduction,F3,"Access, not hesitancy, is the main barrier -> Federal equity programs roll out at scale",moderate,,service,unmeasured,2021–2022,"HHS, 150 community-based organizations across 50 states, 73 local governments",Healthcare Dive,https://www.healthcaredive.com/news/hhs-will-send-250m-in-grants-for-vaccine-equity-push/596372/,"Federal community-engagement funding: $323M to 150 community-based organizations for vaccine outreach, $250M to 73 local governments for culturally appropriate health literacy, $500M across two awards for community health workers ($300M for high-risk populations, $200M for vaccination in underserved communities), $2.25B for COVID health disparities, $29M for vaccine-confidence research in communities of color.",,,#/case/covid-vaccines/chain/vax-fair/F3/p/0
COVID-19 Vaccine Mandates,Proposed participation (unstudied link),Fair Harm Reduction,F3,"Access, not hesitancy, is the main barrier -> Federal equity programs roll out at scale",moderate,,Built-in program evaluation,,,,,,"Fund evaluation alongside the programs: Fund a counterfactual evaluation as a condition of every community-engagement award, so that roughly $1.1 billion in participation infrastructure does not exist in the record only as dollar figures and dose counts. The 6/8 session's question sits behind this: what information is already available, and is it used by and shared with the public? Presumed mechanism: Evaluation funded alongside delivery produces the effect estimates this link currently lacks, and future emergencies inherit evidence instead of reach statistics.",,,#/case/covid-vaccines/chain/vax-fair/F3
COVID-19 Vaccine Mandates,Open question,Fair Harm Reduction,F3,"Access, not hesitancy, is the main barrier -> Federal equity programs roll out at scale",moderate,,,,,,,,No published outcome evaluation of any of these line items was identified. Roughly $1.1 billion in participation infrastructure exists in the record as dollar figures and dose counts and nothing else. Whether funding evaluation at the same time as program delivery would close this gap is untested; on the current record the programs' effect on uptake cannot be estimated.,,,#/case/covid-vaccines/chain/vax-fair/F3
COVID-19 Vaccine Mandates,Evidence,Fair Harm Reduction,F4,Federal equity programs roll out at scale -> The racial vaccination gap narrows,unstudied,moderate,,,,,MMWR 71(23),https://www.cdc.gov/mmwr/volumes/71/wr/mm7123a2.htm,"By the end of November 2021, CDC survey data showed at-least-one-dose coverage was similar across groups: Black 78.2%, Hispanic 81.3%, White 78.7%. Among those still unvaccinated in late 2021, intent to get vaccinated was higher among Black (11.2%) and Hispanic (9.3%) adults than White adults (6.2%).","By the end of November 2021, national ≥1-dose COVID-19 vaccination coverage was similar for Black (78.2%), Hispanic (81.3%), NH/OPI (75.7%), and White adults (78.7%)","Administrative data disagree: KFF still showed a 5-point Black–White gap in July 2022, and self-report tends to overstate minority coverage. Whether the gap closed depends on the measure used.",#/case/covid-vaccines/chain/vax-fair/F4
COVID-19 Vaccine Mandates,Counter-evidence,Fair Harm Reduction,F4,Federal equity programs roll out at scale -> The racial vaccination gap narrows,unstudied,strong,,,,,Annenberg Public Policy Center,https://www.annenbergpublicpolicycenter.org/publication/what-caused-the-narrowing-of-black-white-covid-19-vaccination-disparity-in-the-us-a-test-of-5-hypotheses/,"A national probability panel of more than 1,800 individuals (Annenberg Public Policy Center) tracked reported dose receipt April 2021 – July 2022 and tested five explanations for the narrowing. Only knowledge explained it. Trust in CDC correlated with vaccination at baseline but had no association with the change in coverage, and neither differential access nor media use explained the increase. The authors attribute the change to knowledge transmitted from within the Black community.","Only increases in knowledge about the safety and efficacy of COVID-19 vaccines uniquely mediated the increase in vaccination uptake among non-Hispanic Black compared to White, Asian and Hispanic panelists. [...] neither differential access nor media use explained the increase.",Observational mediation analysis. It rules out differential access and CDC trust as mediators of the change but does not identify which community processes transmitted the knowledge.,#/case/covid-vaccines/chain/vax-fair/F4
COVID-19 Vaccine Mandates,Counter-evidence,Fair Harm Reduction,F4,Federal equity programs roll out at scale -> The racial vaccination gap narrows,unstudied,moderate,,,,,Vaccine 41(14),https://pubmed.ncbi.nlm.nih.gov/36894396/,"A national longitudinal survey (Vaccine, 2023; n=6,078, Dec 2020 – Jul 2021) found that after adjusting for education, household income, marital status, chronic conditions, trust in vaccine development, and perceived infection risk, no significant racial or ethnic differences in initiation or completion remained. The disparities ran through social and economic conditions, psychological influences, and chronic health conditions.","After accounting for the mediators, there were no significant differences in vaccine initiation or completion between each minoritized group as compared to White Americans.",,#/case/covid-vaccines/chain/vax-fair/F4
COVID-19 Vaccine Mandates,Open question,Fair Harm Reduction,F4,Federal equity programs roll out at scale -> The racial vaccination gap narrows,unstudied,,,,,,,,No published analysis attributes the 2021 narrowing to any specific intervention. Supply normalization plus time plus endogenous within-community information spread remains unexcluded and is the most parsimonious explanation; the claim that community engagement closed the gap is not currently supported by the literature.,,,#/case/covid-vaccines/chain/vax-fair/F4
COVID-19 Vaccine Mandates,Open question,Fair Harm Reduction,F4,Federal equity programs roll out at scale -> The racial vaccination gap narrows,unstudied,,,,,,,,"The mediator the Annenberg analysis identifies (knowledge moving through community networks) is a form of participation that no program designed, funded, or measured. No study was identified that tests whether a designed intervention can reproduce that endogenous diffusion.",,,#/case/covid-vaccines/chain/vax-fair/F4
COVID-19 Vaccine Mandates,Mechanism that should have worked,,,,,,,acted-no-effect,,"CDC advisory committee, public commenters",STAT,https://www.statnews.com/2021/10/07/cdc-director-defends-decision-to-overrule-expert-panel-on-covid-booster-shots-for-health-workers/,"ACIP public comment: The committee took public comments before each vaccine vote, but the record does not show whether any comment changed a vote, and the CDC director could overrule the committee. The Advisory Committee on Immunization Practices (ACIP) advises the Centers for Disease Control and Prevention (CDC) on vaccine recommendations. Its meetings ran by open webcast from December 2020 onward. Anyone could file a written comment or sign up for a three-minute oral slot, so commenters selected themselves. The committee could only recommend, and the CDC director made the final decision. In September 2021 ACIP voted against boosters for adults at occupational risk, and the CDC director overruled the committee within hours. The record does not show whether any public comment changed a committee vote. No study measured the effect of the comment process.",,,#/case/covid-vaccines/spine/m/0
COVID-19 Vaccine Mandates,Mechanism that should have worked,,,,,,,partial,,Vaccines and Related Biological Products Advisory Committee (VRBPAC),Healio,https://www.healio.com/news/infectious-disease/20210917/fda-committee-votes-against-blanket-recommendation-for-covid19-vaccine-boosters,"FDA advisory committee review: The FDA advisory committee narrowed the booster authorization in September 2021, but it could only recommend, and the occupational category widened again at the CDC step. The Food and Drug Administration (FDA) convened its Vaccines and Related Biological Products Advisory Committee (VRBPAC) in September 2021 to review the Pfizer booster application. The members are outside experts the FDA appoints. The committee could only advise. It voted 16 to 2 against boosters for everyone 16 and older, then 18 to 0 for people 65 and older and people at high risk. The FDA followed the narrowed recommendation in its authorization. The Centers for Disease Control and Prevention (CDC) then widened the occupational category. Of the advisory bodies in this case, this committee changed a federal decision most visibly. No study measured whether the narrowing changed uptake or trust.",,,#/case/covid-vaccines/spine/m/1
COVID-19 Vaccine Mandates,Mechanism that should have worked,,,,,,,acted-no-effect,,"OSHA, 122,485 commenters",Federal Register,https://www.federalregister.gov/documents/2021/11/05/2021-23643/covid-19-vaccination-and-testing-emergency-temporary-standard,"Notice-and-comment rulemaking: OSHA took 122,485 public comments on its vaccine rule, but the rule had already taken effect, and the Supreme Court stayed it before any comment could change it. The Occupational Safety and Health Administration (OSHA) published its emergency temporary standard in November 2021. The rule took effect on publication. The same document served as the proposal for a final standard, with comments due a month later. Anyone could comment, and 122,485 people and organizations did. The comment process was consultative. The rule was already in force when the comments arrived. The Supreme Court stayed the rule in January 2022 before OSHA issued any final standard. The record does not show that any comment changed the rule. The emergency instrument put participation after the decision.",,,#/case/covid-vaccines/spine/m/2
COVID-19 Vaccine Mandates,Mechanism that should have worked,,,,,,,partial,,US Senate,US Supreme Court,https://www.supremecourt.gov/opinions/21pdf/21a244_hgci.pdf,"Congressional review: The Senate voted to disapprove the OSHA rule in December 2021, and the Supreme Court noted that vote, but the vote did not repeal the rule. The Senate can vote to disapprove an agency rule. In December 2021 it voted 52 to 48 to disapprove the Occupational Safety and Health Administration (OSHA) vaccine rule. Elected senators cast the votes. The vote could review the rule but could not repeal it on its own, and the rule stayed in force. The vote did enter the record. In January 2022 the Supreme Court majority noted that one chamber had affirmatively rejected the agency rule. The record does not show how much weight the vote carried in the Court's decision.",,,#/case/covid-vaccines/spine/m/3
COVID-19 Vaccine Mandates,Mechanism that should have worked,,,,,,,worked,,"Federal courts, Supreme Court",US Supreme Court,https://www.supremecourt.gov/opinions/21pdf/21a244_hgci.pdf,"Courts: Federal courts settled who had the authority to mandate, and the agencies had to follow their rulings, but no public deliberation fed into them. Workers, states, businesses, and unions sued over the mandates from fall 2021. Federal judges and the Supreme Court decided the cases. The parties were whoever had standing to sue, and judges hold decision-making power. In November 2021 the Court declined to block Maine's no-exemption mandate. In January 2022 it stayed the large-employer rule and allowed the healthcare-worker mandate. The rulings took effect at once. Courts settled the question of authority that no deliberative process ever addressed. No study measured whether the rulings changed public trust or uptake.",,,#/case/covid-vaccines/spine/m/4
COVID-19 Vaccine Mandates,Mechanism that should have worked,,,,,,,partial,,Police and municipal unions,New York Times,https://www.nytimes.com/2021/10/25/nyregion/nypd-police-covid-vaccine-mandate-deblasio.html,"Union collective bargaining: Police and municipal unions forced cities to negotiate mandate terms, but they won exemption timelines and process, not reversal. Police and municipal unions sued in October 2021 over mandate terms that cities had not bargained with them. The union members were the workers the mandates covered. Bargaining gave the unions a consultative role with legal force behind it. They won process, such as time to seek exemptions. They did not reverse any mandate. Only unionized workforces had this channel. The 84 million workers under the federal rule had no equivalent way to force negotiation. The record does not show whether the negotiated terms changed vaccination rates.",,,#/case/covid-vaccines/spine/m/5
COVID-19 Vaccine Mandates,Mechanism that should have worked,,,,,,,no-mechanism,,Municipal legislatures,,,"City councils: Mayors and health officials issued the municipal mandates by order, and no city council voted on them. No city council debated or voted on a workforce vaccine mandate anywhere in the case record. Mayors and health authorities issued the mandates by order in fall 2021. Unions and courts then contested them. Council members are elected and hold legislative power, but the record shows no council using it here. This coding rests on absence from the case record. It does not rest on legal research into what each city charter allowed, and it is flagged for review.",,,#/case/covid-vaccines/spine/m/6
COVID-19 Vaccine Mandates,Mechanism that should have worked,,,,,,,worked,,"Tribal governments, Indian Health Service",PBS NOVA,https://www.pbs.org/wgbh/nova/article/native-americans-highest-covid-vaccination-rate-us/,"Tribal consultation and self-governance: Tribal governments that chose the Indian Health Service route set their own vaccine priorities, and by July 2021 American Indian and Alaska Native people had the highest vaccination rate of any US group. In November 2020 each tribal government chose between state allocation and the Indian Health Service (IHS) route for vaccine supply. Elected tribal governments made the choice. Those that chose IHS held decision-making power over their own prioritization, and many protected elders, language keepers, and teachers first. By July 2021 American Indian and Alaska Native people had the highest vaccination rate of any US group. This is the clearest case in the record of a community with formal authority reaching a measured favorable result. No study separates the effect of tribal authority from the direct supply channel and community cohesion.",,,#/case/covid-vaccines/spine/m/7
COVID-19 Vaccine Mandates,Mechanism that should have worked,,,,,,,knew-no-act,,CDC,NACWA (New York Times excerpt),https://www.nacwa.org/news-publications/news-detail/2022/02/22/the-c.d.c.-isn-t-publishing-large-portions-of-the-covid-data-it-collects,"Federal data transparency: The CDC collected booster and hospitalization data in 2021 and withheld much of it for more than a year. The Centers for Disease Control and Prevention (CDC) collected booster effectiveness data for adults 18 to 49, hospitalization breakdowns by vaccination status, and wastewater surveillance during 2021. Agency staff collected and held the data, and no outside body took part. The CDC had full power to publish. It did not publish these data for over a year and said the public could misinterpret the findings. Newspapers and universities filled part of the gap with their own trackers. No study measured what the withholding cost in public trust.",,,#/case/covid-vaccines/spine/m/8
COVID-19 Vaccine Mandates,Mechanism that should have worked,,,,,,,knew-no-act,,CDC,CBN News,https://cbn.com/news/politics/cdc-withheld-important-covid-19-data-america-report-says,"Federal data transparency: The CDC collected booster and hospitalization data in 2021 and withheld much of it for more than a year. The Centers for Disease Control and Prevention (CDC) collected booster effectiveness data for adults 18 to 49, hospitalization breakdowns by vaccination status, and wastewater surveillance during 2021. Agency staff collected and held the data, and no outside body took part. The CDC had full power to publish. It did not publish these data for over a year and said the public could misinterpret the findings. Newspapers and universities filled part of the gap with their own trackers. No study measured what the withholding cost in public trust.",,,#/case/covid-vaccines/spine/m/8
COVID-19 Vaccine Mandates,Measured impact,,,ACIP voted 11 to 0 -> Vaccines prevented millions of deaths and hospitalizations (strong),,,,,12/2022,,,,Vaccines prevented millions of deaths and hospitalizations: The vaccination program prevented more than 18 million additional hospitalizations and over 3 million additional deaths in the US in its first two years.,,,#/case/covid-vaccines/spine/i/0
COVID-19 Vaccine Mandates,Impact evidence,,,Vaccines prevented millions of deaths and hospitalizations,,strong,,,,,Commonwealth Fund,https://www.commonwealthfund.org/blog/2022/two-years-covid-vaccines-prevented-millions-deaths-hospitalizations,Commonwealth Fund modeling covers the program's first two years. It estimates 3.2 million deaths and 18.5 million hospitalizations averted.,,,#/case/covid-vaccines/spine/i/0
COVID-19 Vaccine Mandates,Measured impact,,,"Eligibility expands to all US adults -> Vaccination could have saved about 232,000 more adults (moderate)",,,,,04/2022,,,,"Vaccination could have saved about 232,000 more adults: Two independent estimates find that vaccines could have saved roughly 232,000 to 234,000 adults who died between June 2021 and March 2022.",,,#/case/covid-vaccines/spine/i/1
COVID-19 Vaccine Mandates,Impact evidence,,,"Vaccination could have saved about 232,000 more adults",,strong,,,,,Peterson-KFF Health System Tracker,https://www.healthsystemtracker.org/brief/covid19-and-other-leading-causes-of-death-in-the-us/,"Peterson-KFF estimated approximately 234,000 preventable adult deaths. The European Journal of Epidemiology replication found at least 232,000 (95% CI 214,000 to 250,000).",,,#/case/covid-vaccines/spine/i/1
COVID-19 Vaccine Mandates,Impact evidence,,,"Vaccination could have saved about 232,000 more adults",,strong,,,,,Jia et al. 2023,https://link.springer.com/article/10.1007/s10654-023-01006-3,"Peterson-KFF estimated approximately 234,000 preventable adult deaths. The European Journal of Epidemiology replication found at least 232,000 (95% CI 214,000 to 250,000).",,,#/case/covid-vaccines/spine/i/1
COVID-19 Vaccine Mandates,Measured impact,,,vaccine equity push -> The racial gap in vaccination narrowed (weak),,,,,06/2022,,,,"The racial gap in vaccination narrowed: The Black-White vaccination gap fell from about 14 points at the April 2021 peak to 5 points by July 2022. By the end of November 2021, at-least-one-dose coverage was similar across groups. No one has estimated the mortality cost of the spring 2021 lag by race.",,,#/case/covid-vaccines/spine/i/2
COVID-19 Vaccine Mandates,Impact evidence,,,The racial gap in vaccination narrowed,,moderate,,,,,US Centers for Disease Control and Prevention,https://www.cdc.gov/mmwr/volumes/71/wr/mm7123a2.htm,"The CDC's Morbidity and Mortality Weekly Report showed the gap narrowing substantially by late 2021. The largest measured uptake effects in the record come from access interventions, not persuasion.",,,#/case/covid-vaccines/spine/i/2
COVID-19 Vaccine Mandates,Impact evidence,,,The racial gap in vaccination narrowed,,strong,,,,,Acosta et al. 2021,https://pmc.ncbi.nlm.nih.gov/articles/PMC8531997/,"Acosta et al. (2021) counted COVID-19 hospital deaths in 99 counties across 14 states from March 2020 to February 2021. After adjusting for age, the death rate was 2.6 times the White rate for Black people, 3.9 times for Latino people, and 7.2 times for American Indian and Alaska Native people.","American Indian or Alaska Native, Latino, Black, and Asian or Pacific Islander persons were more likely than White persons to have a COVID-19–associated hospitalization, ICU admission, or in-hospital death during the first year of the US COVID-19 pandemic","Counts only deaths in the hospital, and mostly covers the months before vaccines were widely available.",#/case/covid-vaccines/spine/i/2
COVID-19 Vaccine Mandates,Impact evidence,,,The racial gap in vaccination narrowed,,moderate,,,,,Andrasfay and Goldman 2022,https://pmc.ncbi.nlm.nih.gov/articles/PMC9432732/,"Andrasfay and Goldman (2022) estimated how much the pandemic cut life expectancy by race and ethnicity. In 2020, Black and Latino losses were more than twice the White loss. In 2021 they were slightly below twice, mostly because White deaths rose faster. “Our estimates indicate that racial/ethnic disparities have persisted.”",Our estimates indicate that racial/ethnic disparities have persisted,"The 2021 figures are projections, and life expectancy is a summary of deaths, not a count.",#/case/covid-vaccines/spine/i/2
COVID-19 Vaccine Mandates,Impact counter-evidence,,,The racial gap in vaccination narrowed,,moderate,,,,,Annenberg Public Policy Center,https://www.annenbergpublicpolicycenter.org/publication/what-caused-the-narrowing-of-black-white-covid-19-vaccination-disparity-in-the-us-a-test-of-5-hypotheses/,The Annenberg panel tested five explanations for the Black-White narrowing. Only growing knowledge about vaccine safety and efficacy explained it; neither access nor media use did. The record does not settle whether the access push deserves credit for the narrowing.,,,#/case/covid-vaccines/spine/i/2
COVID-19 Vaccine Mandates,Measured impact,,,roughly 100 million Americans -> Mandates raised vaccination abroad but not in US states (contested),,,,,06/2022,,,,"Mandates raised vaccination abroad but not in US states: Weekly first doses rose 66% after Canada, France, Italy, and Germany announced mandates, with cumulative gains of 5 to 12 points. US state mandates did not change uptake, and booster and flu vaccination fell afterward. The Supreme Court stayed the federal rule before anyone enforced it, so the US evidence comes from state mandates.",,,#/case/covid-vaccines/spine/i/3
COVID-19 Vaccine Mandates,Impact evidence,,,Mandates raised vaccination abroad but not in US states,,strong,,,,,Karaivanov et al. 2022,https://www.nature.com/articles/s41562-022-01363-1,Karaivanov et al. (2022) compared regions before and after national mandate announcements. Weekly first doses rose 66 percent after announcement.,,,#/case/covid-vaccines/spine/i/3
COVID-19 Vaccine Mandates,Impact counter-evidence,,,Mandates raised vaccination abroad but not in US states,,moderate,,,,,Rains et al. 2024,https://experts.arizona.edu/en/publications/us-state-vaccine-mandates-did-not-influence-covid-19-vaccination-/,Rains et al. (PNAS 2024) found “COVID-19 vaccine adoption did not significantly change in the weeks before and after states implemented vaccine mandates”. They also found that mandates depressed later booster and flu vaccination. A published reply letter contests the analysis.,COVID-19 vaccine adoption did not significantly change in the weeks before and after states implemented vaccine mandates,,#/case/covid-vaccines/spine/i/3
COVID-19 Vaccine Mandates,Proposed intervention (spine),,,,,,Proactive Data Disclosure,,,,,,"Publish vaccine safety and case data early, with regular public briefings: Require CDC to publish county-level vaccination, case, hospitalization, and adverse-event data on open dashboards from December 2020 through the rollout. Require recurring on-record public briefings, including findings unfavorable to the vaccines. The duty falls on the federal agency; states and the public are users of the data. Briefings run on a fixed schedule with questions taken, and the agency must state what it does not yet know. This is a transparency commitment. It does not create a participation right. In 2021 CDC held two telebriefings, newspapers filled the county-data vacuum, and CDC withheld booster and hospitalization data in 2021-22. The randomized evidence suggests openness about negatives raises trust in the authorities even when it lowers short-run acceptance. When and where: December 2020 to January 2021, at the start of the vaccination program: commit to recurring public telebriefings and county-level open dashboards before the rollout's persuasion phase, and hold that cadence through 2021, the year CDC held two telebriefings. The documented gap was federal: the county data vacuum that newspapers filled, and the withheld booster and hospitalization data of 2021-22. (Federal; CDC)",,,#/case/covid-vaccines/spine/pr/0
COVID-19 Vaccine Mandates,Proposal outcome,,,"Publish vaccine safety and case data early, with regular public briefings -> Regular public data and briefings build trust in government, raise compliance with health rules, and reduce fear and misinformation.",,,,,,,,,"Regular public data and briefings build trust in government, raise compliance with health rules, and reduce fear and misinformation.",,,#/case/covid-vaccines/spine/pr/0/out
COVID-19 Vaccine Mandates,Proposal claim,,,"Publish vaccine safety and case data early, with regular public briefings -> Regular public data and briefings build trust in government, raise compliance with health rules, and reduce fear and misinformation. -> Openness about bad news keeps trust in public health authorities.",,,,,,,,,Openness about bad news keeps trust in public health authorities.,,,#/case/covid-vaccines/spine/pr/0/cl/0
COVID-19 Vaccine Mandates,Proposal claim evidence,,,"Publish vaccine safety and case data early, with regular public briefings -> Regular public data and briefings build trust in government, raise compliance with health rules, and reduce fear and misinformation. -> Openness about bad news keeps trust in public health authorities.",,strong,,,,,"Petersen, Bor, Jørgensen and Lindholt 2021, Proceedings of the National Academy of Sciences",https://doi.org/10.1073/pnas.2024597118,"Being open about a vaccine's downsides raised trust in health authorities, even though it made people warier of the shot. In preregistered experiments with more than 13,000 Americans and Danes, messages disclosing a vaccine’s negative features lowered willingness to take it but raised trust in the authorities. “The evidence demonstrates that transparent negative communication may indeed harm vaccine acceptance here and now but that it increases trust in health authorities.” Vague reassurance did no better on acceptance and led to lower trust and more belief in conspiracy theories. The study measures attitudes right after people read one message.",The evidence demonstrates that transparent negative communication may indeed harm vaccine acceptance here and now but that it increases trust in health authorities.,,#/case/covid-vaccines/spine/pr/0/cl/0/ev/0
COVID-19 Vaccine Mandates,Proposal claim counter-evidence,,,"Publish vaccine safety and case data early, with regular public briefings -> Regular public data and briefings build trust in government, raise compliance with health rules, and reduce fear and misinformation. -> Openness about bad news keeps trust in public health authorities.",,moderate,,,,,"Pollard and Davis 2021, RAND Corporation",https://www.rand.org/pubs/research_reports/RRA308-12.html,"Trust in the disease control agency fell during 2020 among Trump voters and nonvoters, while Biden voters barely moved. The same national panel rated its trust in the agency in May and again in October 2020, on a scale from 0 to 10. Trust fell 0.8 points among people intending to vote for Donald Trump and 1.1 points among people voting for someone else or not voting, both significant, against a drop of 0.3 among Biden voters, which was not. The authors write that views of the agency “are now strongly politicized”.",are now strongly politicized,,#/case/covid-vaccines/spine/pr/0/cl/0/cev/0
COVID-19 Vaccine Mandates,Proposal case study,,,"Publish vaccine safety and case data early, with regular public briefings -> Regular public data and briefings build trust in government, raise compliance with health rules, and reduce fear and misinformation. -> Openness about bad news keeps trust in public health authorities.",,weak,,,2020,Taiwan,"Yueh and colleagues 2022, Scientific Reports",https://doi.org/10.1038/s41598-022-20312-6,"Taiwan Daily Epidemic Briefings (National government practice): Taiwan’s disease control agency and its epidemic command center held daily press conferences and posted updates every day through a messaging app. In an online survey of 610 Taiwanese adults, government information was rated more credible than news media, the internet, social media, academic institutes, friends or family. The same respondents thought themselves less likely than others to be infected.",,,#/case/covid-vaccines/spine/pr/0/cl/0/cs/0
COVID-19 Vaccine Mandates,Proposal claim,,,"Publish vaccine safety and case data early, with regular public briefings -> Regular public data and briefings build trust in government, raise compliance with health rules, and reduce fear and misinformation. -> People who trust their government follow its health rules more closely.",,,,,,,,,People who trust their government follow its health rules more closely.,,,#/case/covid-vaccines/spine/pr/0/cl/1
COVID-19 Vaccine Mandates,Proposal claim evidence,,,"Publish vaccine safety and case data early, with regular public briefings -> Regular public data and briefings build trust in government, raise compliance with health rules, and reduce fear and misinformation. -> People who trust their government follow its health rules more closely.",,moderate,,,,,"Bargain and Aminjonov 2020, Journal of Public Economics",https://doi.org/10.1016/j.jpubeco.2020.104316,"When European governments announced lockdowns, people in regions that already trusted their politicians cut unnecessary trips more. Trust measured before the pandemic predicted how sharply travel fell once lockdowns began across 233 regions in 19 countries. “Using a double difference approach around the time of lockdown announcements, we find that high-trust regions decrease their mobility related to non-necessary activities significantly more than low-trust regions.” Stricter rules cut travel further where trust was higher.","Using a double difference approach around the time of lockdown announcements, we find that high-trust regions decrease their mobility related to non-necessary activities significantly more than low-trust regions.",,#/case/covid-vaccines/spine/pr/0/cl/1/ev/0
COVID-19 Vaccine Mandates,Proposal claim evidence,,,"Publish vaccine safety and case data early, with regular public briefings -> Regular public data and briefings build trust in government, raise compliance with health rules, and reduce fear and misinformation. -> People who trust their government follow its health rules more closely.",,moderate,,,,,"Brodeur, Grigoryeva and Kattan 2021, Journal of Population Economics",https://doi.org/10.1007/s00148-021-00848-z,"After American stay-at-home orders took effect, people in high-trust counties cut their travel more than people in low-trust counties. Using phone records of trips and distance traveled, the authors find that “mobility decreases significantly more in high-trust counties than in low-trust counties after the stay-at-home orders are implemented, with larger effects for more stringent orders”. The gap was widest for confidence in the press and in government, and narrower for confidence in medicine and science.","Using cell phone data measuring changes in non-essential trips and average distance traveled, we find that mobility decreases significantly more in high-trust counties than in low-trust counties after the stay-at-home orders are implemented, with larger effects for more stringent orders.",,#/case/covid-vaccines/spine/pr/0/cl/1/ev/1
COVID-19 Vaccine Mandates,Proposal claim evidence,,,"Publish vaccine safety and case data early, with regular public briefings -> Regular public data and briefings build trust in government, raise compliance with health rules, and reduce fear and misinformation. -> People who trust their government follow its health rules more closely.",,moderate,,,,,"COVID-19 National Preparedness Collaborators 2022, The Lancet",https://doi.org/10.1016/S0140-6736(22)00172-6,"Countries where people trusted their government had lower infection rates, and richer ones also reached higher vaccine coverage. Across 177 countries, “measures of trust in the government and interpersonal trust, as well as less government corruption, had larger, statistically significant associations with lower standardised infection rates”. The link to vaccine coverage held among middle-income and high-income countries, where vaccines were more widely available.","Measures of trust in the government and interpersonal trust, as well as less government corruption, had larger, statistically significant associations with lower standardised infection rates.",,#/case/covid-vaccines/spine/pr/0/cl/1/ev/2
COVID-19 Vaccine Mandates,Proposal claim counter-evidence,,,"Publish vaccine safety and case data early, with regular public briefings -> Regular public data and briefings build trust in government, raise compliance with health rules, and reduce fear and misinformation. -> People who trust their government follow its health rules more closely.",,moderate,,,,,"Algan, Cohen, Davoine, Foucault and Stantcheva 2021, Proceedings of the National Academy of Sciences",https://doi.org/10.1073/pnas.2108576118,"Across twelve countries, people who trusted scientists followed the rules more closely, while trust in government sometimes pushed the other way. Following the same people through 2020, trust in scientists drove support for and compliance with restrictions. “The effect of trust in government is more ambiguous and tends to diminish support for and compliance with NPIs in countries where the recommendations from scientists and the government were not aligned.” The abbreviation stands for nonpharmaceutical interventions.",The effect of trust in government is more ambiguous and tends to diminish support for and compliance with NPIs in countries where the recommendations from scientists and the government were not aligned.,,#/case/covid-vaccines/spine/pr/0/cl/1/cev/0
COVID-19 Vaccine Mandates,Proposal claim counter-evidence,,,"Publish vaccine safety and case data early, with regular public briefings -> Regular public data and briefings build trust in government, raise compliance with health rules, and reduce fear and misinformation. -> People who trust their government follow its health rules more closely.",,moderate,,,,,"Dong, Nixon and Gardner 2024, Scientific Reports",https://doi.org/10.1038/s41598-024-54441-x,"Partisanship, more than income or news habits, tracked which American counties stayed unvaccinated. Across 2,885 counties, “political affiliation, as determined by the proportion of votes received by the Republican candidate in the 2020 presidential election, has the strongest association with our response variable, the percent of the population that received no COVID-19 vaccine”. Median household income came next, and cable news viewing and online misinformation showed no significant link.","political affiliation, as determined by the proportion of votes received by the Republican candidate in the 2020 presidential election, has the strongest association with our response variable, the percent of the population that received no COVID-19 vaccine",,#/case/covid-vaccines/spine/pr/0/cl/1/cev/1
COVID-19 Vaccine Mandates,Proposal claim counter-evidence,,,"Publish vaccine safety and case data early, with regular public briefings -> Regular public data and briefings build trust in government, raise compliance with health rules, and reduce fear and misinformation. -> People who trust their government follow its health rules more closely.",,moderate,,,,,"Larsen and colleagues 2023, Science Advances",https://doi.org/10.1126/sciadv.adg9434,"Counties shown an advertisement of Donald Trump urging vaccination got more shots, though the gain was uncertain. Counties were chosen at random to see a short video of the former president recommending the vaccine. “Results indicate that the number of vaccines increased in the average treated county by 103 (with a one-tailed P value of 0.097)”, about a dollar of advertising per extra vaccination across 1,014 treated counties. The authors add that at a 95 percent confidence level they cannot rule out no effect. A matched messenger moved behavior where general trust messaging did not.",Results indicate that the number of vaccines increased in the average treated county by 103 (with a one-tailed P value of 0.097).,,#/case/covid-vaccines/spine/pr/0/cl/1/cev/2
COVID-19 Vaccine Mandates,Proposal claim,,,"Publish vaccine safety and case data early, with regular public briefings -> Regular public data and briefings build trust in government, raise compliance with health rules, and reduce fear and misinformation. -> Clear, regular official information reduces fear.",,,,,,,,,"Clear, regular official information reduces fear.",,,#/case/covid-vaccines/spine/pr/0/cl/2
COVID-19 Vaccine Mandates,Proposal claim evidence,,,"Publish vaccine safety and case data early, with regular public briefings -> Regular public data and briefings build trust in government, raise compliance with health rules, and reduce fear and misinformation. -> Clear, regular official information reduces fear.",,moderate,,,,,"Wang and colleagues 2020, International Journal of Environmental Research and Public Health",https://doi.org/10.3390/ijerph17051729,"Early in the outbreak in China, people who had up-to-date, accurate health information reported less anxiety and stress. In a survey of 1,210 people across 194 Chinese cities at the end of January 2020, “specific up-to-date and accurate health information (e.g., treatment, local outbreak situation) and particular precautionary measures (e.g., hand hygiene, wearing a mask) were associated with a lower psychological impact of the outbreak and lower levels of stress, anxiety, and depression”. The sample was recruited online and cannot separate official from other sources.","Specific up-to-date and accurate health information (e.g., treatment, local outbreak situation) and particular precautionary measures (e.g., hand hygiene, wearing a mask) were associated with a lower psychological impact of the outbreak and lower levels of stress, anxiety, and depression",,#/case/covid-vaccines/spine/pr/0/cl/2/ev/0
COVID-19 Vaccine Mandates,Proposal claim evidence,,,"Publish vaccine safety and case data early, with regular public briefings -> Regular public data and briefings build trust in government, raise compliance with health rules, and reduce fear and misinformation. -> Clear, regular official information reduces fear.",,moderate,,,,,"Holman, Thompson, Garfin and Silver 2020, Science Advances",https://doi.org/10.1126/sciadv.abd5390,"Americans who ran into conflicting virus information reported more acute stress and more symptoms of depression. Across three national samples totaling 6,514 people in spring 2020, “preexisting mental and physical health diagnoses, daily COVID-19-related media exposure, conflicting COVID-19 information in media, and secondary stressors were all associated with acute stress and depressive symptoms”. Heavier daily news exposure also went with more distress, so volume alone did not calm people.","Preexisting mental and physical health diagnoses, daily COVID-19-related media exposure, conflicting COVID-19 information in media, and secondary stressors were all associated with acute stress and depressive symptoms.",,#/case/covid-vaccines/spine/pr/0/cl/2/ev/1
COVID-19 Vaccine Mandates,Proposal claim evidence,,,"Publish vaccine safety and case data early, with regular public briefings -> Regular public data and briefings build trust in government, raise compliance with health rules, and reduce fear and misinformation. -> Clear, regular official information reduces fear.",,moderate,,,,,"Sadish, Adhvaryu and Nyshadham 2021, Journal of Development Economics",https://doi.org/10.1016/j.jdeveco.2021.102699,"Migrant workers who got virus information in a live phone call ended up less anxious than those sent the same information by text. Workers in India were assigned at random to receive the same information by text message, recorded audio, or a live call. “Phone calls increased knowledge among individuals without smartphones and reduced depression and anxiety overall.” How crisis information reaches people changed their anxiety, though every group was informed and the sender was a research team, not a health authority.",Phone calls increased knowledge among individuals without smartphones and reduced depression and anxiety overall.,,#/case/covid-vaccines/spine/pr/0/cl/2/ev/2
COVID-19 Vaccine Mandates,Proposal claim counter-evidence,,,"Publish vaccine safety and case data early, with regular public briefings -> Regular public data and briefings build trust in government, raise compliance with health rules, and reduce fear and misinformation. -> Clear, regular official information reduces fear.",,moderate,,,,,"Bendau and colleagues 2021, European Archives of Psychiatry and Clinical Neuroscience",https://doi.org/10.1007/s00406-020-01171-6,"Germans who checked virus news more often and for longer reported more anxiety, not less. In a survey of 6,233 adults in spring 2020, “frequency, duration and diversity of media exposure were positively associated with more symptoms of depression and unspecific and COVID-19 specific anxiety”. More frequent public information carries a plausible cost, though the study cannot separate official briefings from other media.","Frequency, duration and diversity of media exposure were positively associated with more symptoms of depression and unspecific and COVID-19 specific anxiety.",,#/case/covid-vaccines/spine/pr/0/cl/2/cev/0
COVID-19 Vaccine Mandates,Proposal claim counter-evidence,,,"Publish vaccine safety and case data early, with regular public briefings -> Regular public data and briefings build trust in government, raise compliance with health rules, and reduce fear and misinformation. -> Clear, regular official information reduces fear.",,weak,,,,,"Lerouge, Lema and Arnaboldi 2023, Government Information Quarterly",https://doi.org/10.1016/j.giq.2022.101798,"In Italy, official messages that stressed personal vulnerability went along with more fear in what people posted. Studying more than 200,000 posts during the government’s stay-at-home campaign, the authors find that “messages about people’s individual vulnerability and the associated sense of an external locus of control correlated positively with levels of fear”, while talk of European cooperation went with better mood. Official communication moved feeling both ways, depending on content.","Conversely, messages about people's individual vulnerability and the associated sense of an external locus of control correlated positively with levels of fear.",,#/case/covid-vaccines/spine/pr/0/cl/2/cev/1
COVID-19 Vaccine Mandates,Proposal claim,,,"Publish vaccine safety and case data early, with regular public briefings -> Regular public data and briefings build trust in government, raise compliance with health rules, and reduce fear and misinformation. -> Timely official information limits the spread of misinformation.",,,,,,,,,Timely official information limits the spread of misinformation.,,,#/case/covid-vaccines/spine/pr/0/cl/3
COVID-19 Vaccine Mandates,Proposal claim evidence,,,"Publish vaccine safety and case data early, with regular public briefings -> Regular public data and briefings build trust in government, raise compliance with health rules, and reduce fear and misinformation. -> Timely official information limits the spread of misinformation.",,moderate,,,,,"Vraga and Bode 2017, Science Communication",https://doi.org/10.1177/1075547017731776,"When the disease control agency answered a false health post itself, readers believed the falsehood less. In an experiment using a simulated social media feed, “while a single correction from another user did not reduce misperceptions, the CDC on its own could correct misinformation”, and corrections worked best on the people who started out most misinformed. Correcting cost the agency nothing in credibility.","Using an experimental design, our results suggest that while a single correction from another user did not reduce misperceptions, the CDC on its own could correct misinformation.",,#/case/covid-vaccines/spine/pr/0/cl/3/ev/0
COVID-19 Vaccine Mandates,Proposal claim evidence,,,"Publish vaccine safety and case data early, with regular public briefings -> Regular public data and briefings build trust in government, raise compliance with health rules, and reduce fear and misinformation. -> Timely official information limits the spread of misinformation.",,moderate,,,,,"van der Meer and Jin 2020, Health Communication",https://doi.org/10.1080/10410236.2019.1573295,"In an outbreak experiment, corrections from a government health agency fixed false beliefs better than corrections from other people. Seven hundred American adults saw misinformation and then a rebuttal, a fuller explanation, or nothing. Corrections fixed the false beliefs, and “government agency and news media sources are found to be more successful in improving belief accuracy compared to social peers”. The scenario was a one-off online vignette.","Moreover, government agency and news media sources are found to be more successful in improving belief accuracy compared to social peers.",,#/case/covid-vaccines/spine/pr/0/cl/3/ev/1
COVID-19 Vaccine Mandates,Proposal claim evidence,,,"Publish vaccine safety and case data early, with regular public briefings -> Regular public data and briefings build trust in government, raise compliance with health rules, and reduce fear and misinformation. -> Timely official information limits the spread of misinformation.",,moderate,,,,,"Chan, Rizio, Skali and Torgler 2021, Frontiers in Psychology",https://doi.org/10.3389/fpsyg.2021.681975,"Countries whose governments started talking about the virus earlier saw less public interest in a major conspiracy theory. Across 111 countries, the later a government began its risk communication relative to its first case, the more people searched for conspiracy content: “a one-standard deviation (26.2days) increase in communication lateness is associated with a 26% increase in QAnon interest”. Governments that spoke early differ in many ways, and a companion survey found only limited support for the same effect on people’s own beliefs.",A one-standard deviation (26.2days) increase in communication lateness is associated with a 26% increase in QAnon interest.,,#/case/covid-vaccines/spine/pr/0/cl/3/ev/2
COVID-19 Vaccine Mandates,Proposal claim evidence,,,"Publish vaccine safety and case data early, with regular public briefings -> Regular public data and briefings build trust in government, raise compliance with health rules, and reduce fear and misinformation. -> Timely official information limits the spread of misinformation.",,moderate,,,,,"Lu, Sun, Chen, Wang and Tan 2022, Frontiers in Public Health",https://doi.org/10.3389/fpubh.2022.765581,"On a large microblog, rebuttals made users less willing to pass unverified news on, and the effect faded within days. Studying the platform’s official rumor-rebuttal account, the authors find that “refuting rumors reduces user willingness to forward positive or negative news, with more impact on negative news”, strongest in the 72 hours after a rebuttal. This measures spread rather than belief, but the rebuttals came from the platform, not a health authority.","Refuting rumors reduces user willingness to forward positive or negative news, with more impact on negative news.",,#/case/covid-vaccines/spine/pr/0/cl/3/ev/3
COVID-19 Vaccine Mandates,Proposal claim counter-evidence,,,"Publish vaccine safety and case data early, with regular public briefings -> Regular public data and briefings build trust in government, raise compliance with health rules, and reduce fear and misinformation. -> Timely official information limits the spread of misinformation.",,moderate,,,,,"Carey and colleagues 2022, Nature Human Behaviour",https://doi.org/10.1038/s41562-021-01278-3,"Fact-checks cut false virus beliefs in three countries, then the correction wore off even when people saw it again. Preregistered experiments in the United States, Great Britain and Canada found fact-checks reduced the targeted false beliefs, especially among the people most prone to them. “However, these reductions in COVID-19 misperception beliefs do not persist over time in panel data even after repeated exposure.” A briefing schedule would have to be continuous to matter.","However, these reductions in COVID-19 misperception beliefs do not persist over time in panel data even after repeated exposure.",,#/case/covid-vaccines/spine/pr/0/cl/3/cev/0
COVID-19 Vaccine Mandates,Proposal claim counter-evidence,,,"Publish vaccine safety and case data early, with regular public briefings -> Regular public data and briefings build trust in government, raise compliance with health rules, and reduce fear and misinformation. -> Timely official information limits the spread of misinformation.",,moderate,,,,,"Nyhan, Reifler, Richey and Freed 2014, Pediatrics",https://doi.org/10.1542/peds.2013-2365,"An official message debunking the vaccine and autism myth corrected the belief but left the most hesitant parents less willing to vaccinate. In a two-wave experiment with 1,759 American parents, “refuting claims of an MMR/autism link successfully reduced misperceptions that vaccines cause autism but nonetheless decreased intent to vaccinate among parents who had the least favorable vaccine attitudes”. None of the four official messages raised intent to vaccinate.",Refuting claims of an MMR/autism link successfully reduced misperceptions that vaccines cause autism but nonetheless decreased intent to vaccinate among parents who had the least favorable vaccine attitudes.,,#/case/covid-vaccines/spine/pr/0/cl/3/cev/1
COVID-19 Vaccine Mandates,Proposal claim,,,"Publish vaccine safety and case data early, with regular public briefings -> Regular public data and briefings build trust in government, raise compliance with health rules, and reduce fear and misinformation. -> A public data function at national scale is feasible.",,,,,,,,,A public data function at national scale is feasible.,,,#/case/covid-vaccines/spine/pr/0/cl/4
COVID-19 Vaccine Mandates,Proposal claim evidence,,,"Publish vaccine safety and case data early, with regular public briefings -> Regular public data and briefings build trust in government, raise compliance with health rules, and reduce fear and misinformation. -> A public data function at national scale is feasible.",,moderate,,,,,"Ivanković and colleagues 2021, Journal of Medical Internet Research",https://doi.org/10.2196/25682,"Most public virus dashboards around the world were built by governments, and most covered a whole country. An assessment of 158 public dashboards from 53 countries in July 2020 found that “dashboards were predominately developed by government authorities (100/158, 63.0%) and were national (93/158, 58.9%) in scope”. Quality varied: about a quarter did not say where their data came from, and only one in five explained what the numbers meant.","Dashboards were predominately developed by government authorities (100/158, 63.0%) and were national (93/158, 58.9%) in scope.",,#/case/covid-vaccines/spine/pr/0/cl/4/ev/0
COVID-19 Vaccine Mandates,Proposal case study,,,"Publish vaccine safety and case data early, with regular public briefings -> Regular public data and briefings build trust in government, raise compliance with health rules, and reduce fear and misinformation. -> A public data function at national scale is feasible.",,moderate,,,2020-2021,33 countries,"Barbazza and colleagues 2022, Digital Health",https://doi.org/10.1177/20552076221121154,"National Dashboards Across the European Region (National government practice): Eighty people from 33 national dashboard teams described building public dashboards under pressure. “Most dashboards were launched swiftly during the first months of the pandemic, February to May 2020.” Teams worked with thin staffing, urgent deadlines, and privacy constraints, and the authors conclude that initial unpreparedness “was offset by high-level political endorsement, the professionalism of teams, accelerated data improvements and immediate support with commercial software solutions”.",,,#/case/covid-vaccines/spine/pr/0/cl/4/cs/0
COVID-19 Vaccine Mandates,Proposal case study,,,"Publish vaccine safety and case data early, with regular public briefings -> Regular public data and briefings build trust in government, raise compliance with health rules, and reduce fear and misinformation. -> A public data function at national scale is feasible.",,moderate,,,2020-2023,"Global, run from the United States","Dong, Du and Gardner 2020, The Lancet Infectious Diseases",https://doi.org/10.1016/S1473-3099(20)30120-1,"Johns Hopkins University COVID-19 Dashboard (University substitution for a state function): A university engineering team launched a public global case tracker the day after the first American case and ran it for years, with the data free to reuse. The team reports that “as of June 1, 2022, the dashboard has served the global audience for more than 30 consecutive months, totalling over 226 billion feature layer requests and 3·6 billion page views”. It rested on government reporting underneath, and the usage figures are the operators’ own.",,,#/case/covid-vaccines/spine/pr/0/cl/4/cs/1
COVID-19 Vaccine Mandates,Proposal case study,,,"Publish vaccine safety and case data early, with regular public briefings -> Regular public data and briefings build trust in government, raise compliance with health rules, and reduce fear and misinformation. -> A public data function at national scale is feasible.",,moderate,,,2020-2023,"Global, run from the United States","Dong and colleagues 2022, The Lancet Infectious Diseases",https://doi.org/10.1016/S1473-3099(22)00434-0,"Johns Hopkins University COVID-19 Dashboard (University substitution for a state function): A university engineering team launched a public global case tracker the day after the first American case and ran it for years, with the data free to reuse. The team reports that “as of June 1, 2022, the dashboard has served the global audience for more than 30 consecutive months, totalling over 226 billion feature layer requests and 3·6 billion page views”. It rested on government reporting underneath, and the usage figures are the operators’ own.",,,#/case/covid-vaccines/spine/pr/0/cl/4/cs/1
COVID-19 Vaccine Mandates,Proposed intervention (spine),,,,,,Citizens' Assembly,,,,,,"Citizens' assembly shapes any vaccine mandate before it is imposed: Require the federal government, or a city considering its own mandate, to convene a randomly selected assembly of residents before imposing a vaccine mandate. Experts brief the assembly on the science, and the assembly weighs the value question: whether to mandate, for whom, and with what exemptions. How much force its conclusion carries is open, and the note lists the options. At a minimum the convening authority publishes the assembly's conclusion and a written response before acting. Existing federal and state vaccination law and emergency-use rules stay in place. The group accepted regional variation: “some places might decide not to vaccinate; so be it.” An assembly convened in June 2021 and reporting by late August would have preceded Executive Order 14043 and the OSHA rule. The Senate and the Supreme Court later cut down both. When and where: June to August 2021. A mini-public convened in June 2021 and reporting by late August would have preceded both Executive Order 14043 and the OSHA rule, the two instruments the Senate and the Supreme Court later cut down. (Federal, before the September 9, 2021 announcement; or New York City before its November 1 municipal mandate)",,,#/case/covid-vaccines/spine/pr/1
COVID-19 Vaccine Mandates,Proposal outcome,,,Citizens' assembly shapes any vaccine mandate before it is imposed -> A mandate residents helped shape holds trust in health guidance.,,,,,,,,,A mandate residents helped shape holds trust in health guidance.,,,#/case/covid-vaccines/spine/pr/1/out
COVID-19 Vaccine Mandates,Proposal claim,,,"Citizens' assembly shapes any vaccine mandate before it is imposed -> A mandate residents helped shape holds trust in health guidance. -> Deliberation before a decision raises its perceived legitimacy, most among people who distrust government.",,,,,,,,,"Deliberation before a decision raises its perceived legitimacy, most among people who distrust government.",,,#/case/covid-vaccines/spine/pr/1/cl/0
COVID-19 Vaccine Mandates,Proposal claim evidence,,,"Citizens' assembly shapes any vaccine mandate before it is imposed -> A mandate residents helped shape holds trust in health guidance. -> Deliberation before a decision raises its perceived legitimacy, most among people who distrust government.",,moderate,,,,,"Germann, Marien and Muradova 2024, Political Studies",https://journals.sagepub.com/doi/10.1177/00323217221137444,"People who distrust politics gained the most when a citizen panel helped make a decision. A survey experiment in Ireland found that involving a citizen panel raised how fair people judged the decision by 0.7 points on a ten point scale, and raised their willingness to accept a decision that went against them by 0.4 points. The authors find that “the legitimacy-enhancing effects of participatory processes are driven by citizens with low political trust”.",we find that the legitimacy-enhancing effects of participatory processes are driven by citizens with low political trust,,#/case/covid-vaccines/spine/pr/1/cl/0/ev/0
COVID-19 Vaccine Mandates,Proposal claim counter-evidence,,,"Citizens' assembly shapes any vaccine mandate before it is imposed -> A mandate residents helped shape holds trust in health guidance. -> Deliberation before a decision raises its perceived legitimacy, most among people who distrust government.",,moderate,,,,,"Germann, Marien and Muradova 2024, Political Studies",https://journals.sagepub.com/doi/10.1177/00323217221137444,"When politicians overturned the citizen panel, most of the gain in acceptance disappeared. The same experiment found the gains “are largely limited to situations in which their recommendations are honored”. With the recommendation overturned, people still judged the process somewhat fairer, but they were no more willing to accept the decision. It made no difference whether parliament or a referendum did the overturning.",these beneficial effects are largely limited to situations in which their recommendations are honored,,#/case/covid-vaccines/spine/pr/1/cl/0/cev/0
COVID-19 Vaccine Mandates,Proposal claim counter-evidence,,,"Citizens' assembly shapes any vaccine mandate before it is imposed -> A mandate residents helped shape holds trust in health guidance. -> Deliberation before a decision raises its perceived legitimacy, most among people who distrust government.",,moderate,,,,,"Goovaerts and colleagues 2025, European Journal of Political Research",https://doi.org/10.1111/1475-6765.12711,"When politicians explained why they were setting the panel's advice aside, most of the lost legitimacy came back. In a preregistered experiment, people rated decision making as less legitimate when politicians departed from a citizen panel’s recommendation. “When politicians communicate responsively about this, meaning that they show respect for the recommendations and publicly justify why they deviated from them, legitimacy perceptions substantially increase, generally reaching the level of those cases where recommendations are followed.” It worked only where people found the reasons valid. This is the written response the proposal promises.","legitimacy perceptions substantially increase, generally reaching the level of those cases where recommendations are followed",,#/case/covid-vaccines/spine/pr/1/cl/0/cev/1
COVID-19 Vaccine Mandates,Proposal case study,,,"Citizens' assembly shapes any vaccine mandate before it is imposed -> A mandate residents helped shape holds trust in health guidance. -> Deliberation before a decision raises its perceived legitimacy, most among people who distrust government.",,weak,,,01-06/2021,France,Missions Publiques,https://missionspubliques.org/pf/le-collectif-citoyen-sur-la-campagne-vaccinale-covid-19,"France, Citizens' Collective on Vaccination (Advisory to the Economic, Social and Environmental Council during the rollout): At the Prime Minister’s request, France’s Economic, Social and Environmental Council convened 35 citizens drawn by lot, 33 from mainland France and two from overseas. Over seven working sessions of two and a half days they answered the government’s questions, including on compulsory vaccination. The organizers report no evaluation of what the group changed.",,,#/case/covid-vaccines/spine/pr/1/cl/0/cs/0
COVID-19 Vaccine Mandates,Proposal case study,,,"Citizens' assembly shapes any vaccine mandate before it is imposed -> A mandate residents helped shape holds trust in health guidance. -> Deliberation before a decision raises its perceived legitimacy, most among people who distrust government.",,weak,,,2017,South Korea,Participedia,https://participedia.net/case/6875,"South Korea, Shin-Kori Reactor Deliberation (Non-binding recommendation accepted against the government's own position): 471 citizens, drawn by stratified random sampling from a pool of 20,000 across 160 strata, deliberated over a month in 2017. Of them, 59.5 percent supported resuming reactor construction, while 53.2 percent favored reducing nuclear power in the long run. The president accepted the non-binding result within a week, reversing his own position. A later study reports that “despite the intensive deliberation process, most people did not change their initial opinions; rather, they tended to make judgments based on their values, especially their political ideologies”. The coercion here ran the opposite way from a mandate.",,,#/case/covid-vaccines/spine/pr/1/cl/0/cs/1
COVID-19 Vaccine Mandates,Proposal case study,,,"Citizens' assembly shapes any vaccine mandate before it is imposed -> A mandate residents helped shape holds trust in health guidance. -> Deliberation before a decision raises its perceived legitimacy, most among people who distrust government.",,weak,,,2017,South Korea,"Chung 2020, Energy Policy",https://doi.org/10.1016/j.enpol.2020.111724,"South Korea, Shin-Kori Reactor Deliberation (Non-binding recommendation accepted against the government's own position): 471 citizens, drawn by stratified random sampling from a pool of 20,000 across 160 strata, deliberated over a month in 2017. Of them, 59.5 percent supported resuming reactor construction, while 53.2 percent favored reducing nuclear power in the long run. The president accepted the non-binding result within a week, reversing his own position. A later study reports that “despite the intensive deliberation process, most people did not change their initial opinions; rather, they tended to make judgments based on their values, especially their political ideologies”. The coercion here ran the opposite way from a mandate.",,,#/case/covid-vaccines/spine/pr/1/cl/0/cs/1
COVID-19 Vaccine Mandates,Proposal claim,,,Citizens' assembly shapes any vaccine mandate before it is imposed -> A mandate residents helped shape holds trust in health guidance. -> People comply with rules they see as legitimate.,,,,,,,,,People comply with rules they see as legitimate.,,,#/case/covid-vaccines/spine/pr/1/cl/1
COVID-19 Vaccine Mandates,Proposal claim evidence,,,Citizens' assembly shapes any vaccine mandate before it is imposed -> A mandate residents helped shape holds trust in health guidance. -> People comply with rules they see as legitimate.,,moderate,,,,,Murphy et al. 2020,https://journals.sagepub.com/doi/full/10.1177/0004865820954484,"People followed lockdown rules mainly out of a sense of duty to the authorities, more than out of self-interest. In a survey of 1,595 Australians early in the pandemic, “normative concerns regarding duty to support the authorities dominated compliance decisions”, ahead of self-interest and health worries. A review pooling 64 studies found that people who see authority as legitimate are more likely to obey the law, while the direct path from fair procedure to compliance was weak.",normative concerns regarding duty to support the authorities dominated compliance decisions,,#/case/covid-vaccines/spine/pr/1/cl/1/ev/0
COVID-19 Vaccine Mandates,Proposal claim evidence,,,Citizens' assembly shapes any vaccine mandate before it is imposed -> A mandate residents helped shape holds trust in health guidance. -> People comply with rules they see as legitimate.,,moderate,,,,,Walters and Bolger 2019,https://link.springer.com/article/10.1007/s11292-018-9338-2,"People followed lockdown rules mainly out of a sense of duty to the authorities, more than out of self-interest. In a survey of 1,595 Australians early in the pandemic, “normative concerns regarding duty to support the authorities dominated compliance decisions”, ahead of self-interest and health worries. A review pooling 64 studies found that people who see authority as legitimate are more likely to obey the law, while the direct path from fair procedure to compliance was weak.",normative concerns regarding duty to support the authorities dominated compliance decisions,,#/case/covid-vaccines/spine/pr/1/cl/1/ev/0
COVID-19 Vaccine Mandates,Proposal claim counter-evidence,,,Citizens' assembly shapes any vaccine mandate before it is imposed -> A mandate residents helped shape holds trust in health guidance. -> People comply with rules they see as legitimate.,,moderate,,,,,Albarracin et al. 2021,https://www.nature.com/articles/s41598-021-00256-z,"Requirements strengthened vaccination intentions even among people most prone to push back. Across a survey and three experiments in the United States, telling people a vaccine was required rather than left to them made them more willing to get it: “requirements strengthened vaccination intentions across racial and ethnic groups, across studies, and across levels of trait psychological reactance”. That held even for the people most prone to push back.","Requirements strengthened vaccination intentions across racial and ethnic groups, across studies, and across levels of trait psychological reactance.",,#/case/covid-vaccines/spine/pr/1/cl/1/cev/0
COVID-19 Vaccine Mandates,Proposal claim counter-evidence,,,Citizens' assembly shapes any vaccine mandate before it is imposed -> A mandate residents helped shape holds trust in health guidance. -> People comply with rules they see as legitimate.,,weak,,,,,Texas Tribune,https://www.texastribune.org/2021/06/23/texas-hospital-houston-methodist-vaccine-employees-fired-resign/,"At one of the first US hospital systems to require the shot, 153 workers left and nearly 25,000 got vaccinated. Houston Methodist announced on April 1, 2021 that staff had to be vaccinated to keep their jobs. It “terminated or accepted the resignations of 153 workers”, while “24,947 workers did get vaccinated by earlier deadlines”. The count shows how few left. It cannot show what uptake would have been without the rule.",terminated or accepted the resignations of 153 workers,,#/case/covid-vaccines/spine/pr/1/cl/1/cev/1
COVID-19 Vaccine Mandates,Proposal claim counter-evidence,,,Citizens' assembly shapes any vaccine mandate before it is imposed -> A mandate residents helped shape holds trust in health guidance. -> People comply with rules they see as legitimate.,,moderate,,,,,"Rains and Richards 2024, Proceedings of the National Academy of Sciences",https://doi.org/10.1073/pnas.2313610121,"COVID-19 vaccination in US states did not shift in the weeks around state mandates. Using federal vaccination data, researchers found that “COVID-19 vaccine adoption did not significantly change in the weeks before and after states implemented vaccine mandates”. They also reported lower booster and flu uptake in mandate states than in states that banned vaccine requirements, but a published reanalysis reversed that result by dropping one control, and the authors agreed they “cannot rule out this possibility definitively”.",COVID-19 vaccine adoption did not significantly change in the weeks before and after states implemented vaccine mandates,,#/case/covid-vaccines/spine/pr/1/cl/1/cev/2
COVID-19 Vaccine Mandates,Proposal case study,,,Citizens' assembly shapes any vaccine mandate before it is imposed -> A mandate residents helped shape holds trust in health guidance. -> People comply with rules they see as legitimate.,,moderate,,,2019-2021,France,Knowledge Network on Climate Assemblies,https://www.knoca.eu/briefings/policy-impact-of-the-french-citizens-convention-for-the-climate-untangling-the-fate-of-the-citizens-recommendations,"French Citizens Convention for Climate (Presidential promise to pass the proposals with “no filter”, which eroded): The president promised to pass the convention’s proposals with “no filter”. Tracking of all 149 recommendations found 20 percent implemented in full and 51 percent implemented in changed form or through another measure, while 22 percent were abandoned, vetoed or left undone, and the rest were claimed as already covered or as needing European action. The government was selective, favoring incentives over regulation and responding more to detailed recommendations. Researchers who studied the convention add that its process, “while succeeding in creating consensus among the citizens who were involved”, failed to generate significant support among the broader public.",,,#/case/covid-vaccines/spine/pr/1/cl/1/cs/0
COVID-19 Vaccine Mandates,Proposal case study,,,Citizens' assembly shapes any vaccine mandate before it is imposed -> A mandate residents helped shape holds trust in health guidance. -> People comply with rules they see as legitimate.,,moderate,,,2019-2021,France,"Giraudet et al. 2022, Humanities and Social Sciences Communications",https://doi.org/10.1057/s41599-022-01212-6,"French Citizens Convention for Climate (Presidential promise to pass the proposals with “no filter”, which eroded): The president promised to pass the convention’s proposals with “no filter”. Tracking of all 149 recommendations found 20 percent implemented in full and 51 percent implemented in changed form or through another measure, while 22 percent were abandoned, vetoed or left undone, and the rest were claimed as already covered or as needing European action. The government was selective, favoring incentives over regulation and responding more to detailed recommendations. Researchers who studied the convention add that its process, “while succeeding in creating consensus among the citizens who were involved”, failed to generate significant support among the broader public.",,,#/case/covid-vaccines/spine/pr/1/cl/1/cs/0
COVID-19 Vaccine Mandates,Proposal claim,,,Citizens' assembly shapes any vaccine mandate before it is imposed -> A mandate residents helped shape holds trust in health guidance. -> A mandate with public backing meets less backlash.,,,,,,,,,A mandate with public backing meets less backlash.,,,#/case/covid-vaccines/spine/pr/1/cl/2
COVID-19 Vaccine Mandates,Proposal claim evidence,,,Citizens' assembly shapes any vaccine mandate before it is imposed -> A mandate residents helped shape holds trust in health guidance. -> A mandate with public backing meets less backlash.,,moderate,,,,,"Betsch and Böhm 2016, European Journal of Public Health",https://doi.org/10.1093/eurpub/ckv154,"When one shot was made compulsory in a game, people wary of vaccines got angry and took the next voluntary shot far less often. In a randomized game with real money at stake, “compulsory vaccination increased the level of anger among individuals with a rather negative vaccination attitude, whereas voluntary vaccination did not. This led to a decrease in vaccination uptake by 39% in the second voluntary vaccination”. Compulsion in one place lowered voluntary uptake elsewhere, and the drop sat with the hesitant. The effect is identified inside a laboratory game, not on real vaccination.","compulsory vaccination increased the level of anger among individuals with a rather negative vaccination attitude, whereas voluntary vaccination did not. This led to a decrease in vaccination uptake by 39% in the second voluntary vaccination",,#/case/covid-vaccines/spine/pr/1/cl/2/ev/0
COVID-19 Vaccine Mandates,Proposal claim evidence,,,Citizens' assembly shapes any vaccine mandate before it is imposed -> A mandate residents helped shape holds trust in health guidance. -> A mandate with public backing meets less backlash.,,moderate,,,,,"Sprengholz et al. 2022, Journal of Health Psychology",https://doi.org/10.1177/13591053211044535,"People who did not want a vaccine mandate resented it most, and explaining why high coverage matters took some of that resentment away. In a German experiment, being told vaccination was compulsory produced more resentment than a voluntary policy: “being mandated to vaccinate elicited most reactance when support for a mandate was low and the importance of high vaccination rates was not explained”. That resentment went with lower intention to get an unrelated flu shot. A person’s own support for a mandate is not the same thing as public backing, and the study measures stated reactance, not behavior.",Being mandated to vaccinate elicited most reactance when support for a mandate was low and the importance of high vaccination rates was not explained.,,#/case/covid-vaccines/spine/pr/1/cl/2/ev/1
COVID-19 Vaccine Mandates,Proposal claim evidence,,,Citizens' assembly shapes any vaccine mandate before it is imposed -> A mandate residents helped shape holds trust in health guidance. -> A mandate with public backing meets less backlash.,,moderate,,,,,"Towfigh et al. 2016, Public Choice",https://doi.org/10.1007/s11127-016-0330-y,"People who disagreed with a decision on something they cared about accepted it more when voters had decided it directly. In a German experiment, people read about a decision made either by a direct vote, by a governing party, or by an expert committee. “For important issues, direct democracy generates greater acceptance; this finding holds particularly for those voters who do not agree with a collectively chosen outcome.” On issues people cared little about, who decided made no difference. A referendum is not an assembly, and none of the decisions were health mandates.","Our results show that for important issues, direct democracy generates greater acceptance; this finding holds particularly for those voters who do not agree with a collectively chosen outcome.",,#/case/covid-vaccines/spine/pr/1/cl/2/ev/2
COVID-19 Vaccine Mandates,Proposal claim evidence,,,Citizens' assembly shapes any vaccine mandate before it is imposed -> A mandate residents helped shape holds trust in health guidance. -> A mandate with public backing meets less backlash.,,moderate,,,,,"Werner and Marien 2022, British Journal of Political Science",https://doi.org/10.1017/S0007123420000459,"People judged a decision fairer when citizens had taken part in making it, even when the decision went against them. Across twelve experiments in the Netherlands and Sweden, a decision reached with citizen participation was rated fairer than the same decision made by representatives alone. The re-analysis finds “higher fairness perceptions for a participatory process than for a representative process across all twelve experiments, even when the outcomes are unfavourable”. It measures fairness judgments, not opposition or refusal, and none of the decisions were health mandates.","higher fairness perceptions for a participatory process than for a representative process across all twelve experiments, even when the outcomes are unfavourable",,#/case/covid-vaccines/spine/pr/1/cl/2/ev/3
COVID-19 Vaccine Mandates,Proposal claim counter-evidence,,,Citizens' assembly shapes any vaccine mandate before it is imposed -> A mandate residents helped shape holds trust in health guidance. -> A mandate with public backing meets less backlash.,,moderate,,,,,"Muradova and Suiter 2022, International Journal of Public Opinion Research",https://doi.org/10.1093/ijpor/edac026,"Telling people a citizens' assembly had backed a lockdown extension did not make them any more willing to obey it. In an experiment in the United States and the United Kingdom, people read a news item about a lockdown extension decided after citizen deliberation, after a public consultation, after politician deliberation, or with nothing said. “The findings show minipublics are unlikely to foster public compliance during a health crisis. On the contrary, reading about a minipublic could decrease compliance when individuals are distrustful of minipublics.” None of the three processes beat saying nothing. This is the closest test of the claim: the same coercive pandemic rule, with and without citizen backing, and the backing bought nothing.","The findings show minipublics are unlikely to foster public compliance during a health crisis. On the contrary, reading about a minipublic could decrease compliance when individuals are distrustful of minipublics.",,#/case/covid-vaccines/spine/pr/1/cl/2/cev/0
COVID-19 Vaccine Mandates,Proposal claim counter-evidence,,,Citizens' assembly shapes any vaccine mandate before it is imposed -> A mandate residents helped shape holds trust in health guidance. -> A mandate with public backing meets less backlash.,,weak,,,,,"Ward et al. 2022, Nature Medicine",https://doi.org/10.1038/s41591-021-01661-7,"France's health pass pushed doubters to get the shot without easing their doubts, and drew large protests. The pass “elicited strong criticism from opposition parties, as well as protests across France in early August attended by up to 240,000 people”, and was still backed by around 30 percent of the population that September. Even so, “despite protests and opposition, public attitudes toward COVID-19 vaccination do not seem to have deteriorated”. Coverage stayed lower among the elderly, the poorest and the most marginalized, and “the share of vaccinated people with doubts about the vaccine increased from 44% to 61% after the health pass was implemented”. The doubt figure compares people vaccinated before the pass with people vaccinated after it, so it reflects who came forward late.",the share of vaccinated people with doubts about the vaccine increased from 44% to 61% after the health pass was implemented,,#/case/covid-vaccines/spine/pr/1/cl/2/cev/1
COVID-19 Vaccine Mandates,Proposal claim counter-evidence,,,Citizens' assembly shapes any vaccine mandate before it is imposed -> A mandate residents helped shape holds trust in health guidance. -> A mandate with public backing meets less backlash.,,moderate,,,,,"Esaiasson et al. 2019, British Journal of Political Science",https://doi.org/10.1017/S0007123416000508,"Whether people got the outcome they wanted mattered far more than how the decision was made. Across a set of vignette and field experiments, the way a decision was reached moved acceptance only a little. The authors contend “that democratic governments can achieve little in terms of acceptance of policy decisions by the procedural means at their disposal. Instead, outcome favorability is the dominant determinant of decision acceptance.” For people who lose on the substance, process is a weak lever.","democratic governments can achieve little in terms of acceptance of policy decisions by the procedural means at their disposal. Instead, outcome favorability is the dominant determinant of decision acceptance.",,#/case/covid-vaccines/spine/pr/1/cl/2/cev/2
COVID-19 Vaccine Mandates,Proposal claim counter-evidence,,,Citizens' assembly shapes any vaccine mandate before it is imposed -> A mandate residents helped shape holds trust in health guidance. -> A mandate with public backing meets less backlash.,,moderate,,,,,"Neufeind et al. 2022, BMC Public Health",https://doi.org/10.1186/s12889-022-14075-y,"A measles vaccine rule most parents endorsed still left the parents who resented it less likely to vaccinate against other diseases. Of German parents surveyed after a measles vaccination requirement took effect, 74.1 percent endorsed it. Even so, “the higher parents’ levels of reactance, the lower the vaccination intentions and the likelihood for the child to be vaccinated against other diseases”. Parents who trusted institutions resented the rule less. Everyone surveyed lived under the same requirement, so there is no less popular mandate to set against it.","The higher parents' levels of reactance, the lower the vaccination intentions and the likelihood for the child to be vaccinated against other diseases.",,#/case/covid-vaccines/spine/pr/1/cl/2/cev/3
COVID-19 Vaccine Mandates,Proposal case study,,,Citizens' assembly shapes any vaccine mandate before it is imposed -> A mandate residents helped shape holds trust in health guidance. -> A mandate with public backing meets less backlash.,,weak,,,2016-2018,France,"Lévy-Bruhl et al. 2018, Eurosurveillance",https://www.eurosurveillance.org/content/10.2807/1560-7917.ES.2018.23.17.18-00048,"France, 2016 Vaccination Consultation and the 2017 Mandate Law (Consultative process preceding a parliamentary mandate): France ran a national vaccination consultation in 2016, built on 44 hearings, more than 10,000 public contributions online, and two juries, one of health professionals and one of ordinary citizens. Its steering committee recommended extending infant mandates, and parliament passed the law in December 2017 for children born from January 2018. This is the one located instance of the sequence the proposal describes. Ward and colleagues report the extension drew no public backlash and left French vaccine confidence low, an assertion in a commentary with no measure behind it.",,,#/case/covid-vaccines/spine/pr/1/cl/2/cs/0
COVID-19 Vaccine Mandates,Proposal case study,,,Citizens' assembly shapes any vaccine mandate before it is imposed -> A mandate residents helped shape holds trust in health guidance. -> A mandate with public backing meets less backlash.,,weak,,,2016-2018,France,"Ward et al. 2022, Nature Medicine",https://doi.org/10.1038/s41591-021-01661-7,"France, 2016 Vaccination Consultation and the 2017 Mandate Law (Consultative process preceding a parliamentary mandate): France ran a national vaccination consultation in 2016, built on 44 hearings, more than 10,000 public contributions online, and two juries, one of health professionals and one of ordinary citizens. Its steering committee recommended extending infant mandates, and parliament passed the law in December 2017 for children born from January 2018. This is the one located instance of the sequence the proposal describes. Ward and colleagues report the extension drew no public backlash and left French vaccine confidence low, an assertion in a commentary with no measure behind it.",,,#/case/covid-vaccines/spine/pr/1/cl/2/cs/0
COVID-19 Vaccine Mandates,Proposed intervention (spine),,,,,,Neighborhood Co-Governance Board,,,,,,"Neighborhood task forces decide where and how vaccines are delivered: Give neighborhood task forces of residents, community organizations, clinics, churches, and employers shared authority over where, when, and how vaccines are delivered in high-vulnerability zip codes. The point is the point of distribution and who reaches it, not the supply chain: site selection, hours, mobile units, trusted messengers, and paid-time-off coordination. The city or county health department keeps control of supply, eligibility rules, and safety standards, and commits a share of doses to the task forces' plans. Task forces form in February 2021, when agencies were siting scarce federal supply, and again in April 2021 when the constraint became access. The task forces hold shared decision power, and the department publishes uptake by zip code. Delivery run this way also activates the neighborhood's anchor institutions and mutual aid networks, which the September review took to be part of the point. The June session notes have no line for this proposal, so the record does not show the group proposing it. Protect Chicago Plus launched January 25, 2021 on this model. No study separates its co-governance component from the supply prioritization bundled with it, and none compares community-chosen sites with agency-chosen ones while holding supply constant. When and where: February 2021, when the Federal Retail Pharmacy Program and the Community Vaccination Centers were being sited: hand siting and scheduling authority for the equity allocations to neighborhood task forces on the Protect Chicago Plus model, which launched January 25, 2021 and existed in time. The decision point recurs in April 2021, when the binding constraint shifted from supply to access logistics. (City and county level, at the siting of scarce supply)",,,#/case/covid-vaccines/spine/pr/2
COVID-19 Vaccine Mandates,Proposal outcome,,,"Neighborhood task forces decide where and how vaccines are delivered -> Community-run delivery raises trust and uptake, narrows the racial vaccination gap, lowers deaths, and strengthens neighborhood institutions.",,,,The racial gap in vaccination narrowed,,,,,"Community-run delivery raises trust and uptake, narrows the racial vaccination gap, lowers deaths, and strengthens neighborhood institutions.",,,#/case/covid-vaccines/spine/pr/2/out
COVID-19 Vaccine Mandates,Proposal claim,,,"Neighborhood task forces decide where and how vaccines are delivered -> Community-run delivery raises trust and uptake, narrows the racial vaccination gap, lowers deaths, and strengthens neighborhood institutions. -> Community task forces put access where the barriers are.",,,,,,,,,Community task forces put access where the barriers are.,,,#/case/covid-vaccines/spine/pr/2/cl/0
COVID-19 Vaccine Mandates,Proposal claim evidence,,,"Neighborhood task forces decide where and how vaccines are delivered -> Community-run delivery raises trust and uptake, narrows the racial vaccination gap, lowers deaths, and strengthens neighborhood institutions. -> Community task forces put access where the barriers are.",,moderate,,,,,"Johnson et al. 2023, Public Health Reports",https://journals.sagepub.com/doi/full/10.1177/00333549221143093,"After Chicago let neighborhood task forces design vaccine outreach in its hardest-hit zip codes, their vaccination rate moved much closer to the rest of the city's. Under Protect Chicago Plus, “the city worked with each prioritized community to create a neighborhood task force composed of diverse representatives to design vaccine outreach and distribution strategies” in 13 high-vulnerability zip codes, 6 majority Latinx and 7 majority Black. First-dose coverage there rose from 58 percent of the rate in other Chicago zip codes to 92 percent in under two months, then held near 87 percent. The city widened vaccine eligibility in the same zip codes, so the task forces' own share of the gain cannot be separated out.",the city worked with each prioritized community to create a neighborhood task force composed of diverse representatives to design vaccine outreach and distribution strategies,,#/case/covid-vaccines/spine/pr/2/cl/0/ev/0
COVID-19 Vaccine Mandates,Proposal claim evidence,,,"Neighborhood task forces decide where and how vaccines are delivered -> Community-run delivery raises trust and uptake, narrows the racial vaccination gap, lowers deaths, and strengthens neighborhood institutions. -> Community task forces put access where the barriers are.",,weak,,,,,"Marquez et al. 2021, PLOS ONE",https://journals.plos.org/plosone/article?id=10.1371/journal.pone.0257111,"A neighborhood vaccination site in San Francisco's Mission District reached mostly Latino residents, many of them uninsured and without a regular doctor. Unidos en Salud, a partnership of community groups, a university, and the health department, gave 20,792 doses over 16 weeks. Of the people vaccinated, 70.5 percent were Latinx and 98.4 percent completed both doses. “The most frequently reported reasons for choosing vaccination at the site were its neighborhood location (28.6%), easy and convenient scheduling (26.9%) and recommendation by someone they trusted (18.1%).” The site had no comparison group, and the reasons are self-reported.","The most frequently reported reasons for choosing vaccination at the site were its neighborhood location (28.6%), easy and convenient scheduling (26.9%) and recommendation by someone they trusted (18.1%)",,#/case/covid-vaccines/spine/pr/2/cl/0/ev/1
COVID-19 Vaccine Mandates,Proposal claim evidence,,,"Neighborhood task forces decide where and how vaccines are delivered -> Community-run delivery raises trust and uptake, narrows the racial vaccination gap, lowers deaths, and strengthens neighborhood institutions. -> Community task forces put access where the barriers are.",,weak,,,,,"Haroz et al. 2022, American Journal of Public Health",https://doi.org/10.2105/ajph.2021.306635,"American Indian and Alaska Native people, many served by tribes that ran their own vaccine plans, had the highest vaccination rate of any group in federal tracking data. Tribes could follow their state's plan or design their own: “Many tribes elected to use their own plans.” In federal tracking data from early July 2021, 45.5 percent of American Indian and Alaska Native people had at least one dose, against 33.7 percent of White people. A national survey of adults found lower coverage for this group, and nothing compares tribes that ran their own plans with tribes that used state plans.",Many tribes elected to use their own plans.,,#/case/covid-vaccines/spine/pr/2/cl/0/ev/2
COVID-19 Vaccine Mandates,Proposal claim evidence,,,"Neighborhood task forces decide where and how vaccines are delivered -> Community-run delivery raises trust and uptake, narrows the racial vaccination gap, lowers deaths, and strengthens neighborhood institutions. -> Community task forces put access where the barriers are.",,weak,,,,,PBS NOVA,https://www.pbs.org/wgbh/nova/article/native-americans-highest-covid-vaccination-rate-us/,"American Indian and Alaska Native people, many served by tribes that ran their own vaccine plans, had the highest vaccination rate of any group in federal tracking data. Tribes could follow their state's plan or design their own: “Many tribes elected to use their own plans.” In federal tracking data from early July 2021, 45.5 percent of American Indian and Alaska Native people had at least one dose, against 33.7 percent of White people. A national survey of adults found lower coverage for this group, and nothing compares tribes that ran their own plans with tribes that used state plans.",Many tribes elected to use their own plans.,,#/case/covid-vaccines/spine/pr/2/cl/0/ev/2
COVID-19 Vaccine Mandates,Proposal claim evidence,,,"Neighborhood task forces decide where and how vaccines are delivered -> Community-run delivery raises trust and uptake, narrows the racial vaccination gap, lowers deaths, and strengthens neighborhood institutions. -> Community task forces put access where the barriers are.",,moderate,,,,,"Hernandez et al. 2022, PLOS Medicine",https://doi.org/10.1371/journal.pmed.1004069,"Early in the rollout, health facilities in heavily Black urban counties were less likely to be giving COVID-19 vaccines. By May 2021, eligible facilities in the most heavily Black metropolitan counties were giving vaccines less often than facilities in counties with a below-average Black population: “32% (95% CI 14% to 47%, p = 0.001) lower odds of serving as COVID administration facility”. In rural counties the same held for heavily Hispanic counties. The study leaves out mass and nontraditional sites, and it measures where vaccine was available, not uptake.",lower odds of serving as COVID administration facility compared to facilities in counties with below US average Black population,,#/case/covid-vaccines/spine/pr/2/cl/0/ev/3
COVID-19 Vaccine Mandates,Proposal claim evidence,,,"Neighborhood task forces decide where and how vaccines are delivered -> Community-run delivery raises trust and uptake, narrows the racial vaccination gap, lowers deaths, and strengthens neighborhood institutions. -> Community task forces put access where the barriers are.",,weak,,,,,"NBC News, on Federal Emergency Management Agency data",https://www.nbcnews.com/politics/white-house/federal-vaccination-data-show-mixed-record-equity-n1276833,"The federal vaccination center in Cleveland gave nearly three of four shots to White people in a city about one-third White. Site-by-site federal data showed that “nearly 3 out of every 4 shots administered at the federal government's Covid vaccination center in Cleveland went into the arms of white people”, in a city where “non-Hispanic whites are 33.8 percent of the city's population”. This is the barrier the proposal targets, recorded at one agency-run site.",Nearly 3 out of every 4 shots administered at the federal government's Covid vaccination center in Cleveland went into the arms of white people,,#/case/covid-vaccines/spine/pr/2/cl/0/ev/4
COVID-19 Vaccine Mandates,Proposal claim counter-evidence,,,"Neighborhood task forces decide where and how vaccines are delivered -> Community-run delivery raises trust and uptake, narrows the racial vaccination gap, lowers deaths, and strengthens neighborhood institutions. -> Community task forces put access where the barriers are.",,strong,,,,,"Kriss et al. 2022, Morbidity and Mortality Weekly Report",https://www.cdc.gov/mmwr/volumes/71/wr/mm7123a2.htm,"A national survey found American Indian and Alaska Native adults had the lowest vaccination coverage of any group in spring 2021, and they still trailed White adults months later. The National Immunization Survey found American Indian and Alaska Native adults had the lowest coverage of at least one dose at the end of April 2021. “By the end of November 2021, national ≥1-dose COVID-19 vaccination coverage was similar for Black (78.2%), Hispanic (81.3%), NH/OPI (75.7%), and White adults (78.7%); however, coverage remained lower for AI/AN (61.8%) and multiple or other race (68.0%) adults.” The survey does not separate people served through tribal or Indian Health Service programs from other American Indian and Alaska Native adults.","By the end of November 2021, national ≥1-dose COVID-19 vaccination coverage was similar for Black (78.2%), Hispanic (81.3%), NH/OPI (75.7%), and White adults (78.7%); however, coverage remained lower for AI/AN (61.8%) and multiple or other race (68.0%) adults.",,#/case/covid-vaccines/spine/pr/2/cl/0/cev/0
COVID-19 Vaccine Mandates,Proposal case study,,,"Neighborhood task forces decide where and how vaccines are delivered -> Community-run delivery raises trust and uptake, narrows the racial vaccination gap, lowers deaths, and strengthens neighborhood institutions. -> Community task forces put access where the barriers are.",,moderate,,,01-03/2021,Chicago,"Johnson et al. 2023, Public Health Reports",https://journals.sagepub.com/doi/full/10.1177/00333549221143093,"Protect Chicago Plus (Neighborhood task forces, with vaccine eligibility widened in their zip codes): Neighborhood task forces designed outreach and distribution in 13 high-vulnerability zip codes, and the city widened vaccine eligibility there. Coverage in those zip codes rose from 0.58 to 0.92 of the rate in other Chicago zip codes between February 5 and March 29, 2021, then held near 0.87. There was no randomization, and the task forces came bundled with expanded eligibility.",,,#/case/covid-vaccines/spine/pr/2/cl/0/cs/0
COVID-19 Vaccine Mandates,Proposal case study,,,"Neighborhood task forces decide where and how vaccines are delivered -> Community-run delivery raises trust and uptake, narrows the racial vaccination gap, lowers deaths, and strengthens neighborhood institutions. -> Community task forces put access where the barriers are.",,weak,,,11/2020 onward,United States,PBS NOVA,https://www.pbs.org/wgbh/nova/article/native-americans-highest-covid-vaccination-rate-us/,"Tribal Indian Health Service Route Vaccination (Tribes chose their own supply channel and set their own priorities): In November 2020 tribes could take vaccine through their state or separately through the Indian Health Service, and many chose the Indian Health Service so they could set their own priorities. In federal tracking data from early July 2021, American Indian and Alaska Native people had the highest rate of any group, 45.5 percent with at least one dose against 33.7 percent of White people. A national survey of adults found lower coverage for this group, and no source compares tribes by route.",,,#/case/covid-vaccines/spine/pr/2/cl/0/cs/1
COVID-19 Vaccine Mandates,Proposal case study,,,"Neighborhood task forces decide where and how vaccines are delivered -> Community-run delivery raises trust and uptake, narrows the racial vaccination gap, lowers deaths, and strengthens neighborhood institutions. -> Community task forces put access where the barriers are.",,weak,,,11/2020 onward,United States,"Haroz et al. 2022, American Journal of Public Health",https://doi.org/10.2105/ajph.2021.306635,"Tribal Indian Health Service Route Vaccination (Tribes chose their own supply channel and set their own priorities): In November 2020 tribes could take vaccine through their state or separately through the Indian Health Service, and many chose the Indian Health Service so they could set their own priorities. In federal tracking data from early July 2021, American Indian and Alaska Native people had the highest rate of any group, 45.5 percent with at least one dose against 33.7 percent of White people. A national survey of adults found lower coverage for this group, and no source compares tribes by route.",,,#/case/covid-vaccines/spine/pr/2/cl/0/cs/1
COVID-19 Vaccine Mandates,Proposal case study,,,"Neighborhood task forces decide where and how vaccines are delivered -> Community-run delivery raises trust and uptake, narrows the racial vaccination gap, lowers deaths, and strengthens neighborhood institutions. -> Community task forces put access where the barriers are.",,weak,,,11/2020 onward,United States,"Kriss et al. 2022, Morbidity and Mortality Weekly Report",https://www.cdc.gov/mmwr/volumes/71/wr/mm7123a2.htm,"Tribal Indian Health Service Route Vaccination (Tribes chose their own supply channel and set their own priorities): In November 2020 tribes could take vaccine through their state or separately through the Indian Health Service, and many chose the Indian Health Service so they could set their own priorities. In federal tracking data from early July 2021, American Indian and Alaska Native people had the highest rate of any group, 45.5 percent with at least one dose against 33.7 percent of White people. A national survey of adults found lower coverage for this group, and no source compares tribes by route.",,,#/case/covid-vaccines/spine/pr/2/cl/0/cs/1
COVID-19 Vaccine Mandates,Proposal claim,,,"Neighborhood task forces decide where and how vaccines are delivered -> Community-run delivery raises trust and uptake, narrows the racial vaccination gap, lowers deaths, and strengthens neighborhood institutions. -> Easier access raises uptake more than persuasion does.",,,,,,,,,Easier access raises uptake more than persuasion does.,,,#/case/covid-vaccines/spine/pr/2/cl/1
COVID-19 Vaccine Mandates,Proposal claim evidence,,,"Neighborhood task forces decide where and how vaccines are delivered -> Community-run delivery raises trust and uptake, narrows the racial vaccination gap, lowers deaths, and strengthens neighborhood institutions. -> Easier access raises uptake more than persuasion does.",,strong,,,,,"Kulle, Schumacher and von Bieberstein 2024, Journal of Public Health",https://doi.org/10.1093/pubmed/fdad213,"Swiss towns that got a mobile vaccination unit for one four-hour visit saw more than three times as many unvaccinated adults get a shot. Twenty Swiss communities were split into two groups, and half got a mobile vaccination unit for four hours on a single day. Over the next three weeks, 12.8 percent of unvaccinated adults in those communities got vaccinated, against 3.8 percent elsewhere: “the vaccination rate in the sample of the treatment group surpassed the rate in the control group by a factor of 3.4 (+9.0 percentage points) over 3 weeks”. Vaccinations at other locations did not fall. Nothing here was community-chosen, and there was no persuasion arm.",The vaccination rate in the sample of the treatment group surpassed the rate in the control group by a factor of 3.4 (+9.0 percentage points) over 3 weeks.,,#/case/covid-vaccines/spine/pr/2/cl/1/ev/0
COVID-19 Vaccine Mandates,Proposal claim evidence,,,"Neighborhood task forces decide where and how vaccines are delivered -> Community-run delivery raises trust and uptake, narrows the racial vaccination gap, lowers deaths, and strengthens neighborhood institutions. -> Easier access raises uptake more than persuasion does.",,moderate,,,,,"Mazar et al. 2023, PNAS Nexus",https://academic.oup.com/pnasnexus/article/2/12/pgad411/7459517,"Californians who lived farther from a vaccination site were less likely to be vaccinated, and Chicago zip codes saw vaccination rise after a site opened nearby. Across California zip codes, longer distance to a vaccination site went with lower vaccination in 98 percent of thousands of model versions, and the link was statistically significant in 86 percent, regardless of partisanship. In Chicago, vaccination rose in zip codes after a nearby site opened. “COVID-19 vaccination is hampered not only by vaccine hesitancy but also by structural barriers like distance.”",COVID-19 vaccination is hampered not only by vaccine hesitancy but also by structural barriers like distance.,,#/case/covid-vaccines/spine/pr/2/cl/1/ev/1
COVID-19 Vaccine Mandates,Proposal claim evidence,,,"Neighborhood task forces decide where and how vaccines are delivered -> Community-run delivery raises trust and uptake, narrows the racial vaccination gap, lowers deaths, and strengthens neighborhood institutions. -> Easier access raises uptake more than persuasion does.",,strong,,,,,"Rabb et al. 2022, Nature",https://doi.org/10.1038/s41586-022-04526-2,"Text messages from Rhode Island's health department did not get holdouts vaccinated. Rhode Island's health department texted 142,428 people who had been tested for COVID-19 but not vaccinated, using language that had worked earlier in the rollout. The trial found no evidence the messages “increased COVID-19 vaccination among people who remained unvaccinated five or more weeks after becoming eligible”. This is one form of persuasion, and it says nothing about in-person trusted messengers.",increased COVID-19 vaccination among people who remained unvaccinated five or more weeks after becoming eligible,,#/case/covid-vaccines/spine/pr/2/cl/1/ev/2
COVID-19 Vaccine Mandates,Proposal claim,,,"Neighborhood task forces decide where and how vaccines are delivered -> Community-run delivery raises trust and uptake, narrows the racial vaccination gap, lowers deaths, and strengthens neighborhood institutions. -> Delivery through trusted local institutions raises trust in the vaccine.",,,,,,,,,Delivery through trusted local institutions raises trust in the vaccine.,,,#/case/covid-vaccines/spine/pr/2/cl/2
COVID-19 Vaccine Mandates,Proposal claim evidence,,,"Neighborhood task forces decide where and how vaccines are delivered -> Community-run delivery raises trust and uptake, narrows the racial vaccination gap, lowers deaths, and strengthens neighborhood institutions. -> Delivery through trusted local institutions raises trust in the vaccine.",,moderate,,,,,"McElfish et al. 2022, Journal of Family Medicine and Primary Care",https://doi.org/10.4103/jfmpc.jfmpc_327_22,"People who got vaccinated through churches and other faith groups said they trusted the vaccine more than people vaccinated at clinics. Community partners ran vaccination events at faith-based organizations and at outpatient clinics, then surveyed 1,476 people while they waited after their shot. “FBO participants were more likely to report ‘completely’ trusting the COVID-19 vaccine”, 30.6 percent against 19.8 percent. The faith-based sites reached more Hispanic, Marshallese, and uninsured people. People chose their own site, so the comparison cannot show that the site raised trust, and the two groups were equally hesitant about the vaccine.",FBO participants were more likely to report “completely” trusting the COVID-19 vaccine. There was no significant difference between FBO and clinic participants with regard to the level of vaccine hesitancy.,,#/case/covid-vaccines/spine/pr/2/cl/2/ev/0
COVID-19 Vaccine Mandates,Proposal claim evidence,,,"Neighborhood task forces decide where and how vaccines are delivered -> Community-run delivery raises trust and uptake, narrows the racial vaccination gap, lowers deaths, and strengthens neighborhood institutions. -> Delivery through trusted local institutions raises trust in the vaccine.",,moderate,,,,,"Alsan and Eichmeyer 2024, American Economic Journal: Economic Policy",https://doi.org/10.1257/pol.20210393,"Men without a college degree became more willing to get vaccinated after hearing from people like themselves than from doctors, even though they rated those people as less trustworthy. Black and White men were shown vaccine messages from either a layperson like themselves or a medical expert. “Our main finding is that laypeople (nonexpert concordant senders) are most effective at promoting vaccination, particularly among those least willing to become vaccinated.” Lay senders were rated less qualified and less trustworthy, yet raised willingness to get a COVID-19 vaccine by 8.8 percentage points. The result cuts against the trust mechanism: the senders who moved people most were the ones rated less trustworthy, and the authors credit social closeness instead.","Our main finding is that laypeople (nonexpert concordant senders) are most effective at promoting vaccination, particularly among those least willing to become vaccinated.",,#/case/covid-vaccines/spine/pr/2/cl/2/ev/1
COVID-19 Vaccine Mandates,Proposal claim evidence,,,"Neighborhood task forces decide where and how vaccines are delivered -> Community-run delivery raises trust and uptake, narrows the racial vaccination gap, lowers deaths, and strengthens neighborhood institutions. -> Delivery through trusted local institutions raises trust in the vaccine.",,strong,,,,,"Alsan, Garrick and Graziani 2019, American Economic Review",https://doi.org/10.1257/aer.20181446,"Black men in Oakland who met a Black doctor chose more preventive care than those who met a doctor who was not Black. Black men were randomly assigned to Black or non-Black male doctors at a clinic. They chose “a similar number of preventives in the pre-consultation stage, but are much more likely to select every preventive service, particularly invasive services, once meeting with a racially concordant doctor”. The study measures which services men chose, not trust in any vaccine, and a doctor of the same race is a trusted messenger rather than a neighborhood institution.","Subjects select a similar number of preventives in the pre-consultation stage, but are much more likely to select every preventive service, particularly invasive services, once meeting with a racially concordant doctor.",,#/case/covid-vaccines/spine/pr/2/cl/2/ev/2
COVID-19 Vaccine Mandates,Proposal claim counter-evidence,,,"Neighborhood task forces decide where and how vaccines are delivered -> Community-run delivery raises trust and uptake, narrows the racial vaccination gap, lowers deaths, and strengthens neighborhood institutions. -> Delivery through trusted local institutions raises trust in the vaccine.",,moderate,,,,,"Anderson 2023, Social Science and Medicine",https://doi.org/10.1016/j.socscimed.2023.116335,"Having a doctor of the same race barely changed whether people said they would get vaccinated. Survey respondents read a standard prompt about the COVID-19 vaccine, with the race of the doctor varied. “Analyses reveal that racially concordant care has a negligible effect on vaccine hesitancy, but does ameliorate other harmful beliefs regarding one's likelihood of experiencing discrimination and racism in healthcare more generally.” The scenario was hypothetical, and no real vaccination was observed.","Analyses reveal that racially concordant care has a negligible effect on vaccine hesitancy, but does ameliorate other harmful beliefs regarding one's likelihood of experiencing discrimination and racism in healthcare more generally.",,#/case/covid-vaccines/spine/pr/2/cl/2/cev/0
COVID-19 Vaccine Mandates,Proposal claim,,,"Neighborhood task forces decide where and how vaccines are delivered -> Community-run delivery raises trust and uptake, narrows the racial vaccination gap, lowers deaths, and strengthens neighborhood institutions. -> Equitable access narrows the racial gap in vaccination.",,,,,,,,,Equitable access narrows the racial gap in vaccination.,,,#/case/covid-vaccines/spine/pr/2/cl/3
COVID-19 Vaccine Mandates,Proposal claim evidence,,,"Neighborhood task forces decide where and how vaccines are delivered -> Community-run delivery raises trust and uptake, narrows the racial vaccination gap, lowers deaths, and strengthens neighborhood institutions. -> Equitable access narrows the racial gap in vaccination.",,strong,,,,,"Kriss et al. 2022, Morbidity and Mortality Weekly Report",https://www.cdc.gov/mmwr/volumes/71/wr/mm7123a2.htm,"By late 2021, Black, Hispanic, and White adults had similar first-dose coverage. The National Immunization Survey recorded that “by the end of November 2021, national ≥1-dose COVID-19 vaccination coverage was similar for Black (78.2%), Hispanic (81.3%), NH/OPI (75.7%), and White adults (78.7%)”. This is a record of what happened to the gap. It does not say what closed it.","By the end of November 2021, national ≥1-dose COVID-19 vaccination coverage was similar for Black (78.2%), Hispanic (81.3%), NH/OPI (75.7%), and White adults (78.7%)",,#/case/covid-vaccines/spine/pr/2/cl/3/ev/0
COVID-19 Vaccine Mandates,Proposal claim counter-evidence,,,"Neighborhood task forces decide where and how vaccines are delivered -> Community-run delivery raises trust and uptake, narrows the racial vaccination gap, lowers deaths, and strengthens neighborhood institutions. -> Equitable access narrows the racial gap in vaccination.",,moderate,,,,,"Romer, Patterson, Jamieson and Jamieson 2024, Journal of Health Communication",https://doi.org/10.1080/10810730.2024.2354360,"In a national panel, the Black-White vaccination gap closed as Black adults learned more about vaccine safety, while differences in access did not explain the change. A national panel followed the same adults from April 2021 to July 2022 and tested five explanations for why Black vaccination caught up. “Only increases in knowledge about the safety and efficacy of COVID-19 vaccines uniquely mediated the increase in vaccination uptake among non-Hispanic Black compared to White, Asian and Hispanic panelists”, and neither differential access nor media use explained the increase. The authors suggest the knowledge spread from within the Black community. Access was self-reported, and the national sample could miss local effects.","Only increases in knowledge about the safety and efficacy of COVID-19 vaccines uniquely mediated the increase in vaccination uptake among non-Hispanic Black compared to White, Asian and Hispanic panelists.",,#/case/covid-vaccines/spine/pr/2/cl/3/cev/0
COVID-19 Vaccine Mandates,Proposal claim,,,"Neighborhood task forces decide where and how vaccines are delivered -> Community-run delivery raises trust and uptake, narrows the racial vaccination gap, lowers deaths, and strengthens neighborhood institutions. -> Higher vaccination in hard-hit neighborhoods prevents deaths and narrows racial gaps in deaths.",,,,,,,,,Higher vaccination in hard-hit neighborhoods prevents deaths and narrows racial gaps in deaths.,,,#/case/covid-vaccines/spine/pr/2/cl/4
COVID-19 Vaccine Mandates,Proposal claim evidence,,,"Neighborhood task forces decide where and how vaccines are delivered -> Community-run delivery raises trust and uptake, narrows the racial vaccination gap, lowers deaths, and strengthens neighborhood institutions. -> Higher vaccination in hard-hit neighborhoods prevents deaths and narrows racial gaps in deaths.",,strong,,,,,"Hoover et al. 2024, Health Affairs",https://doi.org/10.1377/hlthaff.2023.01163,"When California steered vaccines to its least advantaged communities, vaccination there rose and hundreds of deaths were prevented. In March 2021 California gave vaccine priority to the communities its Healthy Places Index ranked least advantaged. Vaccination there rose 28.4 percent after the policy, and “an estimated 160,892 COVID-19 cases, 10,248 hospitalizations, and 679 deaths in the least-advantaged communities were averted by the policy”. Those communities still bore more than their share of cases, hospital stays, and deaths. Communities were defined by a socioeconomic index, not by race, and the policy tested supply priority rather than community control.","Furthermore, an estimated 160,892 COVID-19 cases, 10,248 hospitalizations, and 679 deaths in the least-advantaged communities were averted by the policy.",,#/case/covid-vaccines/spine/pr/2/cl/4/ev/0
COVID-19 Vaccine Mandates,Proposal claim evidence,,,"Neighborhood task forces decide where and how vaccines are delivered -> Community-run delivery raises trust and uptake, narrows the racial vaccination gap, lowers deaths, and strengthens neighborhood institutions. -> Higher vaccination in hard-hit neighborhoods prevents deaths and narrows racial gaps in deaths.",,moderate,,,,,"Suthar et al. 2022, The BMJ",https://doi.org/10.1136/bmj-2021-069317,"US counties with higher vaccination coverage had lower COVID-19 death rates. Across 2,558 counties over the first year of the rollout, “a 10% improvement in vaccination coverage was associated with an 8% (95% confidence interval 8% to 9%) reduction in mortality rates”. The comparison is between counties, gives no results by race, and cannot rule out other county differences.",A 10% improvement in vaccination coverage was associated with an 8% (95% confidence interval 8% to 9%) reduction in mortality rates,,#/case/covid-vaccines/spine/pr/2/cl/4/ev/1
COVID-19 Vaccine Mandates,Proposal claim evidence,,,"Neighborhood task forces decide where and how vaccines are delivered -> Community-run delivery raises trust and uptake, narrows the racial vaccination gap, lowers deaths, and strengthens neighborhood institutions. -> Higher vaccination in hard-hit neighborhoods prevents deaths and narrows racial gaps in deaths.",,moderate,,,,,"Wrigley-Field et al. 2021, Science Advances",https://doi.org/10.1126/sciadv.abj2099,"Giving hard-hit places vaccine priority at every age would have reached the people most likely to die better than age cutoffs did. Using death rates in California and Minnesota, researchers compared vaccine schedules. Schedules based only on age “benefit the older white populations at the expense of younger BIPOC populations with higher risk of death”, while “strategies that prioritize high-risk geographic areas for vaccination at all ages better target mortality risk than age-based strategies alone”. The schedules compared were never run, so no real outcomes are observed.","We find that strategies that prioritize high-risk geographic areas for vaccination at all ages better target mortality risk than age-based strategies alone, although they do not always perform as well as direct prioritization of high-risk racial/ethnic groups.",,#/case/covid-vaccines/spine/pr/2/cl/4/ev/2
COVID-19 Vaccine Mandates,Proposal claim evidence,,,"Neighborhood task forces decide where and how vaccines are delivered -> Community-run delivery raises trust and uptake, narrows the racial vaccination gap, lowers deaths, and strengthens neighborhood institutions. -> Higher vaccination in hard-hit neighborhoods prevents deaths and narrows racial gaps in deaths.",,moderate,,,,,"Wang et al. 2026, American Journal of Epidemiology",https://doi.org/10.1093/aje/kwaf051,"In Ontario, lower vaccination in low-income neighborhoods accounted for more than half of their higher death rate. Among 11.2 million Ontario adults, people in the lowest-income neighborhoods were less likely to be vaccinated. “This inequality in vaccination accounted for 56.9% [22.5%-91.3%] of inequalities in COVID-19 deaths between individuals in the lowest income vs highest income quintiles.” The analysis is by income rather than race, it is in Canada, and the interval is wide.",This inequality in vaccination accounted for 56.9% [22.5%-91.3%] of inequalities in COVID-19 deaths between individuals in the lowest income vs highest income quintiles.,,#/case/covid-vaccines/spine/pr/2/cl/4/ev/3
COVID-19 Vaccine Mandates,Proposal claim counter-evidence,,,"Neighborhood task forces decide where and how vaccines are delivered -> Community-run delivery raises trust and uptake, narrows the racial vaccination gap, lowers deaths, and strengthens neighborhood institutions. -> Higher vaccination in hard-hit neighborhoods prevents deaths and narrows racial gaps in deaths.",,moderate,,,,,"Lundberg et al. 2023, JAMA Network Open",https://doi.org/10.1001/jamanetworkopen.2023.11098,"Most of the shrinking Black-White gap in COVID-19 deaths came from rising White deaths and the virus moving to rural areas. From the first pandemic wave to the Omicron wave, the Black-White gap in death rates fell from 339 to 45 deaths per 100,000 person-years. “This study found that most of the national decrease in racial and ethnic disparities in COVID-19 mortality between the initial and Omicron waves was explained by increased mortality among non-Hispanic White adults and changes in the geographic spread of the pandemic.” Falling Black death rates explained about two fifths of the drop. The study does not measure vaccination.",This study found that most of the national decrease in racial and ethnic disparities in COVID-19 mortality between the initial and Omicron waves was explained by increased mortality among non-Hispanic White adults and changes in the geographic spread of the pandemic.,,#/case/covid-vaccines/spine/pr/2/cl/4/cev/0
COVID-19 Vaccine Mandates,Proposal claim counter-evidence,,,"Neighborhood task forces decide where and how vaccines are delivered -> Community-run delivery raises trust and uptake, narrows the racial vaccination gap, lowers deaths, and strengthens neighborhood institutions. -> Higher vaccination in hard-hit neighborhoods prevents deaths and narrows racial gaps in deaths.",,moderate,,,,,"Ma et al. 2023, Open Forum Infectious Diseases",https://doi.org/10.1093/ofid/ofac690,"In Ontario, the gap in hospital stays and deaths between poor and rich neighborhoods did not shrink, even with neighborhood vaccine priority in place. Ontario's equity measures included geographic prioritization of vaccine eligibility and allocation. Even so, “despite attempts at equity-informed policies alongside fluctuating levels of public health measures, the magnitude of inequalities in hospitalizations and deaths remained unchanged across waves”. The measures are descriptive, they cannot isolate the vaccine policy, and they are by income rather than race.","Despite attempts at equity-informed policies alongside fluctuating levels of public health measures, the magnitude of inequalities in hospitalizations and deaths remained unchanged across waves.",,#/case/covid-vaccines/spine/pr/2/cl/4/cev/1
COVID-19 Vaccine Mandates,Proposal claim,,,"Neighborhood task forces decide where and how vaccines are delivered -> Community-run delivery raises trust and uptake, narrows the racial vaccination gap, lowers deaths, and strengthens neighborhood institutions. -> Organizing delivery together strengthens community ties and reduces isolation.",,,,,,,,,Organizing delivery together strengthens community ties and reduces isolation.,,,#/case/covid-vaccines/spine/pr/2/cl/5
COVID-19 Vaccine Mandates,Proposal claim evidence,,,"Neighborhood task forces decide where and how vaccines are delivered -> Community-run delivery raises trust and uptake, narrows the racial vaccination gap, lowers deaths, and strengthens neighborhood institutions. -> Organizing delivery together strengthens community ties and reduces isolation.",,strong,,,,,"Warner et al. 2024, American Journal of Geriatric Psychiatry",https://doi.org/10.1016/j.jagp.2023.12.022,"Lonely older adults given a volunteer role calling isolated elders became less lonely than peers offered classes and social gatherings. In Hong Kong, lonely adults aged 50 to 70 were assigned either to volunteer by phone with lonely, low-income older people or to a comparison program of classes and social gatherings. “After 6 months, volunteers compared to controls, showed benefits on loneliness, social network engagement, stress and depressive symptoms.” The volunteers phoned strangers, not neighbors.","After 6 months, volunteers compared to controls, showed benefits on loneliness, social network engagement, stress and depressive symptoms.",,#/case/covid-vaccines/spine/pr/2/cl/5/ev/0
COVID-19 Vaccine Mandates,Proposal claim evidence,,,"Neighborhood task forces decide where and how vaccines are delivered -> Community-run delivery raises trust and uptake, narrows the racial vaccination gap, lowers deaths, and strengthens neighborhood institutions. -> Organizing delivery together strengthens community ties and reduces isolation.",,strong,,,,,"Kahlon et al. 2021, JAMA Psychiatry",https://doi.org/10.1001/jamapsychiatry.2021.0113,"Homebound adults who got regular calls from briefly trained young volunteers felt less lonely within a month. Clients of a meal delivery program were assigned either to receive phone calls from volunteers aged 17 to 23 or to receive no calls. “A layperson-delivered, empathy-oriented telephone call program reduced loneliness, depression, and anxiety compared with the control group and improved the general mental health of participants within 4 weeks.” One of the two loneliness scales did not reach significance, and the trial measured the people served, not the volunteers.","A layperson-delivered, empathy-oriented telephone call program reduced loneliness, depression, and anxiety compared with the control group and improved the general mental health of participants within 4 weeks.",,#/case/covid-vaccines/spine/pr/2/cl/5/ev/1
COVID-19 Vaccine Mandates,Proposal claim evidence,,,"Neighborhood task forces decide where and how vaccines are delivered -> Community-run delivery raises trust and uptake, narrows the racial vaccination gap, lowers deaths, and strengthens neighborhood institutions. -> Organizing delivery together strengthens community ties and reduces isolation.",,strong,,,,,"Fearon, Humphreys and Weinstein 2015, American Political Science Review",https://doi.org/10.1017/S0003055415000283,"Liberian villages that ran their own rebuilding projects cooperated better on a shared fundraising task, but only where men and women worked on it together. A rebuilding program that set up village committees to choose and carry out local projects was assigned to villages at random. “Using a matching funds experiment we find evidence that these interventions can alter cooperation capacity. However, we observe effects only in communities in which, by design, both men and women faced the collective action challenge.” The outcome is behavior in a real-money game, not loneliness or personal ties, and the setting is post-war and donor-funded.","Using a matching funds experiment we find evidence that these interventions can alter cooperation capacity. However, we observe effects only in communities in which, by design, both men and women faced the collective action challenge.",,#/case/covid-vaccines/spine/pr/2/cl/5/ev/2
COVID-19 Vaccine Mandates,Proposal claim evidence,,,"Neighborhood task forces decide where and how vaccines are delivered -> Community-run delivery raises trust and uptake, narrows the racial vaccination gap, lowers deaths, and strengthens neighborhood institutions. -> Organizing delivery together strengthens community ties and reduces isolation.",,moderate,,,,,"O'Mara-Eves et al. 2015, BMC Public Health",https://doi.org/10.1186/s12889-015-1352-y,"Health programs that involved residents in the work raised the social support people felt. A review pooled 131 controlled trials of public health programs for disadvantaged groups in wealthy countries that engaged community members. The programs raised “perceived social support (d = .41, 95% CI .23, .65)” along with health behavior self-efficacy. The pooled trials mix randomized and non-randomized designs, and the review cannot separate community involvement from the rest of each program.","The interventions were also effective in increasing health consequences (d = .16, 95% CI .06, .27); health behaviour self-efficacy (d = .41, 95% CI .16, .65) and perceived social support (d = .41, 95% CI .23, .65).",,#/case/covid-vaccines/spine/pr/2/cl/5/ev/3
COVID-19 Vaccine Mandates,Proposal claim evidence,,,"Neighborhood task forces decide where and how vaccines are delivered -> Community-run delivery raises trust and uptake, narrows the racial vaccination gap, lowers deaths, and strengthens neighborhood institutions. -> Organizing delivery together strengthens community ties and reduces isolation.",,moderate,,,,,"Bowe et al. 2022, Journal of Community and Applied Social Psychology",https://doi.org/10.1002/casp.2520,"Britons who helped neighbors through organized community efforts in the first lockdown felt closer to their community. A survey run in June 2020 found that “coordinated community helping predicted the psychological bonding of community members by building a sense of community identification and unity during the pandemic, which predicted increased well-being and reduced depression and anxiety”. The survey was a single wave, so it cannot establish which came first.","coordinated community helping predicted the psychological bonding of community members by building a sense of community identification and unity during the pandemic, which predicted increased well-being and reduced depression and anxiety",,#/case/covid-vaccines/spine/pr/2/cl/5/ev/4
COVID-19 Vaccine Mandates,Proposal claim counter-evidence,,,"Neighborhood task forces decide where and how vaccines are delivered -> Community-run delivery raises trust and uptake, narrows the racial vaccination gap, lowers deaths, and strengthens neighborhood institutions. -> Organizing delivery together strengthens community ties and reduces isolation.",,strong,,,,,"Yeung et al. 2025, The Lancet Healthy Longevity",https://doi.org/10.1016/j.lanhl.2024.100664,"A year after lonely older adults began volunteering, most of the drop in loneliness had faded. The same Hong Kong trial followed its volunteers to twelve months. “Although most of the positive effects of volunteering were not sustained at T3, the volunteers who continued to volunteer for more than 2 h per week at T3 reported lower levels of loneliness than those who did not maintain volunteering.” Who kept volunteering was the participants' own choice, so that last comparison is not randomized.","Although most of the positive effects of volunteering were not sustained at T3, the volunteers who continued to volunteer for more than 2 h per week at T3 reported lower levels of loneliness than those who did not maintain volunteering.",,#/case/covid-vaccines/spine/pr/2/cl/5/cev/0
COVID-19 Vaccine Mandates,Proposal claim counter-evidence,,,"Neighborhood task forces decide where and how vaccines are delivered -> Community-run delivery raises trust and uptake, narrows the racial vaccination gap, lowers deaths, and strengthens neighborhood institutions. -> Organizing delivery together strengthens community ties and reduces isolation.",,strong,,,,,"Avdeenko and Gilligan 2015, American Political Science Review",https://doi.org/10.1017/S0003055415000210,"Sudanese villages that ran their own development projects took a bigger part in local decisions, but villagers' social networks and norms did not change. Villages were assigned at random to a program that had residents plan and run local projects. “The program did not affect either networks or norms, but civic participation and the participatory nature of local governance increased.” The authors credit the rise in participation to more open local institutions, not to stronger social ties. The study says nothing about loneliness, and rural Sudan differs sharply from a US neighborhood.","The program did not affect either networks or norms, but civic participation and the participatory nature of local governance increased.",,#/case/covid-vaccines/spine/pr/2/cl/5/cev/1
COVID-19 Vaccine Mandates,Proposal claim counter-evidence,,,"Neighborhood task forces decide where and how vaccines are delivered -> Community-run delivery raises trust and uptake, narrows the racial vaccination gap, lowers deaths, and strengthens neighborhood institutions. -> Organizing delivery together strengthens community ties and reduces isolation.",,strong,,,,,"King and Samii 2014, World Development",https://doi.org/10.1016/j.worlddev.2014.06.030,"Programs that had residents choose and run local projects in four war-affected countries did little to build the cohesion they aimed for. A synthesis of randomized field experiments in Afghanistan, the Democratic Republic of the Congo, Liberia, and Sierra Leone concluded that “the evidence tells us that CDD programs are far from “proven impact” interventions”, where community-driven development means programs in which residents choose and run local projects. The settings are poor and war-affected, not rich-country neighborhoods facing an acute health crisis.",The evidence tells us that CDD programs are far from “proven impact” interventions.,,#/case/covid-vaccines/spine/pr/2/cl/5/cev/2
COVID-19 Vaccine Mandates,Proposal claim counter-evidence,,,"Neighborhood task forces decide where and how vaccines are delivered -> Community-run delivery raises trust and uptake, narrows the racial vaccination gap, lowers deaths, and strengthens neighborhood institutions. -> Organizing delivery together strengthens community ties and reduces isolation.",,moderate,,,,,"Jenkinson et al. 2013, BMC Public Health",https://doi.org/10.1186/1471-2458-13-773,"Volunteers report better mental health in long-running surveys, but the few trials that assigned people to volunteer did not confirm it. A review of 40 studies found that “cohort studies showed volunteering had favourable effects on depression, life satisfaction, wellbeing but not on physical health. These findings were not confirmed by experimental studies.” The trials were few and small, the searches ended before the Hong Kong trial above, and loneliness and social ties were not the review's main outcomes.","Cohort studies showed volunteering had favourable effects on depression, life satisfaction, wellbeing but not on physical health. These findings were not confirmed by experimental studies.",,#/case/covid-vaccines/spine/pr/2/cl/5/cev/3
COVID-19 Vaccine Mandates,Proposed intervention (spine),,,,,,Participatory Budgeting,,,,,,"Residents allocate community support funds through participatory budgeting: Let residents of the neighborhoods the money is meant to reach decide, through a participatory budgeting process, how a share of the community support funds is spent. The funding agency sets the share and the eligible uses. Neighborhood assemblies propose, deliberate, and vote, and the agency publishes what was chosen and what it bought. Residents hold a real allocation decision, not an advisory one. The September review proposed this, as one of two proposals replacing a grant evaluation proposal the research team had added. Federal reviews found that COVID-19 equity and vaccine confidence money was slow to reach communities, held up by long contracting and by local partners with limited capacity. When and where: June to July 2021, when the community outreach awards were made: $323 million from the American Rescue Plan to 150 local and national organizations for vaccination outreach, and $250 million to 73 local governments for health literacy work. The rules for who decides how the money is spent are set once, at the award. (City and county governments receiving American Rescue Plan community engagement funds)",,,#/case/covid-vaccines/spine/pr/3
COVID-19 Vaccine Mandates,Proposal outcome,,,Residents allocate community support funds through participatory budgeting -> Residents who allocate the funds get spending that fits their needs and trust how it is used.,,,,,,,,,Residents who allocate the funds get spending that fits their needs and trust how it is used.,,,#/case/covid-vaccines/spine/pr/3/out
COVID-19 Vaccine Mandates,Proposal claim,,,Residents allocate community support funds through participatory budgeting -> Residents who allocate the funds get spending that fits their needs and trust how it is used. -> Residents who allocate public money direct it to what their neighborhoods lack.,,,,,,,,,Residents who allocate public money direct it to what their neighborhoods lack.,,,#/case/covid-vaccines/spine/pr/3/cl/0
COVID-19 Vaccine Mandates,Proposal claim evidence,,,Residents allocate community support funds through participatory budgeting -> Residents who allocate the funds get spending that fits their needs and trust how it is used. -> Residents who allocate public money direct it to what their neighborhoods lack.,,strong,,,,,"Beuermann and Amelina 2018, Economics of Governance",https://link.springer.com/article/10.1007/s10101-018-0214-3,"When Russian villages got hands-on help to run participatory budgeting, local budgets shifted toward the services residents ranked first. Rural settlements were chosen at random to receive training, or training plus on-the-ground help, to run participatory budgeting. Training alone did not work. Where settlements had longer experience of governing themselves, “local administrations allocated larger fractions of public budgets to services identified as top priorities by citizens”, and residents were more satisfied with public services. The budget shift shows up in that subgroup, not across the whole sample, and nothing here measures which services were most lacking.",local administrations allocated larger fractions of public budgets to services identified as top priorities by citizens,,#/case/covid-vaccines/spine/pr/3/cl/0/ev/0
COVID-19 Vaccine Mandates,Proposal claim evidence,,,Residents allocate community support funds through participatory budgeting -> Residents who allocate the funds get spending that fits their needs and trust how it is used. -> Residents who allocate public money direct it to what their neighborhoods lack.,,moderate,,,,,"Hagelskamp, Silliman, Godfrey and Schleifer 2020, New Political Science",https://doi.org/10.1080/07393148.2020.1773689,"When New York City council districts adopted participatory budgeting, more of their capital money went to schools, streets, and public housing. Comparing ten years of capital spending in council districts that did and did not adopt participatory budgeting, researchers found that “when council districts adopted PB, greater proportions of their discretionary capital budgets were allocated to schools, streets and traffic improvements, and public housing”, and less went to parks. Districts chose whether to adopt, so council members who adopted it may already have had different priorities.","when council districts adopted PB, greater proportions of their discretionary capital budgets were allocated to schools, streets and traffic improvements, and public housing",,#/case/covid-vaccines/spine/pr/3/cl/0/ev/1
COVID-19 Vaccine Mandates,Proposal claim evidence,,,Residents allocate community support funds through participatory budgeting -> Residents who allocate the funds get spending that fits their needs and trust how it is used. -> Residents who allocate public money direct it to what their neighborhoods lack.,,moderate,,,,,"Gonçalves 2014, World Development",https://doi.org/10.1016/j.worlddev.2013.01.009,"Brazilian cities that adopted participatory budgeting spent more on health and saw infant deaths fall. Brazilian municipalities that adopted participatory budgeting “channeled a larger fraction of their budgets to investments in sanitation and health services”, a change “accompanied by a reduction in infant mortality rates”. A second team found the same link between participatory budgeting, health spending, and fewer infant deaths, and found it grew stronger the longer programs lasted. Both studies compare cities that chose to adopt with cities that did not.",channeled a larger fraction of their budgets to investments in sanitation and health services,,#/case/covid-vaccines/spine/pr/3/cl/0/ev/2
COVID-19 Vaccine Mandates,Proposal claim evidence,,,Residents allocate community support funds through participatory budgeting -> Residents who allocate the funds get spending that fits their needs and trust how it is used. -> Residents who allocate public money direct it to what their neighborhoods lack.,,moderate,,,,,"Touchton and Wampler 2014, Comparative Political Studies",https://doi.org/10.1177/0010414013512601,"Brazilian cities that adopted participatory budgeting spent more on health and saw infant deaths fall. Brazilian municipalities that adopted participatory budgeting “channeled a larger fraction of their budgets to investments in sanitation and health services”, a change “accompanied by a reduction in infant mortality rates”. A second team found the same link between participatory budgeting, health spending, and fewer infant deaths, and found it grew stronger the longer programs lasted. Both studies compare cities that chose to adopt with cities that did not.",channeled a larger fraction of their budgets to investments in sanitation and health services,,#/case/covid-vaccines/spine/pr/3/cl/0/ev/2
COVID-19 Vaccine Mandates,Proposal claim counter-evidence,,,Residents allocate community support funds through participatory budgeting -> Residents who allocate the funds get spending that fits their needs and trust how it is used. -> Residents who allocate public money direct it to what their neighborhoods lack.,,strong,,,,,"Shybalkina and Bifulco, Public Budgeting and Finance",https://doi.org/10.1111/pbaf.12212,"Participatory budgeting in New York City did not move money to the city's poorest neighborhoods. Comparing council districts that adopted participatory budgeting with districts that adopted it later, researchers found adopting districts sent more capital money to near-poorest census tracts, but “participatory budgeting does not redirect funds to the lowest income census tracts”. The finding covers a slice of capital money, not a whole budget.",participatory budgeting does not redirect funds to the lowest income census tracts,,#/case/covid-vaccines/spine/pr/3/cl/0/cev/0
COVID-19 Vaccine Mandates,Proposal claim counter-evidence,,,Residents allocate community support funds through participatory budgeting -> Residents who allocate the funds get spending that fits their needs and trust how it is used. -> Residents who allocate public money direct it to what their neighborhoods lack.,,moderate,,,,,"Calabrese, Williams and Gupta 2020, Administration and Society",https://doi.org/10.1177/0095399720912548,"Participatory budgeting in New York City spread money across more small projects but did not change what the money was spent on. New York's process runs through council members' discretionary funds. Officials who used participatory budgeting “fund more projects at lower average amounts than those not involved but do not change the areas of funding”. The result comes from a system built on legislative earmarks, and it disagrees with the study above on the same city.",Officials involved fund more projects at lower average amounts than those not involved but do not change the areas of funding,,#/case/covid-vaccines/spine/pr/3/cl/0/cev/1
COVID-19 Vaccine Mandates,Proposal claim counter-evidence,,,Residents allocate community support funds through participatory budgeting -> Residents who allocate the funds get spending that fits their needs and trust how it is used. -> Residents who allocate public money direct it to what their neighborhoods lack.,,moderate,,,,,"Boulding and Wampler 2010, World Development",https://doi.org/10.1016/j.worlddev.2009.05.002,"Brazilian cities with participatory budgeting spent slightly more on health and education but showed little sign of better living conditions. A study of Brazil's 220 largest cities found that “PB municipalities spend a slightly higher share of their budget on health and education programs, but there is little evidence that this shift in budget priorities affects measurable outcomes”. It covers the same setting as the supporting cards, over a shorter period.","We find that PB municipalities spend a slightly higher share of their budget on health and education programs, but there is little evidence that this shift in budget priorities affects measurable outcomes.",,#/case/covid-vaccines/spine/pr/3/cl/0/cev/2
COVID-19 Vaccine Mandates,Proposal case study,,,Residents allocate community support funds through participatory budgeting -> Residents who allocate the funds get spending that fits their needs and trust how it is used. -> Residents who allocate public money direct it to what their neighborhoods lack.,,moderate,,,"Studied 1990-2004, and over about 20 years",Brazil,"Gonçalves 2014, World Development",https://doi.org/10.1016/j.worlddev.2013.01.009,"Brazilian Municipal Participatory Budgeting (Annual, city scale): Brazilian municipalities that adopted participatory budgeting put a larger share of their budgets into health, and in one study sanitation, and saw infant mortality fall. An earlier study of Brazil's largest cities found only a slight spending shift and little sign of better outcomes.",,,#/case/covid-vaccines/spine/pr/3/cl/0/cs/0
COVID-19 Vaccine Mandates,Proposal case study,,,Residents allocate community support funds through participatory budgeting -> Residents who allocate the funds get spending that fits their needs and trust how it is used. -> Residents who allocate public money direct it to what their neighborhoods lack.,,moderate,,,"Studied 1990-2004, and over about 20 years",Brazil,"Touchton and Wampler 2014, Comparative Political Studies",https://doi.org/10.1177/0010414013512601,"Brazilian Municipal Participatory Budgeting (Annual, city scale): Brazilian municipalities that adopted participatory budgeting put a larger share of their budgets into health, and in one study sanitation, and saw infant mortality fall. An earlier study of Brazil's largest cities found only a slight spending shift and little sign of better outcomes.",,,#/case/covid-vaccines/spine/pr/3/cl/0/cs/0
COVID-19 Vaccine Mandates,Proposal case study,,,Residents allocate community support funds through participatory budgeting -> Residents who allocate the funds get spending that fits their needs and trust how it is used. -> Residents who allocate public money direct it to what their neighborhoods lack.,,moderate,,,"Studied 1990-2004, and over about 20 years",Brazil,"Boulding and Wampler 2010, World Development",https://doi.org/10.1016/j.worlddev.2009.05.002,"Brazilian Municipal Participatory Budgeting (Annual, city scale): Brazilian municipalities that adopted participatory budgeting put a larger share of their budgets into health, and in one study sanitation, and saw infant mortality fall. An earlier study of Brazil's largest cities found only a slight spending shift and little sign of better outcomes.",,,#/case/covid-vaccines/spine/pr/3/cl/0/cs/0
COVID-19 Vaccine Mandates,Proposal claim,,,Residents allocate community support funds through participatory budgeting -> Residents who allocate the funds get spending that fits their needs and trust how it is used. -> Residents who decide how money is spent trust how it is used.,,,,,,,,,Residents who decide how money is spent trust how it is used.,,,#/case/covid-vaccines/spine/pr/3/cl/1
COVID-19 Vaccine Mandates,Proposal claim evidence,,,Residents allocate community support funds through participatory budgeting -> Residents who allocate the funds get spending that fits their needs and trust how it is used. -> Residents who decide how money is spent trust how it is used.,,strong,,,,,"Olken 2010, American Political Science Review",https://doi.org/10.1017/S0003055410000079,"When villagers voted directly on local projects, they were far more satisfied with the result, even though the projects barely changed. In 49 Indonesian villages, whether development projects were chosen by representative meetings or by a direct vote of all villagers was assigned at random. “Plebiscites resulted in dramatically higher satisfaction among villagers, increased knowledge about the project, greater perceived benefits, and higher reported willingness to contribute.” The projects chosen changed much less. The study measures satisfaction and perceived legitimacy after a vote on project choice, not trust in how money was later spent.","Plebiscites resulted in dramatically higher satisfaction among villagers, increased knowledge about the project, greater perceived benefits, and higher reported willingness to contribute.",,#/case/covid-vaccines/spine/pr/3/cl/1/ev/0
COVID-19 Vaccine Mandates,Proposal claim evidence,,,Residents allocate community support funds through participatory budgeting -> Residents who allocate the funds get spending that fits their needs and trust how it is used. -> Residents who decide how money is spent trust how it is used.,,moderate,,,,,"Ardanaz, Otálvaro-Ramírez and Scartascini 2022, World Development",https://doi.org/10.1016/j.worlddev.2022.106132,"Buenos Aires residents told how the city's participatory budget worked rated the government as slightly more honest and well-meaning. In a survey experiment, giving residents detailed information about the city's participatory budget “marginally shapes voters' assessments of government performance and political trust”, and raised their sense of the government's benevolence and honesty, most among people who started out with low opinions of it. The people treated did not take part in budgeting, and the effect is marginal.",providing detailed information about citizen involvement and outputs of a participatory budget initiative marginally shapes voters' assessments of government performance and political trust,,#/case/covid-vaccines/spine/pr/3/cl/1/ev/1
COVID-19 Vaccine Mandates,Proposal claim,,,Residents allocate community support funds through participatory budgeting -> Residents who allocate the funds get spending that fits their needs and trust how it is used. -> Taking part in budgeting draws residents into civic life.,,,,,,,,,Taking part in budgeting draws residents into civic life.,,,#/case/covid-vaccines/spine/pr/3/cl/2
COVID-19 Vaccine Mandates,Proposal claim evidence,,,Residents allocate community support funds through participatory budgeting -> Residents who allocate the funds get spending that fits their needs and trust how it is used. -> Taking part in budgeting draws residents into civic life.,,moderate,,,,,"Johnson, Carlson and Reynolds, Political Behavior",https://doi.org/10.1007/s11109-021-09679-w,"New Yorkers who took part in participatory budgeting became more likely to vote, especially those least likely to vote before. New Yorkers who voted in participatory budgeting were matched with similar voters in council districts without it. Taking part “increased individuals' probability of voting by an average of 8.4 percentage points”, with larger gains for young, lower-income, less educated, and Black voters. Participants chose to take part, so matching on what can be observed cannot rule out that more civic-minded people joined.",increased individuals' probability of voting by an average of 8.4 percentage points,,#/case/covid-vaccines/spine/pr/3/cl/2/ev/0
COVID-19 Vaccine Mandates,Proposal claim evidence,,,Residents allocate community support funds through participatory budgeting -> Residents who allocate the funds get spending that fits their needs and trust how it is used. -> Taking part in budgeting draws residents into civic life.,,strong,,,,,"Beuermann and Amelina 2018, Economics of Governance",https://link.springer.com/article/10.1007/s10101-018-0214-3,"When Russian villages got hands-on help to run participatory budgeting, more residents took part in public decisions. In the same field experiment in rural Russia, “the implementation of PB increased citizen's engagement in public decision making and raised local tax revenue collection”, with larger effects where settlements had more experience governing themselves. The engagement measured is in the budget process itself, not voting or civic activity beyond it.",we find that the implementation of PB increased citizen’s engagement in public decision making and raised local tax revenue collection,,#/case/covid-vaccines/spine/pr/3/cl/2/ev/1
COVID-19 Vaccine Mandates,Proposal claim evidence,,,Residents allocate community support funds through participatory budgeting -> Residents who allocate the funds get spending that fits their needs and trust how it is used. -> Taking part in budgeting draws residents into civic life.,,moderate,,,,,"Touchton and Wampler 2014, Comparative Political Studies",https://doi.org/10.1177/0010414013512601,"Brazilian cities that kept participatory budgeting longer also gained more civil society organizations. Across Brazil's largest cities over twenty years, participatory budgeting programs “are strongly associated with increases in health care spending, increases in civil society organizations, and decreases in infant mortality rates”, and the link grew stronger the longer programs stayed in place. Cities with more organized residents may have been likelier to adopt it in the first place.","We find PB programs are strongly associated with increases in health care spending, increases in civil society organizations, and decreases in infant mortality rates.",,#/case/covid-vaccines/spine/pr/3/cl/2/ev/2
COVID-19 Vaccine Mandates,Proposal claim counter-evidence,,,Residents allocate community support funds through participatory budgeting -> Residents who allocate the funds get spending that fits their needs and trust how it is used. -> Taking part in budgeting draws residents into civic life.,,moderate,,,,,"Pape and Lim 2019, Sociological Forum",https://doi.org/10.1111/socf.12550,"In Chicago, the residents who voted in participatory budgeting were whiter, more educated, and better off than the neighborhoods they lived in. Surveys and interviews from Chicago's process found that “residents who voted in PB Chicago were more often white, college educated, and from higher-income households relative to both the local population and politically active residents in Chicago”, with little evidence that less advantaged residents were reaching the civic learning and empowerment the process promised. It describes who took part, not what participation did to anyone's later civic life, and it points the other way from the New York voter-file study above.","residents who voted in PB Chicago were more often white, college educated, and from higher‐income households relative to both the local population and politically active residents in Chicago",,#/case/covid-vaccines/spine/pr/3/cl/2/cev/0
COVID-19 Vaccine Mandates,Proposed intervention (spine),,,,,,Participatory Monitoring and Evaluation,,,,,,"Residents define the measures of success for outreach funds: Let residents of the neighborhoods an outreach award is meant to reach define what would count as success. Residents, with the grantee and an independent evaluator, decide the measures before the money is spent, and the results are published against them. The funding agency carries the duty in the award terms. Residents are not making the spending decision: they say what it must be judged by, and they see where the money went, which is closer to citizen science than to a vote. The September review proposed this, as one of two proposals replacing a grant evaluation proposal the research team had added. When and where: June to July 2021, when the community outreach awards were made: $323 million from the American Rescue Plan to 150 local and national organizations for vaccination outreach, and $250 million to 73 local governments for health literacy work. Award conditions are set once, and that is the single point where an evaluation requirement could attach without new authority. (Any agency funding community outreach, with residents of the neighborhoods served)",,,#/case/covid-vaccines/spine/pr/4
COVID-19 Vaccine Mandates,Proposal outcome,,,"Residents define the measures of success for outreach funds -> Residents who define success see where the money went, which brings more systematic evaluation, more engagement, more trust in government, and a stronger sense that they can influence it.",,,,,,,,,"Residents who define success see where the money went, which brings more systematic evaluation, more engagement, more trust in government, and a stronger sense that they can influence it.",,,#/case/covid-vaccines/spine/pr/4/out
COVID-19 Vaccine Mandates,Proposal claim,,,"Residents define the measures of success for outreach funds -> Residents who define success see where the money went, which brings more systematic evaluation, more engagement, more trust in government, and a stronger sense that they can influence it. -> When residents help set the measures, evaluations get done and published.",,,,,,,,,"When residents help set the measures, evaluations get done and published.",,,#/case/covid-vaccines/spine/pr/4/cl/0
COVID-19 Vaccine Mandates,Proposal claim evidence,,,"Residents define the measures of success for outreach funds -> Residents who define success see where the money went, which brings more systematic evaluation, more engagement, more trust in government, and a stronger sense that they can influence it. -> When residents help set the measures, evaluations get done and published.",,weak,,,,,"Chen, Diaz, Lucas and Rosenthal 2010, American Journal of Preventive Medicine",https://doi.org/10.1016/j.amepre.2010.05.021,"Nearly all community-partnered health research teams said they shared their results with residents, but fewer than half of their published papers described doing so. A review of 101 studies run in partnership with communities asked whether results reached people beyond academic journals. “Dissemination beyond scientific publication was reported in 48% of publications with varying levels of detail. However, among survey respondents, 98% reported dissemination of results to community participants and 84% reported dissemination to the general public.” The survey answers are self-reported, and no conventional studies were included for comparison.","Dissemination beyond scientific publication was reported in 48% of publications with varying levels of detail. However, among survey respondents, 98% reported dissemination of results to community participants and 84% reported dissemination to the general public.",Nothing here compares evaluations with resident-set measures against evaluations without them.,#/case/covid-vaccines/spine/pr/4/cl/0/ev/0
COVID-19 Vaccine Mandates,Proposal case study,,,"Residents define the measures of success for outreach funds -> Residents who define success see where the money went, which brings more systematic evaluation, more engagement, more trust in government, and a stronger sense that they can influence it. -> When residents help set the measures, evaluations get done and published.",,weak,,,2011-2013,Malawi,"Gullo et al. 2017, PLOS ONE",https://doi.org/10.1371/journal.pone.0171316,"Community Score Card, Ntcheu District (Residents and health workers wrote their own measures and scored them in repeated cycles): Community members and service providers created their own indicators for local reproductive health services and scored them over repeated cycles. The published evaluation reported that “all 13 community- and provider-developed indicators improved, with 6 of them showing significant improvements”. The community-set indicators were tracked only where the program ran, so there is nothing to compare them with, and an organization with an evaluation team already in place ran the program. It shows the process can be carried through to a published evaluation.",,,#/case/covid-vaccines/spine/pr/4/cl/0/cs/0
COVID-19 Vaccine Mandates,Proposal claim,,,"Residents define the measures of success for outreach funds -> Residents who define success see where the money went, which brings more systematic evaluation, more engagement, more trust in government, and a stronger sense that they can influence it. -> Community monitoring of a public service improves the service.",,,,,,,,,Community monitoring of a public service improves the service.,,,#/case/covid-vaccines/spine/pr/4/cl/1
COVID-19 Vaccine Mandates,Proposal claim evidence,,,"Residents define the measures of success for outreach funds -> Residents who define success see where the money went, which brings more systematic evaluation, more engagement, more trust in government, and a stronger sense that they can influence it. -> Community monitoring of a public service improves the service.",,strong,,,,,"Christensen, Dube, Haushofer, Siddiqi and Voors 2021, Quarterly Journal of Economics",https://doi.org/10.1093/qje/qjaa039,"Sierra Leone clinics that communities monitored drew more patients, and fewer young children died. Government clinics were assigned at random to a community monitoring program, to nonfinancial staff awards, or to neither. Before the Ebola outbreak, clinic use and patient satisfaction rose, and “community monitoring additionally improved child health, leading to 38% fewer deaths of children under age five”. During the outbreak, communities around the monitored clinics reported more Ebola cases. The trial cannot say which part of the package did the work.","Community monitoring additionally improved child health, leading to 38% fewer deaths of children under age five.",,#/case/covid-vaccines/spine/pr/4/cl/1/ev/0
COVID-19 Vaccine Mandates,Proposal claim evidence,,,"Residents define the measures of success for outreach funds -> Residents who define success see where the money went, which brings more systematic evaluation, more engagement, more trust in government, and a stronger sense that they can influence it. -> Community monitoring of a public service improves the service.",,strong,,,,,"Björkman Nyqvist, de Walque and Svensson 2017, American Economic Journal: Applied Economics",https://doi.org/10.1257/app.20150027,"Ugandan clinics that villagers monitored kept their gains in care and child health years later, with little further support. The original Ugandan research team returned to the community monitoring sites for a later follow-up. “Short-run improvements in health care delivery and health outcomes remained in the longer run despite minimal follow-up.” The follow-up is by the same team in the same sites, so it cannot show whether the effects travel.",Short-run improvements in health care delivery and health outcomes remained in the longer run despite minimal follow-up.,,#/case/covid-vaccines/spine/pr/4/cl/1/ev/1
COVID-19 Vaccine Mandates,Proposal claim evidence,,,"Residents define the measures of success for outreach funds -> Residents who define success see where the money went, which brings more systematic evaluation, more engagement, more trust in government, and a stronger sense that they can influence it. -> Community monitoring of a public service improves the service.",,strong,,,,,"Gullo et al. 2017, PLOS ONE",https://doi.org/10.1371/journal.pone.0171316,"Malawi health centers that used community scorecards made more home visits to pregnant women and left women more satisfied with care. Ten matched pairs of communities were randomized to a scorecard process that brought residents, health workers, and local officials together to score services and agree on fixes. The evaluation found “significantly greater improvements in the proportion of women receiving a home visit during pregnancy (B = 0.20, P < .01), receiving a postnatal visit (B = 0.06, P = .01), and overall service satisfaction (B = 0.16, P < .001) in intervention compared to control areas”. With only twenty clusters the estimates are imprecise, health outcomes were not measured, and the evaluators work with the implementing organization.","DiD analyses showed significantly greater improvements in the proportion of women receiving a home visit during pregnancy (B = 0.20, P < .01), receiving a postnatal visit (B = 0.06, P = .01), and overall service satisfaction (B = 0.16, P < .001) in intervention compared to control areas.",,#/case/covid-vaccines/spine/pr/4/cl/1/ev/2
COVID-19 Vaccine Mandates,Proposal claim evidence,,,"Residents define the measures of success for outreach funds -> Residents who define success see where the money went, which brings more systematic evaluation, more engagement, more trust in government, and a stronger sense that they can influence it. -> Community monitoring of a public service improves the service.",,moderate,,,,,"Barr, Mugisha, Serneels and Zeitlin 2012, working paper",https://www.bristol.ac.uk/media-library/sites/cmpo/migrated/documents/zeitlin.pdf,"Ugandan schools did better when parent committees wrote their own monitoring measures than when they were handed a standard scorecard. In 100 rural primary schools, some management committees received a standard scorecard and others designed their own monitoring instrument, defining the objectives, roles, and indicators of progress themselves. The authors “find substantial impacts of the participatory treatment on pupil test scores as well as pupil and teacher absenteeism, while the standard treatment has small and insignificant effects”. This is the closest test of residents defining the measures themselves. It is a small experiment, and no published version of the paper was found.","We find substantial impacts of the participatory treatment on pupil test scores as well as pupil and teacher absenteeism, while the standard treatment has small and insignificant effects","Working paper. No peer-reviewed version was located, so this card should be checked before it is relied on.",#/case/covid-vaccines/spine/pr/4/cl/1/ev/3
COVID-19 Vaccine Mandates,Proposal claim evidence,,,"Residents define the measures of success for outreach funds -> Residents who define success see where the money went, which brings more systematic evaluation, more engagement, more trust in government, and a stronger sense that they can influence it. -> Community monitoring of a public service improves the service.",,moderate,,,,,"Molina, Carella, Pacheco, Cruces and Gasparini 2016, Campbell Systematic Reviews",https://doi.org/10.4073/csr.2016.8,"Across poor countries, community monitoring cut corruption and raised clinic use and test scores, but did not lower child deaths. A systematic review pooled 15 experimental and quasi-experimental studies. “Community monitoring interventions can reduce corruption. They also improve use of health services, but no significant effect is found on school enrolments or dropouts. There is no improvement in health service waiting times, but there is an improvement in weight for age, though not child mortality.” The review has few studies per outcome, its searches end well before the later null results, and its authors decline to draw strong conclusions.","Community monitoring interventions can reduce corruption. They also improve use of health services, but no significant effect is found on school enrolments or dropouts. There is no improvement in health service waiting times, but there is an improvement in weight for age, though not child mortality.",,#/case/covid-vaccines/spine/pr/4/cl/1/ev/4
COVID-19 Vaccine Mandates,Proposal claim counter-evidence,,,"Residents define the measures of success for outreach funds -> Residents who define success see where the money went, which brings more systematic evaluation, more engagement, more trust in government, and a stronger sense that they can influence it. -> Community monitoring of a public service improves the service.",,strong,,,,,"Raffler, Posner and Parkerson 2025, Journal of Politics",https://doi.org/10.1086/736577,"When community monitoring of clinics was run across much more of Uganda a decade later, clinic use and child health did not improve. A larger program modeled on the original Ugandan design gave communities report cards, action plans, and joint meetings with health center staff. “While we find modest positive impacts on health provider behavior, we find no effects on citizen pressure, utilization rates, or bottom-line health outcomes.” The authors point to much better baseline health conditions than in the original study, and fewer than one in five treated households had heard of the meetings.","While we find modest positive impacts on health provider behavior, we find no effects on citizen pressure, utilization rates, or bottom-line health outcomes.",,#/case/covid-vaccines/spine/pr/4/cl/1/cev/0
COVID-19 Vaccine Mandates,Proposal claim counter-evidence,,,"Residents define the measures of success for outreach funds -> Residents who define success see where the money went, which brings more systematic evaluation, more engagement, more trust in government, and a stronger sense that they can influence it. -> Community monitoring of a public service improves the service.",,strong,,,,,"Björkman Nyqvist, de Walque and Svensson 2017, American Economic Journal: Applied Economics",https://doi.org/10.1257/app.20150027,"Ugandan village meetings that urged residents to take part, without giving them data on how their clinic performed, changed nothing. The original Ugandan team tested a cheaper version that held participation meetings but handed out no report card on staff performance. “We find no impact on the quality of care or health outcomes of a lower cost intervention that focused on encouraging participation but did not provide information on staff performance.” Residents gathering to talk was not enough without performance data to judge against.",We find no impact on the quality of care or health outcomes of a lower cost intervention that focused on encouraging participation but did not provide information on staff performance.,,#/case/covid-vaccines/spine/pr/4/cl/1/cev/1
COVID-19 Vaccine Mandates,Proposal claim counter-evidence,,,"Residents define the measures of success for outreach funds -> Residents who define success see where the money went, which brings more systematic evaluation, more engagement, more trust in government, and a stronger sense that they can influence it. -> Community monitoring of a public service improves the service.",,strong,,,,,"Banerjee, Banerji, Duflo, Glennerster and Khemani 2010, American Economic Journal: Economic Policy",https://doi.org/10.1257/pol.2.1.1,"In Indian villages, efforts to get parents to monitor schools did not change teacher effort or what children learned in school. Three randomized efforts in Uttar Pradesh encouraged parents to take part in monitoring schools, including training villagers to test children. “These interventions had no impact on community involvement, teacher effort, or learning outcomes inside the school.” Only a volunteer-run reading camp outside the school raised reading skills. None of the three let residents define the measures.","These interventions had no impact on community involvement, teacher effort, or learning outcomes inside the school.",,#/case/covid-vaccines/spine/pr/4/cl/1/cev/2
COVID-19 Vaccine Mandates,Proposal claim counter-evidence,,,"Residents define the measures of success for outreach funds -> Residents who define success see where the money went, which brings more systematic evaluation, more engagement, more trust in government, and a stronger sense that they can influence it. -> Community monitoring of a public service improves the service.",,strong,,,,,"Arkedis et al. 2021, World Development",https://doi.org/10.1016/j.worlddev.2020.105369,"A community-led program to improve care for mothers and newborns in Indonesia and Tanzania did not change how mothers used that care. The program was built to be community-led, giving communities information and support to plan their own fixes, across 100 treatment and 100 control communities in each country. “We find that on average, this program did not have a statistically significant impact on the use or content of maternal and newborn health services, nor on perceptions of civic efficacy or civic participation among recent mothers in the communities where it was offered.” The authors trace the null result to communities stalling between planning and action.","We find that on average, this program did not have a statistically significant impact on the use or content of maternal and newborn health services, nor on perceptions of civic efficacy or civic participation among recent mothers in the communities where it was offered.",,#/case/covid-vaccines/spine/pr/4/cl/1/cev/3
COVID-19 Vaccine Mandates,Proposal case study,,,"Residents define the measures of success for outreach funds -> Residents who define success see where the money went, which brings more systematic evaluation, more engagement, more trust in government, and a stronger sense that they can influence it. -> Community monitoring of a public service improves the service.",,strong,,,2004-2006,Uganda,"Björkman and Svensson 2009, Quarterly Journal of Economics",https://doi.org/10.1162/qjec.2009.124.2.735,"Community-Based Monitoring of Clinics, Uganda (Communities chose the clinic problems to fix and agreed a monitoring plan with clinic staff): Fifty rural clinics in nine districts were assigned at random. In treatment villages, residents received a report card on their clinic built from household and facility surveys. They picked the problems that mattered most and agreed a plan with clinic staff for fixing and monitoring them. A year later, general outpatient visits were 20 percent higher and infants weighed more, by 0.14 standard deviations in weight-for-age. Under-5 mortality was 33 percent lower, with a 90 percent confidence interval of 8 to 64 percent, which the authors put at roughly 550 child deaths averted across about 55,000 households. The gains lasted in a later follow-up. Village meetings held without the report card did nothing, and a larger program with a similar design across 187 Ugandan health centers about a decade later changed health worker behavior modestly but not clinic use or child health.",,,#/case/covid-vaccines/spine/pr/4/cl/1/cs/0
COVID-19 Vaccine Mandates,Proposal case study,,,"Residents define the measures of success for outreach funds -> Residents who define success see where the money went, which brings more systematic evaluation, more engagement, more trust in government, and a stronger sense that they can influence it. -> Community monitoring of a public service improves the service.",,strong,,,2004-2006,Uganda,"Björkman Nyqvist, de Walque and Svensson 2017, American Economic Journal: Applied Economics",https://doi.org/10.1257/app.20150027,"Community-Based Monitoring of Clinics, Uganda (Communities chose the clinic problems to fix and agreed a monitoring plan with clinic staff): Fifty rural clinics in nine districts were assigned at random. In treatment villages, residents received a report card on their clinic built from household and facility surveys. They picked the problems that mattered most and agreed a plan with clinic staff for fixing and monitoring them. A year later, general outpatient visits were 20 percent higher and infants weighed more, by 0.14 standard deviations in weight-for-age. Under-5 mortality was 33 percent lower, with a 90 percent confidence interval of 8 to 64 percent, which the authors put at roughly 550 child deaths averted across about 55,000 households. The gains lasted in a later follow-up. Village meetings held without the report card did nothing, and a larger program with a similar design across 187 Ugandan health centers about a decade later changed health worker behavior modestly but not clinic use or child health.",,,#/case/covid-vaccines/spine/pr/4/cl/1/cs/0
COVID-19 Vaccine Mandates,Proposal case study,,,"Residents define the measures of success for outreach funds -> Residents who define success see where the money went, which brings more systematic evaluation, more engagement, more trust in government, and a stronger sense that they can influence it. -> Community monitoring of a public service improves the service.",,strong,,,2004-2006,Uganda,"Raffler, Posner and Parkerson 2025, Journal of Politics",https://doi.org/10.1086/736577,"Community-Based Monitoring of Clinics, Uganda (Communities chose the clinic problems to fix and agreed a monitoring plan with clinic staff): Fifty rural clinics in nine districts were assigned at random. In treatment villages, residents received a report card on their clinic built from household and facility surveys. They picked the problems that mattered most and agreed a plan with clinic staff for fixing and monitoring them. A year later, general outpatient visits were 20 percent higher and infants weighed more, by 0.14 standard deviations in weight-for-age. Under-5 mortality was 33 percent lower, with a 90 percent confidence interval of 8 to 64 percent, which the authors put at roughly 550 child deaths averted across about 55,000 households. The gains lasted in a later follow-up. Village meetings held without the report card did nothing, and a larger program with a similar design across 187 Ugandan health centers about a decade later changed health worker behavior modestly but not clinic use or child health.",,,#/case/covid-vaccines/spine/pr/4/cl/1/cs/0
COVID-19 Vaccine Mandates,Proposal claim,,,"Residents define the measures of success for outreach funds -> Residents who define success see where the money went, which brings more systematic evaluation, more engagement, more trust in government, and a stronger sense that they can influence it. -> Residents who track public spending know more about where the money went.",,,,,,,,,Residents who track public spending know more about where the money went.,,,#/case/covid-vaccines/spine/pr/4/cl/2
COVID-19 Vaccine Mandates,Proposal claim evidence,,,"Residents define the measures of success for outreach funds -> Residents who define success see where the money went, which brings more systematic evaluation, more engagement, more trust in government, and a stronger sense that they can influence it. -> Residents who track public spending know more about where the money went.",,moderate,,,,,"Reinikka and Svensson 2011, Journal of Public Economics",https://doi.org/10.1016/j.jpubeco.2011.02.006,"Once Uganda printed its school grant payments in newspapers, head teachers near newspaper sellers knew more about the grant. Uganda began publishing monthly school grant transfers in national newspapers. On a later knowledge test, “head teachers serving in schools close to a newspaper outlet are better informed about the formula used for deriving the capitation grant” and about when funds were released. They were no better informed about topics the newspapers did not cover. The test went to head teachers rather than residents, and it was given once, so there is no before-and-after.",Head teachers serving in schools close to a newspaper outlet are better informed about the formula used for deriving the capitation grant,,#/case/covid-vaccines/spine/pr/4/cl/2/ev/0
COVID-19 Vaccine Mandates,Proposal claim evidence,,,"Residents define the measures of success for outreach funds -> Residents who define success see where the money went, which brings more systematic evaluation, more engagement, more trust in government, and a stronger sense that they can influence it. -> Residents who track public spending know more about where the money went.",,strong,,,,,"Banerjee, Hanna, Kyle, Olken and Sumarto 2018, Journal of Political Economy",https://doi.org/10.1086/696226,"Indonesian households mailed a card stating their rice subsidy entitlement received more of the subsidy they were owed. In more than 550 villages, eligible households were mailed cards with program information. “On net, beneficiaries received 26 percent more subsidy in card villages. Ineligible households received no less, so this represents substantially lower leakage.” Households were told what they were owed rather than tracking spending, so the fit to this claim is partial, and the knowledge result appears only in the working paper version.","On net, beneficiaries received 26 percent more subsidy in card villages. Ineligible households received no less, so this represents substantially lower leakage.",,#/case/covid-vaccines/spine/pr/4/cl/2/ev/1
COVID-19 Vaccine Mandates,Proposal claim,,,"Residents define the measures of success for outreach funds -> Residents who define success see where the money went, which brings more systematic evaluation, more engagement, more trust in government, and a stronger sense that they can influence it. -> Taking part in evaluation raises trust in government and people's sense that they can influence it.",,,,,,,,,Taking part in evaluation raises trust in government and people's sense that they can influence it.,,,#/case/covid-vaccines/spine/pr/4/cl/3
COVID-19 Vaccine Mandates,Proposal claim evidence,,,"Residents define the measures of success for outreach funds -> Residents who define success see where the money went, which brings more systematic evaluation, more engagement, more trust in government, and a stronger sense that they can influence it. -> Taking part in evaluation raises trust in government and people's sense that they can influence it.",,strong,,,,,"Ozer and Douglas 2012, American Journal of Community Psychology",https://doi.org/10.1007/s10464-012-9546-2,"Urban teens who carried out their own research on problems in their schools grew more skilled and more motivated to influence their schools and communities. Students in urban public schools were placed into a youth-led participatory research class or a comparison class. “We find that attending a participatory research elective class during the school day was associated with increases in sociopolitical skills, motivation to influence their schools and communities, and participatory behavior. We found no significant effects for perceived control at school.” The participants were teenagers researching their own schools, and trust in government was not measured.","We find that attending a participatory research elective class during the school day was associated with increases in sociopolitical skills, motivation to influence their schools and communities, and participatory behavior. We found no significant effects for perceived control at school.",,#/case/covid-vaccines/spine/pr/4/cl/3/ev/0
COVID-19 Vaccine Mandates,Proposal claim evidence,,,"Residents define the measures of success for outreach funds -> Residents who define success see where the money went, which brings more systematic evaluation, more engagement, more trust in government, and a stronger sense that they can influence it. -> Taking part in evaluation raises trust in government and people's sense that they can influence it.",,strong,,,,,"Wu, Mai, Zhuang and Yi 2024, Nature Human Behaviour",https://doi.org/10.1038/s41562-024-01964-y,"Chinese residents invited to decide how their community budgets were spent became more civically active and more satisfied with national policy. In a program reaching more than 20 million people, some communities were chosen at random to let residents deliberate and decide on local budgets. “We find that participatory decision-making in community budgeting increased a wide range of civic-engagement behaviours outside of the budgeting domain 6 months after the start of the intervention”, and those changes came with a more positive outlook and more satisfaction with the country's policies. Participation meant deciding budgets, not evaluating results, the setting is an authoritarian state, and satisfaction with policy is not trust in government.",We find that participatory decision-making in community budgeting increased a wide range of civic-engagement behaviours outside of the budgeting domain 6 months after the start of the intervention.,,#/case/covid-vaccines/spine/pr/4/cl/3/ev/1
COVID-19 Vaccine Mandates,Proposal claim evidence,,,"Residents define the measures of success for outreach funds -> Residents who define success see where the money went, which brings more systematic evaluation, more engagement, more trust in government, and a stronger sense that they can influence it. -> Taking part in evaluation raises trust in government and people's sense that they can influence it.",,strong,,,,,"Olken 2010, American Political Science Review",https://doi.org/10.1017/S0003055410000079,"When Indonesian villagers voted directly on local projects, they were more satisfied and knew more about the projects. In 49 villages, whether projects were chosen by representative meetings or by a direct vote was assigned at random. Villagers who voted were far more satisfied and knew more about the project, though the projects chosen barely changed. “The results suggest that direct participation in political decision making can substantially increase satisfaction and legitimacy.” Participation meant choosing projects, not evaluating them, and legitimacy was measured for the decision rather than as trust in government.",The results suggest that direct participation in political decision making can substantially increase satisfaction and legitimacy.,,#/case/covid-vaccines/spine/pr/4/cl/3/ev/2
COVID-19 Vaccine Mandates,Proposal claim counter-evidence,,,"Residents define the measures of success for outreach funds -> Residents who define success see where the money went, which brings more systematic evaluation, more engagement, more trust in government, and a stronger sense that they can influence it. -> Taking part in evaluation raises trust in government and people's sense that they can influence it.",,strong,,,,,"Arkedis et al. 2021, World Development",https://doi.org/10.1016/j.worlddev.2020.105369,"Mothers in Indonesian and Tanzanian communities that ran their own health improvement program felt no more able to influence public affairs than mothers elsewhere. The program was community-led and did not prescribe what communities should do. It had no effect on service use, and the evaluation also found no effect “on perceptions of civic efficacy or civic participation among recent mothers in the communities where it was offered”. Efficacy was measured among recent mothers across the community, not only among the people who attended meetings.",nor on perceptions of civic efficacy or civic participation among recent mothers in the communities where it was offered,,#/case/covid-vaccines/spine/pr/4/cl/3/cev/0
COVID-19 Vaccine Mandates,Proposal claim counter-evidence,,,"Residents define the measures of success for outreach funds -> Residents who define success see where the money went, which brings more systematic evaluation, more engagement, more trust in government, and a stronger sense that they can influence it. -> Taking part in evaluation raises trust in government and people's sense that they can influence it.",,strong,,,,,"Chong, De La O, Karlan and Wantchekon 2015, Journal of Politics",https://doi.org/10.1086/678766,"Mexican voters told about corruption in their local government voted less and grew less attached to any party. Before municipal elections, households were given information on how local incumbents had misspent public funds. The information “not only decreases incumbent party support in local elections in Mexico, but also decreases voter turnout and support for the challenger party, as well as erodes partisan attachments”. Residents here received audit findings passively, so it cannot show what happens when they produce the findings themselves.","We provide experimental evidence that such information not only decreases incumbent party support in local elections in Mexico, but also decreases voter turnout and support for the challenger party, as well as erodes partisan attachments.",,#/case/covid-vaccines/spine/pr/4/cl/3/cev/1
COVID-19 Vaccine Mandates,Timeline entry,,,,,,,,07/2020,"US adults, bipartisan voters",Gallup,https://news.gallup.com/poll/317018/one-three-americans-not-covid-vaccine.aspx,"Gallup first asked in July 2020 whether Americans would take a free, FDA-approved COVID vaccine. 65% said yes and 35% said no, close to the split Gallup found for the new polio vaccine in 1954. The partisan gap was already present: 81% of Democrats said yes against 47% of Republicans. By September 2020, 85% of Democrats and 35% of Republicans told KFF they worried that political pressure from the Trump administration would lead the FDA to rush approval.",,,#/case/covid-vaccines/timeline
COVID-19 Vaccine Mandates,Timeline entry,,,,,,,,07/2020,"US adults, bipartisan voters",KFF,https://www.kff.org/health-information-trust/poll-most-americans-worry-political-pressure-will-lead-to-premature-approval-of-a-covid-19-vaccine-half-say-they-would-not-get-a-free-vaccine-approved-before-election-day/,"Gallup first asked in July 2020 whether Americans would take a free, FDA-approved COVID vaccine. 65% said yes and 35% said no, close to the split Gallup found for the new polio vaccine in 1954. The partisan gap was already present: 81% of Democrats said yes against 47% of Republicans. By September 2020, 85% of Democrats and 35% of Republicans told KFF they worried that political pressure from the Trump administration would lead the FDA to rush approval.",,,#/case/covid-vaccines/timeline
COVID-19 Vaccine Mandates,Timeline entry,,,,,,participation (timeline),,11/2020,"Tribal governments, Indian Health Service",PBS NOVA,https://www.pbs.org/wgbh/nova/article/native-americans-highest-covid-vaccination-rate-us/,"Tribal governments chose between state allocation and the Indian Health Service route for vaccine distribution. Many chose IHS to keep control of prioritization and protect elders, language keepers, and teachers. By July 2021, American Indian and Alaska Native people had the highest vaccination rate of any US group: 45.5% with at least one dose against 33.7% for White Americans.",,,#/case/covid-vaccines/timeline
COVID-19 Vaccine Mandates,Timeline entry,,,,,,,,12/2020,"FDA, CDC, Advisory Committee on Immunization Practices",CDC MMWR,https://www.cdc.gov/mmwr/volumes/69/wr/mm6950e2.htm,"FDA issued an emergency use authorization for the Pfizer-BioNTech vaccine, and ACIP voted 11 to 0 to recommend it for persons aged 16 and older. The trial gave high-certainty evidence that the vaccine prevented symptomatic disease. Evidence on hospitalization and death was limited because severe events were rare in the trial.",,,#/case/covid-vaccines/timeline
COVID-19 Vaccine Mandates,Timeline entry,,,,,,,,01/2021,"Researchers, Employed US Adults Surveyed",PMC,https://pmc.ncbi.nlm.nih.gov/articles/PMC8474804/,"A survey of 3.1 million employed adults ages 18–64 found 26% hesitant to get vaccinated in January, with hesitancy highest among blue-collar workers. The top reasons were concern about side effects, lack of trust in the process, and belief that they did not need it.",,,#/case/covid-vaccines/timeline
COVID-19 Vaccine Mandates,Timeline entry,,,,,,participation (timeline),,02/2021,"Latino Task Force, UCSF, community health workers, Mission District residents",PLOS ONE,https://journals.plos.org/plosone/article?id=10.1371/journal.pone.0257111,"Unidos en Salud opened a community-run low-barrier vaccination site in San Francisco's Mission District and designed it with the neighborhood it served. Over 16 weeks it delivered 20,792 doses with 98.4% second-dose completion. 70.5% of clients were Latinx against 13.3% of the city's prior vaccinated population, and 58.3% said the site let them vaccinate earlier.",,,#/case/covid-vaccines/timeline
COVID-19 Vaccine Mandates,Timeline entry,,,,,,participation (timeline),,02/2021,"Latino Task Force, UCSF, community health workers, Mission District residents",PubMed 34543291,https://pubmed.ncbi.nlm.nih.gov/34543291/,"Unidos en Salud opened a community-run low-barrier vaccination site in San Francisco's Mission District and designed it with the neighborhood it served. Over 16 weeks it delivered 20,792 doses with 98.4% second-dose completion. 70.5% of clients were Latinx against 13.3% of the city's prior vaccinated population, and 58.3% said the site let them vaccinate earlier.",,,#/case/covid-vaccines/timeline
COVID-19 Vaccine Mandates,Timeline entry,,,,,,,,03/2021,"President Biden, White House",NPR,https://www.npr.org/2021/03/18/978840432/biden-administration-to-meet-goal-of-100-million-vaccine-doses-on-friday,"Biden announced that the country had met the 100-million-dose target on Day 58 of his presidency, 42 days ahead of the 100-day deadline. The US was averaging 2.5 million shots per day at this point.",,,#/case/covid-vaccines/timeline
COVID-19 Vaccine Mandates,Timeline entry,,,,,,,,03/2021,"President Biden, White House",NBC News,https://www.nbcnews.com/politics/white-house/biden-100-million-vaccinations-milestone-n1261583,"Biden announced that the country had met the 100-million-dose target on Day 58 of his presidency, 42 days ahead of the 100-day deadline. The US was averaging 2.5 million shots per day at this point.",,,#/case/covid-vaccines/timeline
COVID-19 Vaccine Mandates,Timeline entry,,,,,,,,04/2021,"President Biden, CDC",PMC,https://pmc.ncbi.nlm.nih.gov/articles/PMC8224863/,"Eligibility expands to all US adults. Weekly vaccination initiation had been peaking, and after this date it declined across all age groups.",,,#/case/covid-vaccines/timeline
COVID-19 Vaccine Mandates,Timeline entry,,,,,,,,04/2021,"HHS, 150 community-based organizations, 73 local governments",Healthcare Dive,https://www.healthcaredive.com/news/hhs-will-send-250m-in-grants-for-vaccine-equity-push/596372/,"The federal vaccine equity push allocated $323 million to community-based organizations, $250 million to local governments for culturally appropriate health literacy, and $500 million for community health worker programs, largely targeted at communities of color. The research found no published outcome evaluation of these line items.",,,#/case/covid-vaccines/timeline
COVID-19 Vaccine Mandates,Timeline entry,,,,,,,,04/2021,"HHS, 150 community-based organizations, 73 local governments",HHS fact sheet,https://www.hhs.gov/sites/default/files/black-history-month-2022-fact-sheet.pdf,"The federal vaccine equity push allocated $323 million to community-based organizations, $250 million to local governments for culturally appropriate health literacy, and $500 million for community health worker programs, largely targeted at communities of color. The research found no published outcome evaluation of these line items.",,,#/case/covid-vaccines/timeline
COVID-19 Vaccine Mandates,Timeline entry,,,,,,,,05/2021,"College Students, Universities",CNBC,https://www.cnbc.com/2021/05/19/students-protest-mandatory-covid-vaccinations-at-colleges.html,"Hundreds of universities announced fall 2021 vaccine requirements, and students began organizing protests. Students challenged both the policy and whether universities could legally require a vaccine under emergency use authorization (EUA) before full FDA approval.",,,#/case/covid-vaccines/timeline
COVID-19 Vaccine Mandates,Timeline entry,,,,,,,,07/2021,CDC,CDC COVID Data Tracker Weekly Review,https://stacks.cdc.gov/view/cdc/107687/cdc_107687_DS1.pdf,"By July 1, the US had administered 328.2 million total doses. 181.3 million people (54.6%) had at least one dose and 155.9 million (47.0%) were fully vaccinated. Among people 65 and older, 88.2% had at least one dose.",,,#/case/covid-vaccines/timeline
COVID-19 Vaccine Mandates,Timeline entry,,,,,,,,08/2021,"CDC, Massachusetts Department of Public Health, Local Public Health Investigators",CDC MMWR,https://www.cdc.gov/mmwr/volumes/70/wr/mm7031e2.htm,"CDC updated masking guidance after Delta breakthrough evidence, including the Barnstable County outbreak report: 469 cases, and 74% of the people infected were fully vaccinated. Vaccinated and unvaccinated people appeared to carry similar amounts of the virus. Vaccines remained central for preventing severe illness. Delta made transmission control harder and weakened the public claim that vaccination alone would stop spread.",,,#/case/covid-vaccines/timeline
COVID-19 Vaccine Mandates,Timeline entry,,,,,,,,08/2021,"FDA, Pfizer",FDA,https://www.fda.gov/news-events/press-announcements/fda-approves-first-covid-19-vaccine,"FDA gave full approval to Pfizer-BioNTech's vaccine, marketed as Comirnaty, for people aged 16 and older. The agency continued to monitor rare cases of heart inflammation (myocarditis and pericarditis). It required additional studies to track the vaccine’s long-term safety.",,,#/case/covid-vaccines/timeline
COVID-19 Vaccine Mandates,Timeline entry,,,,,,,,08/2021,"CDC, HEROES-RECOVER Network Investigators",CDC MMWR,https://www.cdc.gov/mmwr/volumes/70/wr/mm7034e4.htm,"CDC reported that mRNA vaccine effectiveness against infection among frontline workers declined from 91% before Delta predominance to 66% during Delta predominance. Limited Delta-period observations made the estimate uncertain. Vaccination still reduced infection risk, but Delta and possible waning made infection and onward transmission less certain than early 2021 messaging implied.",,,#/case/covid-vaccines/timeline
COVID-19 Vaccine Mandates,Timeline entry,,,,,,,,09/2021,"Gallup, US Adults Surveyed",Gallup,https://news.gallup.com/poll/354506/update-american-public-opinion-vaccination-requirements.aspx,"Before Biden announced his September 9 mandates, Gallup polling found majorities of Americans already supported vaccination requirements in various work and business settings.",,,#/case/covid-vaccines/timeline
COVID-19 Vaccine Mandates,Timeline entry,,,,,,,,09/2021,"President Biden, White House, Department of Labor, OSHA, HHS, CMS",Miller Center,https://millercenter.org/the-presidency/presidential-speeches/september-9-2021-remarks-fighting-covid-19-pandemic,President Biden announced the federal mandate. OSHA would require employers with 100 or more employees to ensure vaccination or weekly testing. The Centers for Medicare & Medicaid Services would require vaccination for many healthcare workers. Federal employees and federal contractors would have to vaccinate. The order also covered Head Start and federal school personnel. The administration shifted from persuasion and incentives toward compulsory rules affecting roughly 100 million Americans.,,,#/case/covid-vaccines/timeline
COVID-19 Vaccine Mandates,Timeline entry,,,,,,,,09/2021,"President Biden, Executive Branch Agencies, Safer Federal Workforce Task Force",GovInfo,https://www.govinfo.gov/content/pkg/DCPD-202100733/pdf/DCPD-202100733.pdf,"Executive Order 14043 required executive agencies to implement a COVID-19 vaccination program for federal employees, with exceptions only as required by law.",,,#/case/covid-vaccines/timeline
COVID-19 Vaccine Mandates,Timeline entry,,,,,,,,09/2021,US voters,Axios,https://www.axios.com/2021/09/14/axios-ipsos-poll-covid-vaccine-mandates-biden,"Axios found 60% of voters backed the mandate, including 80% of Democrats but only 30% of Republicans. Monmouth polling found 63% supported requiring healthcare workers to be vaccinated. In an NBC poll, 88% of Democrats said they had been vaccinated vs. 46% of Trump-supporting Republicans. Governors of multiple Republican-led states immediately vowed to fight the mandates in court. 72% of unvaccinated workers said they would quit before they would comply.",,,#/case/covid-vaccines/timeline
COVID-19 Vaccine Mandates,Timeline entry,,,,,,,,10/2021,"KFF, US Adults and Workers Surveyed",KFF,https://www.kff.org/covid-19/kff-covid-19-vaccine-monitor-october-2021,"KFF polling showed the public-opinion split. 25% of workers reported an employer vaccine requirement, and 50% did not want their employer to require vaccination. 90% of unvaccinated workers opposed employer mandates. Support for the large-employer federal vaccine-or-test rule varied sharply by race and party. The science supported vaccination, but the policy instrument entered a polarized environment with uneven public authorization.",,,#/case/covid-vaccines/timeline
COVID-19 Vaccine Mandates,Timeline entry,,,,,,participation (timeline),,10/2021,"NYPD Police Union, Chicago and Washington Police Unions, National Retail Federation, American Trucking Association",New York Times,https://www.nytimes.com/2021/10/25/nyregion/nypd-police-covid-vaccine-mandate-deblasio.html,"The NYPD's largest police union filed suit to block New York City's November 1 municipal mandate. It argued that officers had not had enough time to seek religious exemptions. Similar standoffs between police unions and city mayors emerged in Chicago and Washington state. At the same time, the National Retail Federation and American Trucking Association lobbied Biden to delay the private-employer mandate past the holiday season. They warned that worker walkouts would worsen already severe supply chain disruptions.",,,#/case/covid-vaccines/timeline
COVID-19 Vaccine Mandates,Timeline entry,,,,,,,,11/2021,"OSHA, Department of Labor, Large Employers, Covered Workers",Federal Register,https://www.federalregister.gov/documents/2021/11/05/2021-23643/covid-19-vaccination-and-testing-emergency-temporary-standard,"The Occupational Safety and Health Administration (OSHA) published its COVID-19 vaccination and testing Emergency Temporary Standard for employers with 100 or more employees. The Federal Register page records 122,485 comments. OSHA used emergency authority.",,,#/case/covid-vaccines/timeline
COVID-19 Vaccine Mandates,Timeline entry,,,,,,,,11/2021,"Workers, Federal Courts, Supreme Court",SSRGA,https://ssrga.com/bresky_blog/recent-litigation-concerning-covid-19-vaccination-mandates-and-religious-exemptions/,"Thousands of workers file for religious exemptions at once across the country, triggering waves of litigation. Courts have to decide whether Jacobson v. Massachusetts (the 1905 smallpox precedent) applies, whether Title VII requires religious accommodation, and whether emergency use authorization (EUA) status changes the analysis. On October 29, 2021 the Supreme Court refuses, by a 6–3 vote in Does v. Mills, to block Maine's healthcare worker mandate, which offered no religious exemption.",,,#/case/covid-vaccines/timeline
COVID-19 Vaccine Mandates,Timeline entry,,,,,,,,11/2021,"Workers, Federal Courts, Supreme Court",Jacobson v. Massachusetts,https://supreme.justia.com/cases/federal/us/197/11/,"Thousands of workers file for religious exemptions at once across the country, triggering waves of litigation. Courts have to decide whether Jacobson v. Massachusetts (the 1905 smallpox precedent) applies, whether Title VII requires religious accommodation, and whether emergency use authorization (EUA) status changes the analysis. On October 29, 2021 the Supreme Court refuses, by a 6–3 vote in Does v. Mills, to block Maine's healthcare worker mandate, which offered no religious exemption.",,,#/case/covid-vaccines/timeline
COVID-19 Vaccine Mandates,Timeline entry,,,,,,,,11/2021,"Workers, Federal Courts, Supreme Court",Does v. Mills (SCOTUS order),https://www.supremecourt.gov/opinions/21pdf/595us121a90_0971.pdf,"Thousands of workers file for religious exemptions at once across the country, triggering waves of litigation. Courts have to decide whether Jacobson v. Massachusetts (the 1905 smallpox precedent) applies, whether Title VII requires religious accommodation, and whether emergency use authorization (EUA) status changes the analysis. On October 29, 2021 the Supreme Court refuses, by a 6–3 vote in Does v. Mills, to block Maine's healthcare worker mandate, which offered no religious exemption.",,,#/case/covid-vaccines/timeline
COVID-19 Vaccine Mandates,Timeline entry,,,,,,,,11/2021,"Workers, Federal Courts, Supreme Court",Bangor Daily News,https://www.bangordailynews.com/2021/10/29/news/supreme-court-wont-halt-janet-mills-vaccine-mandate-as-it-takes-effect-n6hjn1me0n/,"Thousands of workers file for religious exemptions at once across the country, triggering waves of litigation. Courts have to decide whether Jacobson v. Massachusetts (the 1905 smallpox precedent) applies, whether Title VII requires religious accommodation, and whether emergency use authorization (EUA) status changes the analysis. On October 29, 2021 the Supreme Court refuses, by a 6–3 vote in Does v. Mills, to block Maine's healthcare worker mandate, which offered no religious exemption.",,,#/case/covid-vaccines/timeline
COVID-19 Vaccine Mandates,Timeline entry,,,,,,,,11/2021,"Workers, Federal Courts, Supreme Court",Law and the Workplace,https://www.lawandtheworkplace.com/2021/06/federal-court-upholds-employers-covid-19-vaccine-mandate/,"Thousands of workers file for religious exemptions at once across the country, triggering waves of litigation. Courts have to decide whether Jacobson v. Massachusetts (the 1905 smallpox precedent) applies, whether Title VII requires religious accommodation, and whether emergency use authorization (EUA) status changes the analysis. On October 29, 2021 the Supreme Court refuses, by a 6–3 vote in Does v. Mills, to block Maine's healthcare worker mandate, which offered no religious exemption.",,,#/case/covid-vaccines/timeline
COVID-19 Vaccine Mandates,Timeline entry,,,,,,,,12/2021,US Senate,SCOTUS Opinion,https://www.supremecourt.gov/opinions/21pdf/21a244_hgci.pdf,A majority of the US Senate voted to disapprove the OSHA regulation. Opponents could now argue that Congress had not enacted a comparable mandate and that one chamber had affirmatively rejected the agency rule.,,,#/case/covid-vaccines/timeline
COVID-19 Vaccine Mandates,Timeline entry,,,,,,,,01/2022,"Supreme Court, OSHA",SCOTUS,https://www.supremecourt.gov/opinions/21pdf/21a244_hgci.pdf,The Supreme Court blocked OSHA's emergency rule requiring large employers to enforce COVID-19 vaccination or testing requirements. The Court treated COVID-19 as a universal risk and held that a rule affecting about 84 million workers required clearer congressional authorization. The dissent argued that OSHA had the statutory responsibility and expertise to address grave workplace danger from a physically harmful agent.,,,#/case/covid-vaccines/timeline
COVID-19 Vaccine Mandates,Timeline entry,,,,,,,,01/2022,"Supreme Court, CMS",SCOTUS,https://www.supremecourt.gov/opinions/21pdf/21a240_d18e.pdf,"The Supreme Court allowed CMS to enforce the healthcare-worker mandate in Biden v. Missouri. The Court upheld CMS because the setting was healthcare, the affected people were patients and care providers, and the agency had longstanding authority to impose health-and-safety conditions on federally funded facilities. Similar science supported both mandates, but the institutional context decided the outcome.",,,#/case/covid-vaccines/timeline
COVID-19 Vaccine Mandates,Timeline entry,,,,,,,,01/2022,"Pew Research Center, US Adults Surveyed",Pew Research,https://www.pewresearch.org/science/2022/02/09/increasing-public-criticism-confusion-over-covid-19-response-in-u-s,"Pew found declining trust: 50% rated public health officials' COVID-19 response as excellent or good, down from 60% in August 2021. 60% said changing recommendations had confused them. Support for proof-of-vaccination requirements varied substantially by setting and party. The public could read scientifically adaptive guidance as inconsistency or withheld information. That created a feedback loop between scientific uncertainty, partisan identity, and mandate legitimacy.",,,#/case/covid-vaccines/timeline
COVID-19 Vaccine Mandates,Timeline entry,,,,,,,,10/2025,"KFF, US Adults Surveyed",KFF Tracking Poll September 2025,https://www.kff.org/public-opinion/kff-tracking-poll-on-health-information-and-trust-tylenol-autism-link-and-vaccine-policies/,"Under Health Secretary RFK Jr., trust in the CDC for vaccine information fell to 50% of adults in September 2025, down from 63% a year earlier and the lowest level since the pandemic began. A partisan shift occurred. Trust in the CDC for vaccines among Democrats fell 24 percentage points from 2023, to 64%. Trust among Republicans rose about 10 points in April 2025, to 51%, before returning to 39% by September. In April 2025, 56% of adults said they were confident in COVID vaccine safety: 87% of Democrats but 30% of Republicans.",,,#/case/covid-vaccines/timeline
COVID-19 Vaccine Mandates,Timeline entry,,,,,,,,10/2025,"KFF, US Adults Surveyed",KFF Tracking Poll April 2025,https://www.kff.org/health-information-trust/kff-tracking-poll-on-health-information-and-trust-vaccine-safety-and-trust/,"Under Health Secretary RFK Jr., trust in the CDC for vaccine information fell to 50% of adults in September 2025, down from 63% a year earlier and the lowest level since the pandemic began. A partisan shift occurred. Trust in the CDC for vaccines among Democrats fell 24 percentage points from 2023, to 64%. Trust among Republicans rose about 10 points in April 2025, to 51%, before returning to 39% by September. In April 2025, 56% of adults said they were confident in COVID vaccine safety: 87% of Democrats but 30% of Republicans.",,,#/case/covid-vaccines/timeline
COVID-19 Vaccine Mandates,Timeline entry,,,,,,,,10/2025,"KFF, US Adults Surveyed",CNN (via KESQ),https://kesq.com/health/cnn-health/2025/10/09/trust-in-federal-health-leadership-is-failing-under-rfk-jr-new-poll-finds/,"Under Health Secretary RFK Jr., trust in the CDC for vaccine information fell to 50% of adults in September 2025, down from 63% a year earlier and the lowest level since the pandemic began. A partisan shift occurred. Trust in the CDC for vaccines among Democrats fell 24 percentage points from 2023, to 64%. Trust among Republicans rose about 10 points in April 2025, to 51%, before returning to 39% by September. In April 2025, 56% of adults said they were confident in COVID vaccine safety: 87% of Democrats but 30% of Republicans.",,,#/case/covid-vaccines/timeline
COVID-19 Vaccine Mandates,Timeline entry,,,,,,,,06/2026,"RFK Jr., US Adults",Protect Our Care,https://www.protectourcare.org/rfk-jr-meet-consequences-hospitals-see-diseases-resurge-as-vaccinations-decline/,"Vaccine hesitancy under the Trump administration led to measles resurgences and a rise in preventable disease. By June 2026 doctors reported rising cases of whooping cough, bacterial infections that cause meningitis, and other vaccine-preventable illnesses.",,,#/case/covid-vaccines/timeline
GenX Contamination in the Cape Fear River,Evidence,Harm Reduction,D1,The company hid what it knew -> Regulators never got the information the law required,strong,strong,,,,,EWG EPA PFAS timeline,https://static.ewg.org/reports/2020/pfas-epa-timeline/EPA-PFAS-Timeline-10-21.pdf,"DuPont scientists issued internal warnings about PFOA health risks as early as 1961; by 1980 the company had found elevated levels of the chemical in workers at its Washington Works plant. EPA's 2004 administrative action charged multiple failures to report substantial-risk information about PFOA to EPA, obtained from as early as 1981, as TSCA Section 8(e) requires.","As early as 1961, DuPont scientists issued internal warnings about the health risks of PFOA [...] by 1980 had found elevated levels of the chemical in workers at the DuPont Washington Works plant.",,#/case/genx-pfas/chain/pfas-harm/D1
GenX Contamination in the Cape Fear River,Evidence,Harm Reduction,D1,The company hid what it knew -> Regulators never got the information the law required,strong,strong,,,,,Levin Law,https://levinlaw.com/dupont-c8-and-health,"DuPont scientists issued internal warnings about PFOA health risks as early as 1961; by 1980 the company had found elevated levels of the chemical in workers at its Washington Works plant. EPA's 2004 administrative action charged multiple failures to report substantial-risk information about PFOA to EPA, obtained from as early as 1981, as TSCA Section 8(e) requires.","As early as 1961, DuPont scientists issued internal warnings about the health risks of PFOA [...] by 1980 had found elevated levels of the chemical in workers at the DuPont Washington Works plant.",,#/case/genx-pfas/chain/pfas-harm/D1
GenX Contamination in the Cape Fear River,Evidence,Harm Reduction,D1,The company hid what it knew -> Regulators never got the information the law required,strong,strong,,,,,EWG 3M/DuPont timeline,https://static.ewg.org/reports/2019/pfa-timeline/3M-DuPont-Timeline_sm.pdf,"DuPont scientists issued internal warnings about PFOA health risks as early as 1961; by 1980 the company had found elevated levels of the chemical in workers at its Washington Works plant. EPA's 2004 administrative action charged multiple failures to report substantial-risk information about PFOA to EPA, obtained from as early as 1981, as TSCA Section 8(e) requires.","As early as 1961, DuPont scientists issued internal warnings about the health risks of PFOA [...] by 1980 had found elevated levels of the chemical in workers at the DuPont Washington Works plant.",,#/case/genx-pfas/chain/pfas-harm/D1
GenX Contamination in the Cape Fear River,Evidence,Harm Reduction,D1,The company hid what it knew -> Regulators never got the information the law required,strong,strong,,,,,The Guardian,https://www.theguardian.com/environment/2023/jun/07/pfas-3m-dupont-chemical-industry-health-toxic-study,"A peer-reviewed analysis of internal industry documents (Gaber, Bero and Woodruff 2023, Annals of Global Health, reported by the Guardian) found that a 1970 internal DuPont information request from W.E. Hilton of the Fluorocarbons Division noted that Haskell Laboratory studies had already found C8 (PFOA) ""highly toxic when inhaled and moderately toxic when ingested"". The analysis identified internal studies from 1961 to 1994 showing evidence of PFAS toxicity that DuPont did not publish and did not report to EPA as TSCA requires.","In a 1970 internal information request, W.E. Hilton of the Fluorocarbons Division at the Washington Works plant notes that studies by Haskell Laboratory had already found C8 to be 'highly toxic when inhaled and moderately toxic when ingested.'",The Guardian article could not be fetched for verification; the quote is from the underlying peer-reviewed study it reports on.,#/case/genx-pfas/chain/pfas-harm/D1
GenX Contamination in the Cape Fear River,Evidence,Harm Reduction,D1,The company hid what it knew -> Regulators never got the information the law required,strong,strong,,,,,"Gaber et al. 2023, Annals of Global Health",https://annalsofglobalhealth.org/articles/10.5334/aogh.4013,"A peer-reviewed analysis of internal industry documents (Gaber, Bero and Woodruff 2023, Annals of Global Health, reported by the Guardian) found that a 1970 internal DuPont information request from W.E. Hilton of the Fluorocarbons Division noted that Haskell Laboratory studies had already found C8 (PFOA) ""highly toxic when inhaled and moderately toxic when ingested"". The analysis identified internal studies from 1961 to 1994 showing evidence of PFAS toxicity that DuPont did not publish and did not report to EPA as TSCA requires.","In a 1970 internal information request, W.E. Hilton of the Fluorocarbons Division at the Washington Works plant notes that studies by Haskell Laboratory had already found C8 to be 'highly toxic when inhaled and moderately toxic when ingested.'",The Guardian article could not be fetched for verification; the quote is from the underlying peer-reviewed study it reports on.,#/case/genx-pfas/chain/pfas-harm/D1
GenX Contamination in the Cape Fear River,Evidence,Harm Reduction,D1,The company hid what it knew -> Regulators never got the information the law required,strong,strong,,,,,EPA newsroom archive,https://www.epa.gov/archive/epapages/newsroom_archive/newsreleases/fdcb2f665cac66bb852570d7005d6665.html,"EPA announced on December 14, 2005 that DuPont would pay $10.25 million in civil administrative penalties, plus $6.25 million for supplemental environmental projects, to settle eight counts; seven alleged violations of TSCA Section 8(e), the requirement to report substantial-risk information, covering information DuPont obtained about PFOA from as early as 1981.",DuPont will pay $10.25 million -- the largest civil administrative penalty EPA has ever obtained under any federal environmental statute,,#/case/genx-pfas/chain/pfas-harm/D1
GenX Contamination in the Cape Fear River,Evidence,Harm Reduction,D1,The company hid what it knew -> Regulators never got the information the law required,strong,moderate,,,,,WRAL timeline,https://www.wral.com/story/timeline-tracking-the-route-of-genx-in-the-cape-fear-river/16869639/,"Per WRAL's documented timeline, a DuPont representative told DEQ regulators at a June 24, 2015 meeting, according to a state regulator's handwritten notes, that the GenX compound was ""no longer discharged to river."" On September 5, 2017, state officials publicly accused Chemours of misleading environmental regulators about the fluorinated chemicals it discharges.","State officials publicly accuse Chemours of misleading environmental regulators about the fluorinated chemicals it discharges into the Cape Fear River, including GenX.",,#/case/genx-pfas/chain/pfas-harm/D1
GenX Contamination in the Cape Fear River,Participation instance,Harm Reduction,D1,The company hid what it knew -> Regulators never got the information the law required,strong,,litigation,moved,1998–2004,"Wilbur Tennant, Rob Bilott, ~70,000 residents of six water districts",Levin Law,https://levinlaw.com/dupont-c8-and-health,"Tennant v. DuPont and the Leach class action: A West Virginia farmer's observation of cattle deaths produced court-ordered discovery of DuPont's internal PFOA records, the first time the concealed evidence entered the public domain. The 2004 Leach settlement funded the C8 Science Panel, three independent epidemiologists whose findings became the evidentiary basis for later regulation.",,,#/case/genx-pfas/chain/pfas-harm/D1/p/0
GenX Contamination in the Cape Fear River,Participation instance,Harm Reduction,D1,The company hid what it knew -> Regulators never got the information the law required,strong,,whistleblowing,partial,1999,"Dr. Richard Purdy, 3M environmental toxicologist",Minnesota Reformer,https://minnesotareformer.com/2022/12/15/toxic-3m-knew-its-chemicals-were-harmful-decades-ago-but-didnt-tell-the-public-government/,"Richard Purdy resignation and disclosure to EPA: 3M environmental toxicologist Richard Purdy resigned in 1999 and sent his resignation letter to EPA, disclosing that 3M had told EPA that PFOS ""had been found in the blood of animals"" without mentioning that it was found in the blood of eaglets, and writing that ""For 20 years the division has been stalling the collection of data needed for evaluating the environmental impact of fluorochemicals."" Per the Minnesota Reformer's account, EPA began investigating the chemicals that year. Former Minnesota Attorney General Lori Swanson later testified to Congress that the company ""engaged in a campaign to hide its own studies.""",,,#/case/genx-pfas/chain/pfas-harm/D1/p/1
GenX Contamination in the Cape Fear River,Proposed participation (unstudied link),Harm Reduction,D1,The company hid what it knew -> Regulators never got the information the law required,strong,,Worker committees & protected disclosure,,,,,,"Give workers a protected way to report: From the 6/8 session: a mechanism for involving workers in companies, so that a company cannot simply bury evidence. DuPont was observing unusual medical issues among its own workers; the session's question was why those workers had no say, calling them the canary in the coal mine and drawing the parallel to the opioid case. The documented analog at this link, Richard Purdy's 1999 resignation disclosure, is individual whistleblowing, which arrived decades after the internal findings and depended on one person accepting the cost. Presumed mechanism: Structured, protected worker voice surfaces concealed internal evidence years before litigation discovery can.",,,#/case/genx-pfas/chain/pfas-harm/D1
GenX Contamination in the Cape Fear River,Proposed participation (unstudied link),Harm Reduction,D1,The company hid what it knew -> Regulators never got the information the law required,strong,,Participatory science / community reporting,,,,,,"Let residents report early warning signs: From the 6/8 session, anchored to 1998, when someone first notices something is off: an institution for reporting suspicions and symptoms, treating them as experiential knowledge, with local meetings, information spreading, and crowdsourced data collection at the sign of a threat. A caution from this project's own record: in this case detection was not the step that failed after 2012; disclosure was. This proposal addresses the earlier decades, when harm signals existed only as worker and resident experience. Presumed mechanism: Community experiential reports trigger investigation before formal institutional detection exists.",,,#/case/genx-pfas/chain/pfas-harm/D1
GenX Contamination in the Cape Fear River,Open question,Harm Reduction,D1,The company hid what it knew -> Regulators never got the information the law required,strong,,,,,,,,"Litigation is the only instrument in this record that reliably forced hidden information into the open, and it required a farmer noticing dead cattle, an attorney working the matter for two decades, and a discovery order. No non-adversarial instrument was identified that performed the same function in this case.",,,#/case/genx-pfas/chain/pfas-harm/D1
GenX Contamination in the Cape Fear River,Evidence,Harm Reduction,D2,"Regulators never got the information the law required -> No inspection, and no warning to the public",strong,strong,,,,,EPA Office of Inspector General,https://www.epa.gov/sites/default/files/2020-05/documents/_epaoig_20200528-20-e-0177_0.pdf,"EPA entered a TSCA Section 5(e) consent order with DuPont in 2009 for GenX-related substances, requiring the manufacturing process to recover and capture (destroy) or recycle the substances at an overall efficiency of 99 percent. Per the EPA Office of Inspector General (2020), EPA's first on-site TSCA compliance inspection at Fayetteville Works took place on June 28 and 29, 2017: eight years later, and three weeks after a newspaper broke the story.","Region 4 and EPA contractors conducted the Agency's first on-site TSCA compliance monitoring inspection at the Fayetteville Works facility on June 28 and 29, 2017",,#/case/genx-pfas/chain/pfas-harm/D2
GenX Contamination in the Cape Fear River,Evidence,Harm Reduction,D2,"Regulators never got the information the law required -> No inspection, and no warning to the public",strong,moderate,,,,,John Locke Foundation,https://www.johnlocke.org/research/genx-early-responses-to-unregulated-contaminants-in-the-cape-fear-river/,"Rick Shiver, a retired DEQ regional supervisor, said the permit language on chemical precursors was insufficiently clear to convey that a byproduct stream was being discharged: the permit did not ask the question that would have surfaced the discharge.","""I would not understand that this process generated GenX as a byproduct,"" Shiver said when shown a copy of the paragraph. ""I don't think anyone in the regional office would understand that.""","Think-tank source with a limited-government framing; sourced and dated, but not neutral.",#/case/genx-pfas/chain/pfas-harm/D2
GenX Contamination in the Cape Fear River,Proposed participation (unstudied link),Harm Reduction,D2,"Regulators never got the information the law required -> No inspection, and no warning to the public",strong,,Statutory right-to-know,,,,,,"Warn the public when discharge is approved: From the 6/8 session: every time a company starts discharging something into the natural environment, the ground, a river, the affected public is notified, as part of the approval process for chemicals, drugs, and technology, on the model of an FDA-style initial review that involves the public and makes assurances about monitoring under uncertainty. Offsets do not substitute: the session noted that externalities are borne by the specific communities affected. Applied here, a 5(e) consent order would carry a notification duty to downstream water users and a local monitoring plan with public involvement. Presumed mechanism: A notification duty attached to discharge approvals converts institutional knowledge into public knowledge without waiting for a newspaper.",,,#/case/genx-pfas/chain/pfas-harm/D2
GenX Contamination in the Cape Fear River,Open question,Harm Reduction,D2,"Regulators never got the information the law required -> No inspection, and no warning to the public",strong,,,,,,,,The record supplies a specific answer to why the existing mechanism did not work: a TSCA 5(e) consent order creates an obligation on the company with no scheduled verification and no notification duty to the affected public. Whether attaching a local monitoring plan with public involvement to every 5(e) order would close this gap has not been tested; no jurisdiction was identified that has built one.,,,#/case/genx-pfas/chain/pfas-harm/D2
GenX Contamination in the Cape Fear River,Evidence,Harm Reduction,D3,"No inspection, and no warning to the public -> The contamination is found, but kept inside agencies",strong,strong,,,,,"Strynar et al. 2015, ES&T",https://pubs.acs.org/doi/10.1021/acs.est.5b01215,"EPA's own research scientists detected the compounds first. Strynar et al. (EPA National Exposure Research Laboratory) identified 12 novel PFECAs and PFESAs in the Cape Fear River watershed from samples collected in summer 2012, published in Environmental Science &amp; Technology in 2015.","We detected 12 novel perfluoroalkyl ether carboxylic and sulfonic acids in surface water in North Carolina, USA [...] In the summer of 2012, water samples were collected at locations on the Cape Fear River and its tributaries",,#/case/genx-pfas/chain/pfas-harm/D3
GenX Contamination in the Cape Fear River,Evidence,Harm Reduction,D3,"No inspection, and no warning to the public -> The contamination is found, but kept inside agencies",strong,strong,,,,,"Strynar et al. 2015 (open copy, NC State CHHE)",https://chhe.research.ncsu.edu/wordpress/wp-content/uploads/2018/05/Ethers_Strynar_EST2015.pdf,"EPA's own research scientists detected the compounds first. Strynar et al. (EPA National Exposure Research Laboratory) identified 12 novel PFECAs and PFESAs in the Cape Fear River watershed from samples collected in summer 2012, published in Environmental Science &amp; Technology in 2015.","We detected 12 novel perfluoroalkyl ether carboxylic and sulfonic acids in surface water in North Carolina, USA [...] In the summer of 2012, water samples were collected at locations on the Cape Fear River and its tributaries",,#/case/genx-pfas/chain/pfas-harm/D3
GenX Contamination in the Cape Fear River,Evidence,Harm Reduction,D3,"No inspection, and no warning to the public -> The contamination is found, but kept inside agencies",strong,strong,,,,,"Sun et al. 2016, ES&T Letters",https://pubs.acs.org/doi/abs/10.1021/acs.estlett.6b00398,"Sun, Knappe et al. (with two EPA co-authors) quantified GenX in Cape Fear drinking water source samples at a mean of 631 ng/L and up to approximately 4,500 ng/L, from sampling in June–December 2013 with additional samples in August 2014, published November 10, 2016.","the mean concentration of perfluoro-2-propoxypropanoic acid (PFPrOPrA), a replacement for PFOA, was 631 ng/L (n = 37)",,#/case/genx-pfas/chain/pfas-harm/D3
GenX Contamination in the Cape Fear River,Evidence,Harm Reduction,D3,"No inspection, and no warning to the public -> The contamination is found, but kept inside agencies",strong,strong,,,,,"Sun et al. 2016 (open copy, NC State CHHE)",https://chhe.research.ncsu.edu/wordpress/wp-content/uploads/2017/08/PFECAs_Sun_ESTL2016-2.pdf,"Sun, Knappe et al. (with two EPA co-authors) quantified GenX in Cape Fear drinking water source samples at a mean of 631 ng/L and up to approximately 4,500 ng/L, from sampling in June–December 2013 with additional samples in August 2014, published November 10, 2016.","the mean concentration of perfluoro-2-propoxypropanoic acid (PFPrOPrA), a replacement for PFOA, was 631 ng/L (n = 37)",,#/case/genx-pfas/chain/pfas-harm/D3
GenX Contamination in the Cape Fear River,Evidence,Harm Reduction,D3,"No inspection, and no warning to the public -> The contamination is found, but kept inside agencies",strong,moderate,,,,,NC Health News,https://www.northcarolinahealthnews.org/2017/08/17/genx-pollution-what-happened-when/,"In November 2016, Knappe forwarded the published paper to multiple officials within NC DEQ and various cities; about a week later a UNCW professor sent it to CFPUA and several other public entities. NC Health News reported that the McCrory administration had received information about the EPA and NC State research in May or June 2016, and that the utilities and agencies alerted by Knappe did not publicize the findings.","in May or June 2016 the administration of former Republican Gov. Pat McCrory received information about EPA and N.C. State University research on GenX in the Cape Fear [...] local utilities and the state, alerted to the problem by Knappe, did not publicize the findings.",,#/case/genx-pfas/chain/pfas-harm/D3
GenX Contamination in the Cape Fear River,Evidence,Harm Reduction,D3,"No inspection, and no warning to the public -> The contamination is found, but kept inside agencies",strong,moderate,,,,,WECT,https://www.wect.com/story/35728729/cfpua-staff-acted-in-appropriate-manner-in-involvement-with-genx-study/,"In November 2016, Knappe forwarded the published paper to multiple officials within NC DEQ and various cities; about a week later a UNCW professor sent it to CFPUA and several other public entities. NC Health News reported that the McCrory administration had received information about the EPA and NC State research in May or June 2016, and that the utilities and agencies alerted by Knappe did not publicize the findings.","in May or June 2016 the administration of former Republican Gov. Pat McCrory received information about EPA and N.C. State University research on GenX in the Cape Fear [...] local utilities and the state, alerted to the problem by Knappe, did not publicize the findings.",,#/case/genx-pfas/chain/pfas-harm/D3
GenX Contamination in the Cape Fear River,Proposed participation (unstudied link),Harm Reduction,D3,"No inspection, and no warning to the public -> The contamination is found, but kept inside agencies",strong,,Right-to-know trigger,,,,,,"A law that forces public notice on detection: A notification requirement that fires when a peer-reviewed detection above a threshold reaches a regulator, so that the roughly five years between federal detection and public knowledge, and the seven months between the Sun et al. paper reaching NC DEQ and the newspaper story, cannot recur silently. In this record the function was performed by one reporter reading a public federal database. Presumed mechanism: Automatic disclosure on regulator receipt of a qualifying detection removes journalism as the single point of failure between institutional and public knowledge.",,,#/case/genx-pfas/chain/pfas-harm/D3
GenX Contamination in the Cape Fear River,Open question,Harm Reduction,D3,"No inspection, and no warning to the public -> The contamination is found, but kept inside agencies",strong,,,,,,,,"Two claims that would materially strengthen this link remain unverified: NRDC's assertion that NC agencies likely knew ""at least a decade"" earlier, and NC Newsline's report that a DEQ employee raised DuPont groundwater contamination roughly 15 years before with no result. Neither has been confirmed against primary records.",,,#/case/genx-pfas/chain/pfas-harm/D3
GenX Contamination in the Cape Fear River,Evidence,Harm Reduction,D4,"The contamination is found, but kept inside agencies -> The public finds out, from a newspaper",strong,moderate,,,,,Coastal Review profile of the reporting,https://coastalreview.org/2022/06/vaughn-hagerty-the-reporter-who-broke-the-genx-story/,"Wilmington StarNews published ""Toxin taints CFPUA drinking water"" on June 7, 2017, reporting GenX discharge affecting drinking water for ~250,000 people in three counties from a plant 100 miles upstream. NC DEQ and DHHS began an investigation seven days later, on June 14, 2017.","""Toxin taints CFPUA drinking water"" ran front page Wednesday, June 7, 2017","Article confirmed by date slug and by NC State's contemporaneous link; the StarNews site blocks automated retrieval, so substance is from three independent secondary accounts.",#/case/genx-pfas/chain/pfas-harm/D4
GenX Contamination in the Cape Fear River,Evidence,Harm Reduction,D4,"The contamination is found, but kept inside agencies -> The public finds out, from a newspaper",strong,moderate,,,,,WRAL timeline,https://www.wral.com/story/timeline-tracking-the-route-of-genx-in-the-cape-fear-river/16869639/,"Wilmington StarNews published ""Toxin taints CFPUA drinking water"" on June 7, 2017, reporting GenX discharge affecting drinking water for ~250,000 people in three counties from a plant 100 miles upstream. NC DEQ and DHHS began an investigation seven days later, on June 14, 2017.","""Toxin taints CFPUA drinking water"" ran front page Wednesday, June 7, 2017","Article confirmed by date slug and by NC State's contemporaneous link; the StarNews site blocks automated retrieval, so substance is from three independent secondary accounts.",#/case/genx-pfas/chain/pfas-harm/D4
GenX Contamination in the Cape Fear River,Evidence,Harm Reduction,D4,"The contamination is found, but kept inside agencies -> The public finds out, from a newspaper",strong,moderate,,,,,Coastal Review,https://coastalreview.org/2022/06/vaughn-hagerty-the-reporter-who-broke-the-genx-story/,"The reporter found the story by browsing EPA's UCMR3 monitoring data, noticing Wilmington-area detections, and reaching the Sun et al. paper through web searches. The federal monitoring data had been publicly available; no public notification had followed from it before the newspaper's report.","browsing websites in the spring of 2017, he came across something called the Unregulated Contaminant Monitoring Rule [...] he loaded the data to see what would pop up for the Wilmington area. There were some local hits",,#/case/genx-pfas/chain/pfas-harm/D4
GenX Contamination in the Cape Fear River,Participation instance,Harm Reduction,D4,"The contamination is found, but kept inside agencies -> The public finds out, from a newspaper",strong,,journalism,moved,06/2017,"Vaughn Hagerty, Wilmington StarNews",Coastal Review,https://coastalreview.org/2022/06/vaughn-hagerty-the-reporter-who-broke-the-genx-story/,"Local journalism did the job of warning the public: One reporter at a regional paper, reading a federal monitoring database that had been public throughout, performed the notification function that no statute assigned to anyone: his June 7, 2017 front-page story was followed within seven days by a state investigation. The COVID case in this project shows the same substitution, with the New York Times and Johns Hopkins performing county-level reporting the federal government did not.",,,#/case/genx-pfas/chain/pfas-harm/D4/p/0
GenX Contamination in the Cape Fear River,Open question,Harm Reduction,D4,"The contamination is found, but kept inside agencies -> The public finds out, from a newspaper",strong,,,,,,,,"In two independent cases in this project, in different domains, the information channel that actually reached the public was journalism substituting for a state function. What a statutory public notification trigger (one that fires when a peer-reviewed detection above a threshold reaches a regulator) would cost has not been assessed, and no jurisdiction was identified that has built one.",,,#/case/genx-pfas/chain/pfas-harm/D4
GenX Contamination in the Cape Fear River,Evidence,Harm Reduction,D5,"The contamination is found, but kept inside agencies -> PFAS measured in the blood of residents",strong,strong,,,,,"Kotlarz et al., Environ Health Perspect 128(7)",https://doi.org/10.1289/EHP6837,"In 344 Wilmington-area residents, Kotlarz et al. (2020) detected six fluoroethers in residents' blood; Nafion by-product 2 and PFO4DA appeared in more than 99% of participants. Fluoroethers contributed 23% of the total PFAS measured in blood (median summed PFAS 25.0 ng/mL). Four legacy PFAS were detected in ≥97% of participants at levels above 2015–2016 NHANES national levels. In participants with repeated samples, median fluoroether levels declined 34–65% over six months once discharge controls were in place.",The sum concentration of fluoroethers contributed 23% to participants' summed PFAS (median: 25.0 ng/mL). [...] GenX was not detected above our analytical method reporting limit (2 ng/mL).,GenX was not detected above the 2 ng/mL reporting limit in any participant; the blood levels reflect co-discharged fluoroethers rather than the compound the crisis is named for. NC State's press release reports slightly different figures (24% of measured PFAS; declines of 28–65%; three fluoroethers detected in over 85% of samples).,#/case/genx-pfas/chain/pfas-harm/D5
GenX Contamination in the Cape Fear River,Evidence,Harm Reduction,D5,"The contamination is found, but kept inside agencies -> PFAS measured in the blood of residents",strong,strong,,,,,Kotlarz et al. (PubMed Central),https://pmc.ncbi.nlm.nih.gov/articles/PMC7375159/,"In 344 Wilmington-area residents, Kotlarz et al. (2020) detected six fluoroethers in residents' blood; Nafion by-product 2 and PFO4DA appeared in more than 99% of participants. Fluoroethers contributed 23% of the total PFAS measured in blood (median summed PFAS 25.0 ng/mL). Four legacy PFAS were detected in ≥97% of participants at levels above 2015–2016 NHANES national levels. In participants with repeated samples, median fluoroether levels declined 34–65% over six months once discharge controls were in place.",The sum concentration of fluoroethers contributed 23% to participants' summed PFAS (median: 25.0 ng/mL). [...] GenX was not detected above our analytical method reporting limit (2 ng/mL).,GenX was not detected above the 2 ng/mL reporting limit in any participant; the blood levels reflect co-discharged fluoroethers rather than the compound the crisis is named for. NC State's press release reports slightly different figures (24% of measured PFAS; declines of 28–65%; three fluoroethers detected in over 85% of samples).,#/case/genx-pfas/chain/pfas-harm/D5
GenX Contamination in the Cape Fear River,Evidence,Harm Reduction,D5,"The contamination is found, but kept inside agencies -> PFAS measured in the blood of residents",strong,moderate,,,,,"Rosen et al., Environ Health Perspect 130(9)",https://doi.org/10.1289/EHP11033,"Rosen et al. (2022) found higher legacy PFAS (PFOS, PFNA) associated with higher non-HDL cholesterol, approximately 5 mg/dL per exposure quartile, with the strongest associations among the oldest participants.","non-HDL cholesterol was approximately 5mg/dL higher per exposure quartile [...] In age-stratified analyses, associations were strongest among the oldest participants.",Cross-sectional design; temporality between exposure and outcome is undetermined.,#/case/genx-pfas/chain/pfas-harm/D5
GenX Contamination in the Cape Fear River,Evidence,Harm Reduction,D5,"The contamination is found, but kept inside agencies -> PFAS measured in the blood of residents",strong,moderate,,,,,Rosen et al. (PubMed),https://pubmed.ncbi.nlm.nih.gov/36069575/,"Rosen et al. (2022) found higher legacy PFAS (PFOS, PFNA) associated with higher non-HDL cholesterol, approximately 5 mg/dL per exposure quartile, with the strongest associations among the oldest participants.","non-HDL cholesterol was approximately 5mg/dL higher per exposure quartile [...] In age-stratified analyses, associations were strongest among the oldest participants.",Cross-sectional design; temporality between exposure and outcome is undetermined.,#/case/genx-pfas/chain/pfas-harm/D5
GenX Contamination in the Cape Fear River,Evidence,Harm Reduction,D5,"The contamination is found, but kept inside agencies -> PFAS measured in the blood of residents",strong,moderate,,,,,NC State summary,https://news.ncsu.edu/2025/10/high-levels-of-short-chain-pfas-found-in-wilmington-residents-blood/,"Analysis of 119 archived adult blood samples collected 2010–2016 (before disclosure) found PFMOAA at a median of 42 ng/mL, the highest of 56 PFAS measured, establishing internal PFAS levels in the population years before the June 2017 public disclosure.",These data gave us a 'timestamp' of exposure before people knew their drinking water was contaminated.,,#/case/genx-pfas/chain/pfas-harm/D5
GenX Contamination in the Cape Fear River,Evidence,Harm Reduction,D5,"The contamination is found, but kept inside agencies -> PFAS measured in the blood of residents",strong,moderate,,,,,"Cuffney et al. 2023, Environmental Research (PMC)",https://pmc.ncbi.nlm.nih.gov/articles/PMC10591865/,"A companion analysis of the same cohort (Cuffney et al. 2023, Environmental Research) examined which demographic and residential factors went with higher PFAS levels in the blood of New Hanover County residents, in a population whose legacy PFAS levels exceeded national reference levels.",,Cross-sectional analysis of a single cohort.,#/case/genx-pfas/chain/pfas-harm/D5
GenX Contamination in the Cape Fear River,Evidence,Harm Reduction,R1,"The public finds out, from a newspaper -> Agencies act within a week",moderate,moderate,,,,,WRAL timeline,https://www.wral.com/story/timeline-tracking-the-route-of-genx-in-the-cape-fear-river/16869639/,"DEQ and DHHS began an investigation on June 14, 2017, seven days after publication. DHHS set a preliminary health goal of 71,000 ppt on June 8, 2017 and lowered it to 140 ppt on July 14, 2017, after consulting with EPA scientists: a 99.8% reduction in the number in roughly five weeks.",state health officials announce they've lowered the safety threshold for GenX to 140 parts per trillion after consulting with EPA scientists,,#/case/genx-pfas/chain/pfas-harm/R1
GenX Contamination in the Cape Fear River,Evidence,Harm Reduction,R1,"The public finds out, from a newspaper -> Agencies act within a week",moderate,moderate,,,,,Center for Progressive Reform,https://progressivereform.org/cpr-blog/north-carolina-v-chemours-early-reflections-on-an-ongoing-state-environmental-enforcement-case/,"A contemporaneous legal analysis by the Center for Progressive Reform argued the causal driver was the press, describing DEQ's pre-coverage posture as ""dilatory and lax"" and its post-coverage posture as active enforcement.",media attention – and the public reaction it can engender – can have a significant catalytic impact on regulatory officials,,#/case/genx-pfas/chain/pfas-harm/R1
GenX Contamination in the Cape Fear River,Participation instance,Harm Reduction,R1,"The public finds out, from a newspaper -> Agencies act within a week",moderate,,consultative,partial,06/21/2017,"Cape Fear River Watch, Riverkeeper Kemp Burdette, former Mayor Harper Peterson, UNCW scientists, 300+ residents",NC Newsline,https://ncnewsline.com/briefs/former-wilmington-mayor-express-outrage-genx-contamination-drinking-water-cape-fear/,"Cape Fear River Watch community forum: Convened the day after Chemours announced voluntary cessation of GenX discharge, and following a DEQ/Chemours/officials meeting that had been closed to the public, with only one pool reporter permitted. More than 300 attended; Burdette told the crowd, ""they chose not to tell the communities downstream. Clean water is our right.""",,,#/case/genx-pfas/chain/pfas-harm/R1/p/0
GenX Contamination in the Cape Fear River,Participation instance,Harm Reduction,R1,"The public finds out, from a newspaper -> Agencies act within a week",moderate,,consultative,partial,06/28/2017,"WHQR, WWAY-TV, StarNews, 16-member expert panel including Knappe, ~450 residents",Coastal Review,https://coastalreview.org/2017/07/genx-unknowns-frustrate-folks-forum/,"Press-organized public forum, UNCW: Hosted by WHQR News, WWAY-TV News and StarNews Media at UNCW's Kenan Auditorium, with about 450 attendees and a 16-member panel of scientists, environmental advocates, elected officials and health officials. The two largest early public meetings in the case were convened by a riverkeeper group and by news organizations, not by the regulator.",,,#/case/genx-pfas/chain/pfas-harm/R1/p/1
GenX Contamination in the Cape Fear River,Participation instance,Harm Reduction,R1,"The public finds out, from a newspaper -> Agencies act within a week",moderate,,consultative,partial,08/23/2017,"NC General Assembly ERC (20 members), overflow public crowd; Chemours declined to appear",WHQR,https://whqr.org/post/genx-general-assembly-commission-meets-wilmington,"Legislative Environmental Review Commission hearing, Wilmington: The 20-member commission questioned local officials for almost five hours before an overflow crowd; Chemours declined an invitation to speak. The administration's $2.6 million funding request received no vote; the legislature subsequently appropriated $435,000 over a veto in October 2017.",,,#/case/genx-pfas/chain/pfas-harm/R1/p/2
GenX Contamination in the Cape Fear River,Participation instance,Harm Reduction,R1,"The public finds out, from a newspaper -> Agencies act within a week",moderate,,consultative,partial,08/23/2017,"NC General Assembly ERC (20 members), overflow public crowd; Chemours declined to appear",WRAL timeline,https://www.wral.com/story/timeline-tracking-the-route-of-genx-in-the-cape-fear-river/16869639/,"Legislative Environmental Review Commission hearing, Wilmington: The 20-member commission questioned local officials for almost five hours before an overflow crowd; Chemours declined an invitation to speak. The administration's $2.6 million funding request received no vote; the legislature subsequently appropriated $435,000 over a veto in October 2017.",,,#/case/genx-pfas/chain/pfas-harm/R1/p/2
GenX Contamination in the Cape Fear River,Proposed participation (unstudied link),Harm Reduction,R1,"The public finds out, from a newspaper -> Agencies act within a week",moderate,,Independent science review,,,,,,"Let the public choose experts to review the evidence: From the 6/8 session: let the public appoint its own experts to review the evidence, with independent third-party assessment of testing (blood panels, water contaminant analyses) and a defined public role on those panels. The session named the precondition directly: trust in the public input process itself, or a mechanism for bypassing authorities the community does not trust. In the actual record, the community got its expert review through a closed meeting's pool reporter and forums convened by a riverkeeper group and news organizations. Presumed mechanism: Review by experts the community chose sustains the legitimacy of emergency response where trust in the responsible agencies is already damaged.",,,#/case/genx-pfas/chain/pfas-harm/R1
GenX Contamination in the Cape Fear River,Evidence,Harm Reduction,R2,Agencies act within a week -> A weak first order that leaves out groundwater and rivers,moderate,strong,,,,,SELC timeline,https://www.selc.org/wp-content/uploads/2022/12/2022-12-05-SELC-timeline-NC-GenX-PFAS-pollution-Chemours.pdf,"DEQ's June 11, 2018 draft Proposed Order required control of air emissions and continued the process wastewater prohibition, but did not prevent other releases to surface water and groundwater. Cape Fear River Watch had served its notice of intent to sue on May 7, 2018.",The draft Proposed Order does not prevent other releases of PFAS into surface waters that drain into the Cape Fear River and groundwater.,,#/case/genx-pfas/chain/pfas-harm/R2
GenX Contamination in the Cape Fear River,Evidence,Harm Reduction,R2,Agencies act within a week -> A weak first order that leaves out groundwater and rivers,moderate,strong,,,,,"ONE J (Oil and Gas, Natural Resources, and Energy Journal) case note",https://digitalcommons.law.ou.edu/cgi/viewcontent.cgi?article=1510&context=onej,"DEQ's June 11, 2018 draft Proposed Order required control of air emissions and continued the process wastewater prohibition, but did not prevent other releases to surface water and groundwater. Cape Fear River Watch had served its notice of intent to sue on May 7, 2018.",The draft Proposed Order does not prevent other releases of PFAS into surface waters that drain into the Cape Fear River and groundwater.,,#/case/genx-pfas/chain/pfas-harm/R2
GenX Contamination in the Cape Fear River,Evidence,Harm Reduction,R3,"A weak first order that leaves out groundwater and rivers -> A stronger draft order, with the citizen group as a legal party",strong,strong,,,,,Consent Order (NC DEQ),https://files.nc.gov/ncdeq/GenX/Consent-order-11212018.pdf,"The Consent Order's own text records that it resolves Cape Fear River Watch's two pending actions and that the State and Chemours consented to the group's intervention as a plaintiff. Entered February 25, 2019, Bladen County Superior Court, 17 CVS 580.","For the purpose of entering into this Consent Order and resolving Cape Fear River Watch's pending actions in Cape Fear River Watch v. North Carolina Department of Environmental Quality, 18 CVS 2462 [...] and Cape Fear River Watch v. Chemours Company FC, LLC, No. 7:18-cv-00159 (E.D.N.C.)",,#/case/genx-pfas/chain/pfas-harm/R3
GenX Contamination in the Cape Fear River,Evidence,Harm Reduction,R3,"A weak first order that leaves out groundwater and rivers -> A stronger draft order, with the citizen group as a legal party",strong,strong,,,,,Consent Order (NC DEQ),https://files.nc.gov/ncdeq/GenX/Consent-order-11212018.pdf,"Paragraph 33: $12,000,000 civil penalty plus $1,000,000 investigative costs, reported at the time as the largest fine ever levied by DEQ. Air: GenX emission reductions of 82% by October 2018, 92% by end-2018 and 99% by end-2019, with a thermal oxidizer controlling PFAS emissions at 99.99% efficiency. Drinking water: public connection or filtration for contaminated wells within 9 months, with filtration maintained for a 20-year minimum.","By no later than thirty (30) days following entry of this Order, Chemours shall pay [...] a civil penalty in the amount of $12,000,000 and investigative costs in the amount of $1,000,000.",,#/case/genx-pfas/chain/pfas-harm/R3
GenX Contamination in the Cape Fear River,Evidence,Harm Reduction,R3,"A weak first order that leaves out groundwater and rivers -> A stronger draft order, with the citizen group as a legal party",strong,strong,,,,,Bladen Journal,https://www.bladenjournal.com/news/21094/chemours-ordered-to-reduce-emissions-pay-fine,"Paragraph 33: $12,000,000 civil penalty plus $1,000,000 investigative costs, reported at the time as the largest fine ever levied by DEQ. Air: GenX emission reductions of 82% by October 2018, 92% by end-2018 and 99% by end-2019, with a thermal oxidizer controlling PFAS emissions at 99.99% efficiency. Drinking water: public connection or filtration for contaminated wells within 9 months, with filtration maintained for a 20-year minimum.","By no later than thirty (30) days following entry of this Order, Chemours shall pay [...] a civil penalty in the amount of $12,000,000 and investigative costs in the amount of $1,000,000.",,#/case/genx-pfas/chain/pfas-harm/R3
GenX Contamination in the Cape Fear River,Evidence,Harm Reduction,R3,"A weak first order that leaves out groundwater and rivers -> A stronger draft order, with the citizen group as a legal party",strong,strong,,,,,"NC DEQ press release, Nov. 21, 2018",https://www.deq.nc.gov/news/press-releases/2018/11/21/release-state-officials-require-chemours-provide-permanent-drinking,"Paragraph 33: $12,000,000 civil penalty plus $1,000,000 investigative costs, reported at the time as the largest fine ever levied by DEQ. Air: GenX emission reductions of 82% by October 2018, 92% by end-2018 and 99% by end-2019, with a thermal oxidizer controlling PFAS emissions at 99.99% efficiency. Drinking water: public connection or filtration for contaminated wells within 9 months, with filtration maintained for a 20-year minimum.","By no later than thirty (30) days following entry of this Order, Chemours shall pay [...] a civil penalty in the amount of $12,000,000 and investigative costs in the amount of $1,000,000.",,#/case/genx-pfas/chain/pfas-harm/R3
GenX Contamination in the Cape Fear River,Evidence,Harm Reduction,R3,"A weak first order that leaves out groundwater and rivers -> A stronger draft order, with the citizen group as a legal party",strong,strong,,,,,Consent Order (NC DEQ),https://files.nc.gov/ncdeq/GenX/Consent-order-11212018.pdf,"Paragraph 38 gives Cape Fear River Watch independent authority to enforce eleven substantive provisions of the order (paragraphs 7, 8, 10, 11, 12, 13, 15, 16(d), 29, 40 and 46). Paragraph 40 obliges DEQ to make relevant staff available for an in-person meeting with the group within 30 days of receiving compliance reports. Paragraph 29 requires Chemours to hold public meetings on PFAS-related facility changes and to notify both DEQ and the citizen group four weeks in advance.","Within thirty (30) days of receiving those reports, DEQ shall make relevant staff available for an in person meeting with Cape Fear River Watch to discuss the status",,#/case/genx-pfas/chain/pfas-harm/R3
GenX Contamination in the Cape Fear River,Counter-evidence,Harm Reduction,R3,"A weak first order that leaves out groundwater and rivers -> A stronger draft order, with the citizen group as a legal party",strong,strong,,,,,"State ex rel. Biser v. Chemours, COA21-225",https://caselaw.findlaw.com/court/nc-court-of-appeals/2176275.html,"The public utility that paid for remediation did not obtain party status. CFPUA moved to intervene on September 8, 2020, more than 18 months after entry; the motion was denied as untimely and the denial was affirmed by the NC Court of Appeals on June 21, 2022. Party status went to the group that filed early, not to the entity bearing the cost.","This Court entered judgment in this case in the form of a Consent Order on February 25, 2019, over eighteen months ago.",,#/case/genx-pfas/chain/pfas-harm/R3
GenX Contamination in the Cape Fear River,Participation instance,Harm Reduction,R3,"A weak first order that leaves out groundwater and rivers -> A stronger draft order, with the citizen group as a legal party",strong,,litigation,moved,05/2018–08/2018,"Cape Fear River Watch (1,100 members), Southern Environmental Law Center",SELC timeline,https://www.selc.org/wp-content/uploads/2022/12/2022-12-05-SELC-timeline-NC-GenX-PFAS-pollution-Chemours.pdf,"Cape Fear River Watch, SELC citizen suit: SELC, on behalf of Cape Fear River Watch, served Chemours a 60-day Notice of Intent to Sue under the Clean Water Act and the Toxic Substances Control Act on May 7, 2018, and petitioned DEQ for a declaratory ruling. A petition for judicial review of DEQ's denial followed on July 13; a federal CWA/TSCA suit was filed August 29 (7:18-cv-00159, E.D.N.C.). Both actions were resolved through the group's intervention in the Consent Order.",,,#/case/genx-pfas/chain/pfas-harm/R3/p/0
GenX Contamination in the Cape Fear River,Open question,Harm Reduction,R3,"A weak first order that leaves out groundwater and rivers -> A stronger draft order, with the citizen group as a legal party",strong,,,,,,,,"No formal evaluation of this mechanism exists. The National Sea Grant Law Center's overview is descriptive and offers no verdict; the Court of Appeals decision is doctrinal, about timeliness, not policy. No published assessment was identified that evaluates citizen-group party status in a consent order as a model for other states.",,,#/case/genx-pfas/chain/pfas-harm/R3
GenX Contamination in the Cape Fear River,Evidence,Harm Reduction,R4,"A stronger draft order, with the citizen group as a legal party -> A final order that protects downstream towns and lets the citizen group enforce it",strong,strong,,,,,DEQ Response to Public Comment,https://www.deq.nc.gov/genx/2019-02-20-final-deq-response-comments-proposed-consent/download,"Approximately 380 comments were received between November 2018 and January 7, 2019, more than 200 supportive. DEQ's published response documents specific changes: new ¶11.1 requiring Chemours to characterize its PFAS contribution at downstream public utility raw water intakes; new ¶11.2 on river sediment; ¶12(e) modified to increase Old Outfall 002 reduction potentially three to four times; filtration maintenance set at a 20-year minimum; new ¶25.1 affirming DEQ's right to split samples and test independently. The added provisions cover downstream utilities and communities that were not parties to the original negotiation.","Chemours must submit an analysis of the Facility's contributions of PFAS to the raw water intakes of downstream public utilities. [...] a minimum of 20 years or until such time as Chemours demonstrates that each PFAS in Attachment C is below an applicable health advisory, whichever is later",,#/case/genx-pfas/chain/pfas-harm/R4
GenX Contamination in the Cape Fear River,Evidence,Harm Reduction,R4,"A stronger draft order, with the citizen group as a legal party -> A final order that protects downstream towns and lets the citizen group enforce it",strong,strong,,,,,NC DEQ,https://www.deq.nc.gov/news/press-releases/2020/08/13/deq-orders-additional-pfas-reductions-chemours,"The 2020 Addendum, also subject to a 30-day comment period before entry, required a 1.5-mile subsurface barrier wall with groundwater extraction achieving ≥99% PFAS removal, treatment of four contaminated seeps, and stipulated penalties of $150,000 plus $20,000 per week for barrier-wall delay.",construction of a subsurface barrier wall approximately 1.5 miles long and groundwater extraction system that will remove at least 99% of PFAS to be completed by March 2023,,#/case/genx-pfas/chain/pfas-harm/R4
GenX Contamination in the Cape Fear River,Evidence,Harm Reduction,R4,"A stronger draft order, with the citizen group as a legal party -> A final order that protects downstream towns and lets the citizen group enforce it",strong,strong,,,,,NC Health News,https://www.northcarolinahealthnews.org/2020/09/09/nc-getting-tougher-on-pfas-polluters-but-researchers-say-more-action-is-needed/,"The 2020 Addendum, also subject to a 30-day comment period before entry, required a 1.5-mile subsurface barrier wall with groundwater extraction achieving ≥99% PFAS removal, treatment of four contaminated seeps, and stipulated penalties of $150,000 plus $20,000 per week for barrier-wall delay.",construction of a subsurface barrier wall approximately 1.5 miles long and groundwater extraction system that will remove at least 99% of PFAS to be completed by March 2023,,#/case/genx-pfas/chain/pfas-harm/R4
GenX Contamination in the Cape Fear River,Participation instance,Harm Reduction,R4,"A stronger draft order, with the citizen group as a legal party -> A final order that protects downstream towns and lets the citizen group enforce it",strong,,consultative,moved,11/2018–01/2019,"~380 commenters, NC DEQ, SELC and Cape Fear River Watch (public information session, Dec 12, 2018)",DEQ Consent Order page,https://www.deq.nc.gov/news/key-issues/genx-investigation/chemours-consent-order,"Consent Order public comment period: SELC and Cape Fear River Watch held a public information session on the proposed Consent Order in Wilmington on December 12, 2018, before the comment deadline, explaining the draft and answering community questions: intermediary translation work preceding a comment period that produced documented changes.",,,#/case/genx-pfas/chain/pfas-harm/R4/p/0
GenX Contamination in the Cape Fear River,Participation instance,Harm Reduction,R4,"A stronger draft order, with the citizen group as a legal party -> A final order that protects downstream towns and lets the citizen group enforce it",strong,,consultative,moved,11/2018–01/2019,"~380 commenters, NC DEQ, SELC and Cape Fear River Watch (public information session, Dec 12, 2018)",SELC timeline,https://www.selc.org/wp-content/uploads/2022/12/2022-12-05-SELC-timeline-NC-GenX-PFAS-pollution-Chemours.pdf,"Consent Order public comment period: SELC and Cape Fear River Watch held a public information session on the proposed Consent Order in Wilmington on December 12, 2018, before the comment deadline, explaining the draft and answering community questions: intermediary translation work preceding a comment period that produced documented changes.",,,#/case/genx-pfas/chain/pfas-harm/R4/p/0
GenX Contamination in the Cape Fear River,Open question,Harm Reduction,R4,"A stronger draft order, with the citizen group as a legal party -> A final order that protects downstream towns and lets the citizen group enforce it",strong,,,,,,,,"No comment count for the 2020 Addendum was published. No study was identified examining what made this comment period effective when most are not; candidate factors (a specific draft document, a defined adversary, an intermediary doing translation work, a live lawsuit in the background) are testable across other consent orders and have not been tested.",,,#/case/genx-pfas/chain/pfas-harm/R4
GenX Contamination in the Cape Fear River,Evidence,Harm Reduction,R5,A final order that protects downstream towns and lets the citizen group enforce it -> Lasting community research that returns results to residents,strong,strong,,,,,NC Policy Collaboratory,https://collaboratory.unc.edu/news/2018/08/01/n-c-policy-collaboratory-launches-new-statewide-study-on-genx-with-5-million-state-appropriation/,"The NC General Assembly allocated $5,013,000 to the NC Policy Collaboratory, which created the NC PFAS Testing (PFAST) Network: faculty from six universities overseeing statewide sampling that collected raw water from 190 surface water intakes, 158 municipal groundwater wells and 57 county or regional water supplies.","Untreated (raw) water samples from 190 surface water intakes, 158 municipal groundwater wells, and 57 county or regional water supplies were collected",,#/case/genx-pfas/chain/pfas-harm/R5
GenX Contamination in the Cape Fear River,Evidence,Harm Reduction,R5,A final order that protects downstream towns and lets the citizen group enforce it -> Lasting community research that returns results to residents,strong,strong,,,,,PFAST Network report to NCGA,https://webservices.ncleg.gov/ViewDocSiteFile/18237,"The NC General Assembly allocated $5,013,000 to the NC Policy Collaboratory, which created the NC PFAS Testing (PFAST) Network: faculty from six universities overseeing statewide sampling that collected raw water from 190 surface water intakes, 158 municipal groundwater wells and 57 county or regional water supplies.","Untreated (raw) water samples from 190 surface water intakes, 158 municipal groundwater wells, and 57 county or regional water supplies were collected",,#/case/genx-pfas/chain/pfas-harm/R5
GenX Contamination in the Cape Fear River,Evidence,Harm Reduction,R5,A final order that protects downstream towns and lets the citizen group enforce it -> Lasting community research that returns results to residents,strong,strong,,,,,GenX Exposure Study timeline,https://genxstudy.ncsu.edu/study-timeline/,"The GenX Exposure Study grew from 344 New Hanover County participants (enrolled from November 2017) to 1,020 across Wilmington, Fayetteville and Pittsboro (November 2020–November 2021), designed to follow participants for at least five and up to 20 years.",The plan for this study is to follow people for at least five years and up to 20 years to learn more about how PFAS chemicals impact human health.,,#/case/genx-pfas/chain/pfas-harm/R5
GenX Contamination in the Cape Fear River,Evidence,Harm Reduction,R5,A final order that protects downstream towns and lets the citizen group enforce it -> Lasting community research that returns results to residents,strong,strong,,,,,NIEHS Environmental Factor,https://www.niehs.nih.gov/news/factor/2023/1/feature/3-feature-genx-exposure-study,"The GenX Exposure Study grew from 344 New Hanover County participants (enrolled from November 2017) to 1,020 across Wilmington, Fayetteville and Pittsboro (November 2020–November 2021), designed to follow participants for at least five and up to 20 years.",The plan for this study is to follow people for at least five years and up to 20 years to learn more about how PFAS chemicals impact human health.,,#/case/genx-pfas/chain/pfas-harm/R5
GenX Contamination in the Cape Fear River,Participation instance,Harm Reduction,R5,A final order that protects downstream towns and lets the citizen group enforce it -> Lasting community research that returns results to residents,strong,,monitoring,unmeasured,11/2017–present,"Jane Hoppin (NC State), ECU, Cape Fear River Watch, New Hanover County Health Dept, 1,020+ participants",NC State launch,https://news.ncsu.edu/2017/11/genx-study/,"GenX Exposure Study return-of-results: At launch the researchers committed that ""All results from the study will be shared with both the community as a whole and each individual participant."" In October 2022 participants received ""an 11-page letter including an overview of the overall study findings, individual blood PFAS results, and NASEM recommendations,"" and an October 2022 community meeting included an expert panel answering questions from participants and residents.",,,#/case/genx-pfas/chain/pfas-harm/R5/p/0
GenX Contamination in the Cape Fear River,Participation instance,Harm Reduction,R5,A final order that protects downstream towns and lets the citizen group enforce it -> Lasting community research that returns results to residents,strong,,monitoring,unmeasured,11/2017–present,"Jane Hoppin (NC State), ECU, Cape Fear River Watch, New Hanover County Health Dept, 1,020+ participants",NIEHS Environmental Factor,https://www.niehs.nih.gov/news/factor/2023/1/feature/3-feature-genx-exposure-study,"GenX Exposure Study return-of-results: At launch the researchers committed that ""All results from the study will be shared with both the community as a whole and each individual participant."" In October 2022 participants received ""an 11-page letter including an overview of the overall study findings, individual blood PFAS results, and NASEM recommendations,"" and an October 2022 community meeting included an expert panel answering questions from participants and residents.",,,#/case/genx-pfas/chain/pfas-harm/R5/p/0
GenX Contamination in the Cape Fear River,Participation instance,Harm Reduction,R5,A final order that protects downstream towns and lets the citizen group enforce it -> Lasting community research that returns results to residents,strong,,service,partial,11/2017,"Emily Donovan, community organizers",Coastal Review,https://coastalreview.org/2017/08/genx-response-activists-rally-clean-water/,"Clean Cape Fear formation: Emily Donovan formed the all-volunteer grassroots group in 2017 with riverkeeper Kemp Burdette and six others, and she still leads it. It has since functioned as a standing community voice in state rulemaking. At the 2026 EMC proceedings on PFAS minimization rules, Donovan objected that the approach is voluntary: ""There's no due date that says, 'you've got to stop these releases by this point in time.'""",,,#/case/genx-pfas/chain/pfas-harm/R5/p/1
GenX Contamination in the Cape Fear River,Participation instance,Harm Reduction,R5,A final order that protects downstream towns and lets the citizen group enforce it -> Lasting community research that returns results to residents,strong,,service,partial,11/2017,"Emily Donovan, community organizers",Clean Cape Fear,https://www.cleancapefear.org/,"Clean Cape Fear formation: Emily Donovan formed the all-volunteer grassroots group in 2017 with riverkeeper Kemp Burdette and six others, and she still leads it. It has since functioned as a standing community voice in state rulemaking. At the 2026 EMC proceedings on PFAS minimization rules, Donovan objected that the approach is voluntary: ""There's no due date that says, 'you've got to stop these releases by this point in time.'""",,,#/case/genx-pfas/chain/pfas-harm/R5/p/1
GenX Contamination in the Cape Fear River,Participation instance,Harm Reduction,R5,A final order that protects downstream towns and lets the citizen group enforce it -> Lasting community research that returns results to residents,strong,,service,partial,11/2017,"Emily Donovan, community organizers","WUNC, May 2026",https://www.wunc.org/environment/2026-05-14/pfas-dioxane-water-pollution-monitoring-minimization-emc-deq,"Clean Cape Fear formation: Emily Donovan formed the all-volunteer grassroots group in 2017 with riverkeeper Kemp Burdette and six others, and she still leads it. It has since functioned as a standing community voice in state rulemaking. At the 2026 EMC proceedings on PFAS minimization rules, Donovan objected that the approach is voluntary: ""There's no due date that says, 'you've got to stop these releases by this point in time.'""",,,#/case/genx-pfas/chain/pfas-harm/R5/p/1
GenX Contamination in the Cape Fear River,Participation instance,Harm Reduction,R5,A final order that protects downstream towns and lets the citizen group enforce it -> Lasting community research that returns results to residents,strong,,monitoring,partial,2000–present,"Anne Rolfes, Louisiana Bucket Brigade, St. Bernard Citizens for Environmental Quality, fenceline residents",Louisiana Bucket Brigade,https://labucketbrigade.org/pollution-tools-resources/the-bucket/,"Louisiana Bucket Brigade fenceline air monitoring (comparator, different case): A comparator from a different case (Louisiana refinery air monitoring), not a Cape Fear event, included as a documented model of the organized citizen-led sampling absent from this case. Anne Rolfes founded the Louisiana Bucket Brigade in 2000; the group trains fenceline residents to take air samples with the EPA-approved ""bucket,"" described by the organization as ""a $75 version of a much more expensive device, a $2,000 summa canister."" The design dates to 1995, when attorney Edward Masry, depicted in the film ""Erin Brockovich,"" ""got sick from fumes from a petroleum refinery he was suing on behalf of residents of Contra Costa County, Calif."" The Chalmette Air Monitoring Project, run by the St. Bernard Citizens for Environmental Quality and the Louisiana Bucket Brigade across the street from ExxonMobil's Chalmette refinery in St. Bernard Parish, publishes public air monitoring data updated ""every single minute.""",,,#/case/genx-pfas/chain/pfas-harm/R5/p/2
GenX Contamination in the Cape Fear River,Participation instance,Harm Reduction,R5,A final order that protects downstream towns and lets the citizen group enforce it -> Lasting community research that returns results to residents,strong,,monitoring,partial,2000–present,"Anne Rolfes, Louisiana Bucket Brigade, St. Bernard Citizens for Environmental Quality, fenceline residents",Chalmette Air Monitoring Project,https://airmonitorchalmette.com/,"Louisiana Bucket Brigade fenceline air monitoring (comparator, different case): A comparator from a different case (Louisiana refinery air monitoring), not a Cape Fear event, included as a documented model of the organized citizen-led sampling absent from this case. Anne Rolfes founded the Louisiana Bucket Brigade in 2000; the group trains fenceline residents to take air samples with the EPA-approved ""bucket,"" described by the organization as ""a $75 version of a much more expensive device, a $2,000 summa canister."" The design dates to 1995, when attorney Edward Masry, depicted in the film ""Erin Brockovich,"" ""got sick from fumes from a petroleum refinery he was suing on behalf of residents of Contra Costa County, Calif."" The Chalmette Air Monitoring Project, run by the St. Bernard Citizens for Environmental Quality and the Louisiana Bucket Brigade across the street from ExxonMobil's Chalmette refinery in St. Bernard Parish, publishes public air monitoring data updated ""every single minute.""",,,#/case/genx-pfas/chain/pfas-harm/R5/p/2
GenX Contamination in the Cape Fear River,Open question,Harm Reduction,R5,A final order that protects downstream towns and lets the citizen group enforce it -> Lasting community research that returns results to residents,strong,,,,,,,,"Return-of-results is a designed, recurring, eight-year practice here and no evaluation of its effects was identified: on participant trust, on willingness to stay enrolled, on community mobilization, or on policy. Given how rare a sustained return-of-results program is, this is a high-value and unusually tractable study.",,,#/case/genx-pfas/chain/pfas-harm/R5
GenX Contamination in the Cape Fear River,Open question,Harm Reduction,R5,A final order that protects downstream towns and lets the citizen group enforce it -> Lasting community research that returns results to residents,strong,,,,,,,,"No standing Chemours community advisory board and no organized citizen-led water sampling program were identified in this case. The documented participation record is adversarial and legal, not deliberative. The Louisiana Bucket Brigade instance above is a comparator from a different case, not evidence that such a program operated on the Cape Fear.",,,#/case/genx-pfas/chain/pfas-harm/R5
GenX Contamination in the Cape Fear River,Evidence,Harm Reduction,R6,A final order that protects downstream towns and lets the citizen group enforce it -> No statewide standard follows,strong,moderate,,,,,WUNC,https://www.wunc.org/politics/2025-05-09/chemours-pay-pfas-removal-nc-house-bill,"CFPUA's granular activated carbon system came online in September 2022, with October 2022 testing finding no PFAS: built for $43 million, with costs since grown to $82.8 million for building and maintaining the eight filters, funded through an 8% rate increase on customers. CFPUA sued Chemours and DuPont in 2017 to recover the costs. Brunswick County separately spent $158.7 million on a reverse osmosis plant.",the costs of the Sweeney Plant filtration improvements are currently falling on taxpayers [...] No PFAS whatsoever detected,,#/case/genx-pfas/chain/pfas-harm/R6
GenX Contamination in the Cape Fear River,Evidence,Harm Reduction,R6,A final order that protects downstream towns and lets the citizen group enforce it -> No statewide standard follows,strong,moderate,,,,,Port City Daily,https://portcitydaily.com/local-news/2022/10/11/cfpua-reports-pfas-free-water-with-new-filtration-system-online/,"CFPUA's granular activated carbon system came online in September 2022, with October 2022 testing finding no PFAS: built for $43 million, with costs since grown to $82.8 million for building and maintaining the eight filters, funded through an 8% rate increase on customers. CFPUA sued Chemours and DuPont in 2017 to recover the costs. Brunswick County separately spent $158.7 million on a reverse osmosis plant.",the costs of the Sweeney Plant filtration improvements are currently falling on taxpayers [...] No PFAS whatsoever detected,,#/case/genx-pfas/chain/pfas-harm/R6
GenX Contamination in the Cape Fear River,Evidence,Harm Reduction,R6,A final order that protects downstream towns and lets the citizen group enforce it -> No statewide standard follows,strong,strong,,,,,"WUNC, May 2026",https://www.wunc.org/environment/2026-05-14/pfas-dioxane-water-pollution-monitoring-minimization-emc-deq,"North Carolina's Environmental Management Commission adopted groundwater standards for PFOA, PFOS and GenX in September 2025, narrowed from the eight compounds DEQ proposed. Surface water standards were set aside in favor of a ""minimization plan"" approach; the 2026 monitoring rules cover three compounds, require one year of monitoring followed by facility-authored reduction plans, and carry no compliance deadline.","certain wastewater treatment plants and industrial facilities will monitor their PFAS and 1,4 dioxane discharges for one year. Then, based on those results, certain plants and facilities will come up with their own reduction plan.",,#/case/genx-pfas/chain/pfas-harm/R6
GenX Contamination in the Cape Fear River,Evidence,Harm Reduction,R6,A final order that protects downstream towns and lets the citizen group enforce it -> No statewide standard follows,strong,strong,,,,,"WUNC, September 2025",https://www.wunc.org/environment/2025-09-11/emc-nc-pfas-deq-genx-pfoa-pfos-wetlands-e-coli,"North Carolina's Environmental Management Commission adopted groundwater standards for PFOA, PFOS and GenX in September 2025, narrowed from the eight compounds DEQ proposed. Surface water standards were set aside in favor of a ""minimization plan"" approach; the 2026 monitoring rules cover three compounds, require one year of monitoring followed by facility-authored reduction plans, and carry no compliance deadline.","certain wastewater treatment plants and industrial facilities will monitor their PFAS and 1,4 dioxane discharges for one year. Then, based on those results, certain plants and facilities will come up with their own reduction plan.",,#/case/genx-pfas/chain/pfas-harm/R6
GenX Contamination in the Cape Fear River,Evidence,Harm Reduction,R6,A final order that protects downstream towns and lets the citizen group enforce it -> No statewide standard follows,strong,strong,,,,,Federal Register 2026-10085,https://www.federalregister.gov/documents/2026/05/20/2026-10085/rescission-of-regulatory-determinations-and-removal-of-related-provisions-for-four-pfas-substances,"EPA's April 2024 PFAS drinking water rule set an MCL of 10 ppt for HFPO-DA (GenX). On May 20, 2026 EPA proposed rescinding it, along with the PFHxS, PFNA and Hazard Index limits, on the procedural ground that the rule was proposed alongside a preliminary rather than final regulatory determination. Comments were due July 20, 2026; the proposal was not final as of August 2026.","the soonest the EPA may publish a proposed regulation is with the final regulatory determination, not with the preliminary regulatory determination",,#/case/genx-pfas/chain/pfas-harm/R6
GenX Contamination in the Cape Fear River,Evidence,Harm Reduction,R6,A final order that protects downstream towns and lets the citizen group enforce it -> No statewide standard follows,strong,strong,,,,,NCGA HB 569,https://www.ncleg.gov/BillLookup/2025/H569,"NC House Bill 569 (""PFAS Pollution and Polluter Liability""), which would let DEQ order a PFAS manufacturer under consent order to reimburse utilities, passed the House 104-3 on May 7, 2025; a floor amendment limited eligibility to utilities that spent at least $50 million. The bill was re-referred in the Senate on June 5, 2025 and has not moved since.","Re-ref to Agriculture, Energy, and Environment. If fav, re-ref to Judiciary. If fav, re-ref to Rules and Operations of the Senate.",,#/case/genx-pfas/chain/pfas-harm/R6
GenX Contamination in the Cape Fear River,Evidence,Harm Reduction,R6,A final order that protects downstream towns and lets the citizen group enforce it -> No statewide standard follows,strong,strong,,,,,WUNC,https://www.wunc.org/politics/2025-05-09/chemours-pay-pfas-removal-nc-house-bill,"NC House Bill 569 (""PFAS Pollution and Polluter Liability""), which would let DEQ order a PFAS manufacturer under consent order to reimburse utilities, passed the House 104-3 on May 7, 2025; a floor amendment limited eligibility to utilities that spent at least $50 million. The bill was re-referred in the Senate on June 5, 2025 and has not moved since.","Re-ref to Agriculture, Energy, and Environment. If fav, re-ref to Judiciary. If fav, re-ref to Rules and Operations of the Senate.",,#/case/genx-pfas/chain/pfas-harm/R6
GenX Contamination in the Cape Fear River,Proposed participation (unstudied link),Harm Reduction,R6,A final order that protects downstream towns and lets the citizen group enforce it -> No statewide standard follows,strong,,"Federal funding, local design",,,,,,"Federal funding, enforcement designed locally: From the 6/8 session: federally funded programs whose enforcement and implementation methods are locally designed, as a route from facility-level wins to protections that reach the next community. The session's diagnosis of the existing mechanisms fits this link: EPA distrusted state authorities at Flint; local government sometimes holds more public trust but lacks capacity; lawsuits are too expensive for people. The 1969 OMB Circular A-105 regional structure was raised as a model for varying how agencies serve different regions. Presumed mechanism: Pairing federal resources with locally designed enforcement converts facility-scoped remediation into generalizable standards.",,,#/case/genx-pfas/chain/pfas-harm/R6
GenX Contamination in the Cape Fear River,Open question,Harm Reduction,R6,A final order that protects downstream towns and lets the citizen group enforce it -> No statewide standard follows,strong,,,,,,,,"On this record, participation instruments in this domain are facility-scoped by construction. A citizen suit produced relief at one plant; a comment period improved one order. Neither reached the rule that would protect the next community, because rulemaking is a different forum with different participants operating on a different clock. Whether any participation instrument has ever converted a facility-level win into a generalizable standard in this domain has not been established.",,,#/case/genx-pfas/chain/pfas-harm/R6
GenX Contamination in the Cape Fear River,Mechanism that should have worked,,,,,,,knew-no-act,,"DuPont, 3M under TSCA Section 8(e)",US Environmental Protection Agency,https://www.epa.gov/archive/epapages/newsroom_archive/newsreleases/fdcb2f665cac66bb852570d7005d6665.html,"Substantial-risk reporting to EPA: The law required DuPont to report what it knew about PFOA, but the company reported nothing, and the penalty came 24 years after the earliest violation. Section 8(e) of the Toxic Substances Control Act (TSCA) required chemical companies to report substantial-risk information to the Environmental Protection Agency (EPA). The duty covered DuPont and 3M throughout the exposure window. Only the companies took part: they decided what to report, and no one outside them saw the findings. The rule gave EPA power to penalize a company that failed to report. DuPont held internal warnings about perfluorooctanoic acid (PFOA) from 1961, worker blood findings from the 1970s, and tap water contamination results from 1981. It reported none of them. EPA settled with DuPont in 2005 over information the company held from June 1981 onward. The settlement imposed a $10.25 million penalty plus $6.25 million for supplemental environmental projects. The record does not show whether earlier reporting would have changed how EPA responded.",,,#/case/genx-pfas/spine/m/0
GenX Contamination in the Cape Fear River,Mechanism that should have worked,,,,,,,knew-no-act,,"EPA, under the 2009 TSCA 5(e) order",US Environmental Protection Agency,https://www.epa.gov/sites/default/files/2020-05/documents/_epaoig_20200528-20-e-0177_0.pdf,"Consent order verification: EPA required 99 percent capture in the 2009 order but did not check compliance for eight years, and no one had a duty to tell people downstream. The Environmental Protection Agency (EPA) issued a consent order to DuPont in 2009 under Section 5(e) of the Toxic Substances Control Act (TSCA). The order recognized insufficient information and potential unreasonable risk and required the company to recover and capture 99 percent of the substances from its process wastewater and its air emissions. EPA and DuPont negotiated the order between them. No resident, utility, or local government took part. The order gave EPA enforcement power, but it set no schedule for the agency to verify compliance. EPA's first on-site inspection at Fayetteville Works came on June 28, 2017, three weeks after the newspaper story. No mechanism existed to notify anyone downstream. The record does not show what the plant actually captured between 2009 and 2017.",,,#/case/genx-pfas/spine/m/1
GenX Contamination in the Cape Fear River,Mechanism that should have worked,,,,,,,did-not-know,,"NC DEQ and its predecessors, under the Clean Water Act",North Carolina Department of Environmental Quality,https://files.nc.gov/ncdeq/GenX/Letter%20November%2011-16-17.pdf,"Discharge permits and public comment: The permit file never named GenX, so the public comment period at each renewal gave no one anything to object to. The Clean Water Act required a discharge permit for Fayetteville Works. The North Carolina Department of Environmental Quality (DEQ) and its predecessor agencies issued the permit and renewed it from 1980 onward. Every renewal included a public comment period open to anyone. The public could comment, and DEQ made the decision. The permit applications contained no reference to GenX or to any chemical name, formula, or Chemical Abstracts Service (CAS) registry number that would identify it. A retired DEQ supervisor said he would not have understood that the process generated GenX as a byproduct. No one could object to a chemical the file never named. After 2017 the process worked: DEQ suspended the discharge provisions and ran the 2020 permit through draft, comment, and hearing. The record does not show whether anyone commented on the earlier permits.",,,#/case/genx-pfas/spine/m/2
GenX Contamination in the Cape Fear River,Mechanism that should have worked,,,,,,,acted-no-effect,,"EPA, under UCMR3",Coastal Review,https://coastalreview.org/2022/06/vaughn-hagerty-the-reporter-who-broke-the-genx-story/,"Federal drinking water monitoring: The federal monitoring program tested for older PFAS and published the data, but no one had a duty to tell residents, and the results sat in a database until a reporter found them in 2017. The Environmental Protection Agency (EPA) ran the third Unregulated Contaminant Monitoring Rule (UCMR3), a national program that samples drinking water for chemicals not yet regulated. Its contaminant list covered six older PFAS and not GenX. Sampling ran from 2013 to 2015, and EPA published the data. Water utilities collected the samples. Residents played no part. The program could monitor and publish; it could not require anyone to act. No duty to notify anyone attached to the results. A reporter browsed the database in spring 2017, found local hits for older PFAS, and reached the university research on GenX from there. Journalism did the job the rule assigned to no one. The record does not show whether any agency or utility reviewed the Cape Fear results before 2017.",,,#/case/genx-pfas/spine/m/3
GenX Contamination in the Cape Fear River,Mechanism that should have worked,,,,,,,no-mechanism,,"Utilities, under the Safe Drinking Water Act",US Environmental Protection Agency,https://www.epa.gov/dwreginfo/public-notification-rule,"Drinking water violation notices: The 24-hour warning rule covers only regulated chemicals, and GenX was unregulated, so the rule required no notice. The Public Notification Rule under the Safe Drinking Water Act gives water suppliers 24 hours to notify people about the most serious violations of existing drinking water regulations. The rule has applied nationwide since 1998. Utilities such as the Cape Fear Public Utility Authority (CFPUA) send the notices, and residents receive them. Notice is mandatory for regulated contaminants. GenX was unregulated, so the rule required no notice at all. No jurisdiction has been identified with a detection-triggered notice law for unregulated contaminants. That claim rests on searches, not a legal survey.",,,#/case/genx-pfas/spine/m/4
GenX Contamination in the Cape Fear River,Mechanism that should have worked,,,,,,,no-mechanism,,"EPCRA, the Toxics Release Inventory",US Environmental Protection Agency,https://www.epa.gov/toxics-release-inventory-tri-program/addition-certain-pfas-tri-national-defense-authorization-act,"Toxics release right-to-know: Right-to-know disclosure covers only listed chemicals, and PFAS were not listed until December 2019. The Emergency Planning and Community Right-to-Know Act (EPCRA) created the Toxics Release Inventory (TRI), which requires facilities to report their annual releases of listed chemicals. The Environmental Protection Agency (EPA) publishes the reports. Facilities file them, and anyone can read them. The program discloses releases; it does not limit them. Every measured success of this kind of disclosure involves listed, named chemicals. Per- and polyfluoroalkyl substances (PFAS) entered the inventory only when the fiscal year 2020 National Defense Authorization Act added them on December 20, 2019. During the entire exposure window, no disclosure regime named these compounds. The record cannot show what a listing before 2019 would have changed.",,,#/case/genx-pfas/spine/m/5
GenX Contamination in the Cape Fear River,Mechanism that should have worked,,,,,,,no-mechanism,,OSHA,US Government Accountability Office,https://www.gao.gov/products/gao-10-722,"Worker safety rules: OSHA set no exposure limit for PFOA or GenX, and its whistleblower complaint channel was unreliable. The Occupational Safety and Health Administration (OSHA) sets workplace exposure limits and runs a whistleblower complaint program. No exposure standard for perfluorooctanoic acid (PFOA) or GenX existed at Washington Works or Fayetteville Works at any point in the exposure window. Workers could file complaints, but only OSHA could act on them. A 2010 audit by the Government Accountability Office (GAO) found the whistleblower program lacked sufficient internal controls, with screening standards that varied by region. The record does not show whether any worker filed a complaint about PFOA or GenX at either plant, or whether workers knew of the companies' internal findings.",,,#/case/genx-pfas/spine/m/6
GenX Contamination in the Cape Fear River,Mechanism that should have worked,,,,,,,worked,,"Cape Fear River Watch, SELC",North Carolina Department of Environmental Quality,https://www.deq.nc.gov/news/key-issues/genx-investigation/chemours-consent-order,"Citizen suits: Citizen suits could only start after the pollution became public, but once filed they won party status, enforcement power, a $12 million penalty, and 99 percent discharge cuts. The Clean Water Act and the Toxic Substances Control Act (TSCA) have let citizens sue polluters since the 1970s. Cape Fear River Watch, with the Southern Environmental Law Center (SELC) as counsel, pursued citizen-suit strategies from May 2018. Any affected group could sue; no one selected the plaintiffs. A suit made them a party with enforcement power. The resulting 2019 consent order produced the best documented results in the case: party status for Cape Fear River Watch, independent enforcement authority over eleven provisions, a standing obligation on the North Carolina Department of Environmental Quality (DEQ) to meet with the group, a $12 million penalty, and 99 percent discharge reductions. No one could sue before the pollution was disclosed. The order covered one facility and set no statewide standard.",,,#/case/genx-pfas/spine/m/7
GenX Contamination in the Cape Fear River,Mechanism that should have worked,,,,,,,worked,,"Cape Fear River Watch, SELC",SELC,https://www.selc.org/wp-content/uploads/2022/12/2022-12-05-SELC-timeline-NC-GenX-PFAS-pollution-Chemours.pdf,"Citizen suits: Citizen suits could only start after the pollution became public, but once filed they won party status, enforcement power, a $12 million penalty, and 99 percent discharge cuts. The Clean Water Act and the Toxic Substances Control Act (TSCA) have let citizens sue polluters since the 1970s. Cape Fear River Watch, with the Southern Environmental Law Center (SELC) as counsel, pursued citizen-suit strategies from May 2018. Any affected group could sue; no one selected the plaintiffs. A suit made them a party with enforcement power. The resulting 2019 consent order produced the best documented results in the case: party status for Cape Fear River Watch, independent enforcement authority over eleven provisions, a standing obligation on the North Carolina Department of Environmental Quality (DEQ) to meet with the group, a $12 million penalty, and 99 percent discharge reductions. No one could sue before the pollution was disclosed. The order covered one facility and set no statewide standard.",,,#/case/genx-pfas/spine/m/7
GenX Contamination in the Cape Fear River,Mechanism that should have worked,,,,,,,worked,,"Cape Fear River Watch, SELC",Consent Order,https://capefearriverwatch.org/wp-content/uploads/2020/07/Consent-Order-file-stamped-and-fully-executed-b-w-.pdf,"Citizen suits: Citizen suits could only start after the pollution became public, but once filed they won party status, enforcement power, a $12 million penalty, and 99 percent discharge cuts. The Clean Water Act and the Toxic Substances Control Act (TSCA) have let citizens sue polluters since the 1970s. Cape Fear River Watch, with the Southern Environmental Law Center (SELC) as counsel, pursued citizen-suit strategies from May 2018. Any affected group could sue; no one selected the plaintiffs. A suit made them a party with enforcement power. The resulting 2019 consent order produced the best documented results in the case: party status for Cape Fear River Watch, independent enforcement authority over eleven provisions, a standing obligation on the North Carolina Department of Environmental Quality (DEQ) to meet with the group, a $12 million penalty, and 99 percent discharge reductions. No one could sue before the pollution was disclosed. The order covered one facility and set no statewide standard.",,,#/case/genx-pfas/spine/m/7
GenX Contamination in the Cape Fear River,Mechanism that should have worked,,,,,,,worked,,"Residents, downstream utilities, advocacy groups",Cape Fear River Watch,https://capefearriverwatch.org/wp-content/uploads/2020/07/Consent-Order-file-stamped-and-fully-executed-b-w-.pdf,"Public comment on the consent order: About 380 public comments produced itemized changes to the final 2019 consent order. State law required public notice and comment before a court could enter the consent order between the North Carolina Department of Environmental Quality (DEQ), Cape Fear River Watch, and Chemours. The comment period ran in 2018 and 2019. Anyone could comment. Residents, downstream utilities, and advocacy groups filed about 380 comments. The comments were advisory; DEQ and the court decided. DEQ's own response-to-comments document records the additions the comments produced: downstream intake characterization, split sampling authority, and a 20-year filtration floor. Advocacy groups supplied the technical translation that made the comments substantive. The record does not show which comments produced which change, or how the final order would have read without them.",,,#/case/genx-pfas/spine/m/8
GenX Contamination in the Cape Fear River,Measured impact,,,Discharge continued largely unmonitored -> Residents drank water contaminated with GenX (strong),,,,,11/2016,,,,"Residents drank water contaminated with GenX: Roughly 200,000 Cape Fear Public Utility Authority (CFPUA) customers, and 250,000 to 300,000 people downstream, drank water with mean GenX concentrations of 631 ng/L. Levels at the intake reached about 4,500 ng/L. The discharge ran from 1980 to 2017.",,,#/case/genx-pfas/spine/i/0
GenX Contamination in the Cape Fear River,Impact evidence,,,Residents drank water contaminated with GenX,,strong,,,,,Sun et al. 2016,https://pubs.acs.org/doi/10.1021/acs.estlett.6b00398,Sun et al. (2016) quantified GenX in finished drinking water and showed conventional treatment did not remove it.,,,#/case/genx-pfas/spine/i/0
GenX Contamination in the Cape Fear River,Measured impact,,,Discharge continued largely unmonitored -> Residents carried high PFAS levels in their blood (strong),,,,,07/2020,,,,"Residents carried high PFAS levels in their blood: Fluoroethers made up about a quarter of the summed PFAS in the blood of 344 Wilmington residents. Four legacy PFAS sat above national levels in 97 percent or more of participants. Median fluoroether levels fell 34 to 65 percent within six months of discharge controls. Tests did not detect GenX above 2 ng/mL; the measured load is fluoroethers and legacy PFAS. Blood levels matter because studies tie PFAS exposure to disease, which the next card covers.",,,#/case/genx-pfas/spine/i/1
GenX Contamination in the Cape Fear River,Impact evidence,,,Residents carried high PFAS levels in their blood,,strong,,,,,Kotlarz et al. 2020,https://ehp.niehs.nih.gov/doi/10.1289/EHP6837,"Kotlarz et al. (2020) measured PFAS in blood from 344 Wilmington residents in the GenX Exposure Study cohort. In participants sampled twice, median fluoroether levels fell 34 to 65 percent in six months.",,,#/case/genx-pfas/spine/i/1
GenX Contamination in the Cape Fear River,Impact evidence,,,Residents carried high PFAS levels in their blood,,moderate,,,,,NC State News,https://news.ncsu.edu/2025/10/high-levels-of-short-chain-pfas-found-in-wilmington-residents-blood/,"A later NC State analysis of 119 archived blood samples collected from Wilmington residents between 2010 and 2016 found PFMOAA at a median of 42 ng/mL, the highest of 56 PFAS measured. The samples predate the 2017 disclosure.",PFMOAA had the highest median concentration at 42 nanograms per milliliter (ng/mL),,#/case/genx-pfas/spine/i/1
GenX Contamination in the Cape Fear River,Impact evidence,,,Residents carried high PFAS levels in their blood,,moderate,,,,,"Brede et al. 2010, International Journal of Hygiene and Environmental Health",https://doi.org/10.1016/j.ijheh.2010.03.007,"After filtration was installed in Arnsberg, Germany, “the geometric means of PFOA plasma levels declined by 39% (children and mothers) and 26% (men) in Arnsberg and by 13-15% in the corresponding subgroups from the reference areas”, with a plasma half-life of 3.26 years. This supports every chain's claim that an earlier cutoff would have lowered blood levels.",The geometric means of PFOA plasma levels declined by 39% (children and mothers) and 26% (men) in Arnsberg and by 13-15% in the corresponding subgroups from the reference areas.,,#/case/genx-pfas/spine/i/1
GenX Contamination in the Cape Fear River,Measured impact,,,Discharge continued largely unmonitored -> Studies tie PFAS exposure to higher disease risk (moderate),,,,,04/2012,,,,"Studies tie PFAS exposure to higher disease risk: In the Wilmington cohort, residents with more PFOS and PFNA in their blood had higher total and non-HDL cholesterol, about 5 to 6 mg/dL per quartile, with the strongest link in older adults. Twelve percent of tested residents exceeded the blood level at which the National Academies recommend medical screening. PFOA was elevated in 97 percent or more of tested residents. For PFOA, the C8 Science Panel found probable links to kidney cancer, testicular cancer, thyroid disease, ulcerative colitis, high cholesterol, and pregnancy-induced hypertension. The International Agency for Research on Cancer (IARC) classified PFOA carcinogenic to humans in 2023. Among 5,791 DuPont workers, deaths from kidney cancer and other kidney disease rose with PFOA exposure. In animal studies, GenX produces liver and pancreatic tumors. No human disease or mortality study of GenX exists.",,,#/case/genx-pfas/spine/i/2
GenX Contamination in the Cape Fear River,Impact evidence,,,Studies tie PFAS exposure to higher disease risk,,moderate,,,,,Rosen et al. 2022,https://pubmed.ncbi.nlm.nih.gov/36069575/,"Rosen et al. (2022) measured blood fats in 326 GenX Exposure Study participants ages 6 to 86. They found “PFNA and PFOS were associated with higher levels of total and non-HDL cholesterol, with associations larger in magnitude among older adults”, about 5 to 6 mg/dL per quartile.","PFNA and PFOS were associated with higher levels of total and non-HDL cholesterol, with associations larger in magnitude among older adults",,#/case/genx-pfas/spine/i/2
GenX Contamination in the Cape Fear River,Impact evidence,,,Studies tie PFAS exposure to higher disease risk,,strong,,,,,C8 Science Panel,http://www.c8sciencepanel.org/pdfs/Probable_Link_C8_Cancer_16April2012_v2.pdf,"The C8 Science Panel worked from blood samples and health data on about 69,000 PFOA-exposed residents. It found probable links to six conditions, including kidney and testicular cancer. The International Agency for Research on Cancer (IARC) classified PFOA carcinogenic to humans in 2023, with “limited evidence for cancer in humans (renal cell carcinoma and testicular cancer)”.",limited evidence for cancer in humans (renal cell carcinoma and testicular cancer),,#/case/genx-pfas/spine/i/2
GenX Contamination in the Cape Fear River,Impact evidence,,,Studies tie PFAS exposure to higher disease risk,,strong,,,,,Boston et al. 2025,https://www.frontiersin.org/journals/public-health/articles/10.3389/fpubh.2025.1532277/full,"The C8 Science Panel worked from blood samples and health data on about 69,000 PFOA-exposed residents. It found probable links to six conditions, including kidney and testicular cancer. The International Agency for Research on Cancer (IARC) classified PFOA carcinogenic to humans in 2023, with “limited evidence for cancer in humans (renal cell carcinoma and testicular cancer)”.",limited evidence for cancer in humans (renal cell carcinoma and testicular cancer),,#/case/genx-pfas/spine/i/2
GenX Contamination in the Cape Fear River,Impact evidence,,,Studies tie PFAS exposure to higher disease risk,,strong,,,,,International Agency for Research on Cancer,https://www.iarc.who.int/news-events/iarc-monographs-evaluate-the-carcinogenicity-of-perfluorooctanoic-acid-pfoa-and-perfluorooctanesulfonic-acid-pfos,"The C8 Science Panel worked from blood samples and health data on about 69,000 PFOA-exposed residents. It found probable links to six conditions, including kidney and testicular cancer. The International Agency for Research on Cancer (IARC) classified PFOA carcinogenic to humans in 2023, with “limited evidence for cancer in humans (renal cell carcinoma and testicular cancer)”.",limited evidence for cancer in humans (renal cell carcinoma and testicular cancer),,#/case/genx-pfas/spine/i/2
GenX Contamination in the Cape Fear River,Impact evidence,,,Studies tie PFAS exposure to higher disease risk,,moderate,,,,,GenX Exposure Study,https://genxstudy.ncsu.edu/wp-content/uploads/sites/149/2025/11/Deidentified_2024_PFAS_ReportBack.pdf,"The 2024 GenX Exposure Study report to participants applies the National Academies' screening thresholds, since “the NASEM published recommendations for medical monitoring of PFAS-exposed people based on the total (sum) concentration of 7 specific PFAS in blood”. In the study, 97 percent of participants sat above 2 ng/mL summed PFAS and 12 percent above 20 ng/mL, the level at which the Academies recommend medical monitoring.",the NASEM published recommendations for medical monitoring of PFAS-exposed people based on the total (sum) concentration of 7 specific PFAS in blood,,#/case/genx-pfas/spine/i/2
GenX Contamination in the Cape Fear River,Impact evidence,,,Studies tie PFAS exposure to higher disease risk,,moderate,,,,,Steenland and Woskie 2012,https://academic.oup.com/aje/article/176/10/909/167357,"Steenland and Woskie (2012) followed 5,791 workers at DuPont's Washington Works plant. Deaths from chronic kidney disease ran about three times the rate of other DuPont workers in the region. “In conclusion, the authors found evidence of positive exposure-response trends for malignant and nonmalignant renal disease.”","In conclusion, the authors found evidence of positive exposure-response trends for malignant and nonmalignant renal disease.",The trends rest on 12 kidney cancer deaths and 13 other kidney disease deaths. The study found no exposure trend for diabetes or heart disease deaths.,#/case/genx-pfas/spine/i/2
GenX Contamination in the Cape Fear River,Impact counter-evidence,,,Studies tie PFAS exposure to higher disease risk,,moderate,,,,,US Environmental Protection Agency,https://www.epa.gov/system/files/documents/2023-03/GenX-Tox-Assessment-technical-factsheet-March-2023-Update.pdf,"No human disease study of GenX exists. EPA's toxicity assessment rests on animal studies, in which “the liver is the primary target organ for toxicity from oral exposure”. The cohort's cholesterol links track legacy PFAS, not fluoroethers; two fluoroethers went with higher HDL, the protective kind of cholesterol.",the liver is the primary target organ for toxicity from oral exposure,,#/case/genx-pfas/spine/i/2
GenX Contamination in the Cape Fear River,Measured impact,,,Toxin taints CFPUA drinking water -> Water customers paid for filtration (strong),,,,,06/2022,,,,"Water customers paid for filtration: The Cape Fear Public Utility Authority (CFPUA) built granular activated carbon filtration for $43 million, or $82.8 million with maintenance, and paid for it with an 8 percent customer rate increase. Brunswick County built reverse osmosis for $158.7 million.",,,#/case/genx-pfas/spine/i/3
GenX Contamination in the Cape Fear River,Impact evidence,,,Water customers paid for filtration,,strong,,,,,WUNC,https://www.wunc.org/politics/2025-05-09/chemours-pay-pfas-removal-nc-house-bill,"News reporting at the time documented the bills and who paid them: $82.8 million at CFPUA, funded through an 8 percent customer rate increase, and $158.7 million in Brunswick County.",,,#/case/genx-pfas/spine/i/3
GenX Contamination in the Cape Fear River,Impact evidence,,,Water customers paid for filtration,,strong,,,,,WUNC,https://www.wunc.org/politics/2025-04-17/wilmington-ted-davis-chemours-pfas-cape-fear,"News reporting at the time documented the bills and who paid them: $82.8 million at CFPUA, funded through an 8 percent customer rate increase, and $158.7 million in Brunswick County.",,,#/case/genx-pfas/spine/i/3
GenX Contamination in the Cape Fear River,Impact evidence,,,Water customers paid for filtration,,strong,,,,,Port City Daily,https://portcitydaily.com/local-news/2022/10/11/cfpua-reports-pfas-free-water-with-new-filtration-system-online/,"News reporting at the time documented the bills and who paid them: $82.8 million at CFPUA, funded through an 8 percent customer rate increase, and $158.7 million in Brunswick County.",,,#/case/genx-pfas/spine/i/3
GenX Contamination in the Cape Fear River,Measured impact,,,public notice and comment -> The consent order cut air emissions 99 percent (strong),,,,,02/2019,,,,The consent order cut air emissions 99 percent: The 2019 Consent Order cut air emissions 99 percent by the end of 2019 through a thermal oxidizer operating at 99.99 percent efficiency. It imposed a $12 million penalty and delivered alternative drinking water to affected well owners. Fluoroether levels in residents' blood fell 34 to 65 percent within six months of discharge controls.,,,#/case/genx-pfas/spine/i/4
GenX Contamination in the Cape Fear River,Impact evidence,,,The consent order cut air emissions 99 percent,,strong,,,,,Consent Order,https://capefearriverwatch.org/wp-content/uploads/2020/07/Consent-Order-file-stamped-and-fully-executed-b-w-.pdf,The consent order and state enforcement records document the terms and the results: a $12 million penalty and 99 percent discharge reductions.,,,#/case/genx-pfas/spine/i/4
GenX Contamination in the Cape Fear River,Measured impact,,,public notice and comment -> North Carolina set no enforceable PFAS standard (moderate),,,,,05/2026,,,,North Carolina set no enforceable PFAS standard: Nine years of the case's most extensive participation produced remediation at one plant and no enforceable North Carolina surface water standard. The state commission set aside surface water standards in favor of facility-authored minimization plans with no compliance deadline. In May 2026 the federal government proposed rescinding the GenX drinking water limit.,,,#/case/genx-pfas/spine/i/5
GenX Contamination in the Cape Fear River,Impact evidence,,,North Carolina set no enforceable PFAS standard,,strong,,,,,Federal Register,https://www.federalregister.gov/documents/2026/05/20/2026-10085/rescission-of-regulatory-determinations-and-removal-of-related-provisions-for-four-pfas-substances,"The Environmental Protection Agency proposed rescinding its regulatory determinations for four PFAS substances in a May 2026 Federal Register notice, which is a proposal and not a final rule. NC House Bill 569 passed the House 104 to 3 and stalled in the Senate.",,,#/case/genx-pfas/spine/i/5
GenX Contamination in the Cape Fear River,Proposed intervention (spine),,,,,,Protected Worker Disclosure,,,,,,"Accessible channels for workers to report chemical hazards, at local, state, and national level: Give workers at chemical plants accessible, protected channels to report substantial-risk findings, at more than one level. A federal channel to EPA with anti-retaliation protection and a duty on the agency to log, investigate, and publish what it receives; and state and local channels beside it, for workers who distrust a distant regulator but would talk to someone nearby, the way a university ombuds office sits beside the formal complaint office. Congress writes the federal duty into the chemicals statute; states and localities stand up their own routes. Any worker can file at any time, and a report triggers a required response, so the role is not advisory. The existing channel, the OSHA whistleblower program, was found insufficient by the Government Accountability Office in 2010. The intervention dates to 1980. By then DuPont had confirmed elevated PFOA in its own workers, concluded internally that continued exposure was not tolerable, and begun discharging into the Cape Fear. A federal complaint channel existed, but an audit later found it weak, and the record does not show whether any worker used it. When and where: 1980, and federally. By 1980 DuPont had confirmed elevated PFOA in its workers and concluded internally that continued exposure was not tolerable, the same year Fayetteville Works began discharging into the Cape Fear. A protected worker channel with a duty to transmit substantial-risk findings belongs in the chemicals statute. The earliest leverage point is 1961; 1980 is the first year the intervention touches this river. (Congress and EPA, with worker anti-retaliation machinery as the shield)",,,#/case/genx-pfas/spine/pr/0
GenX Contamination in the Cape Fear River,Proposal outcome,,,"Accessible channels for workers to report chemical hazards, at local, state, and national level -> Workers who can report safely bring hazards to light before exposure spreads.",,,,,,,,,Workers who can report safely bring hazards to light before exposure spreads.,,,#/case/genx-pfas/spine/pr/0/out
GenX Contamination in the Cape Fear River,Proposal claim,,,"Accessible channels for workers to report chemical hazards, at local, state, and national level -> Workers who can report safely bring hazards to light before exposure spreads. -> The reporting duties and whistleblower channels that exist today leave hazards unreported.",,,,,,,,,The reporting duties and whistleblower channels that exist today leave hazards unreported.,,,#/case/genx-pfas/spine/pr/0/cl/0
GenX Contamination in the Cape Fear River,Proposal claim evidence,,,"Accessible channels for workers to report chemical hazards, at local, state, and national level -> Workers who can report safely bring hazards to light before exposure spreads. -> The reporting duties and whistleblower channels that exist today leave hazards unreported.",,strong,,,,,"US Environmental Protection Agency, news release of December 14, 2005",https://www.epa.gov/archive/epapages/newsroom_archive/newsreleases/fdcb2f665cac66bb852570d7005d6665.html,"A chemical company must tell the Environmental Protection Agency when it learns its chemical poses a substantial risk, and DuPont paid the agency's largest administrative penalty for not telling. The chemicals statute requires a manufacturer that obtains information reasonably supporting the conclusion that its chemical presents a substantial risk to “immediately inform the Administrator”. In 2005 the Environmental Protection Agency settled eight counts against DuPont over PFOA, seven of them failures to report under that duty: “DuPont will pay $10.25 million -- the largest civil administrative penalty EPA has ever obtained under any federal environmental statute -- to settle violations alleged by EPA over the company's failure to comply with federal law”, along with $6.25 million for supplemental environmental projects. The withheld information included 1981 data showing the chemical crossing the placenta in humans, and contamination of the drinking water inside people's homes. The duty ran only between company and agency.",DuPont will pay $10.25 million -- the largest civil administrative penalty EPA has ever obtained under any federal environmental statute -- to settle violations alleged by EPA over the company's failure to comply with federal law.,An official record of what the duty is and what the agency found. It cannot show that earlier reporting would have changed any outcome.,#/case/genx-pfas/spine/pr/0/cl/0/ev/0
GenX Contamination in the Cape Fear River,Proposal claim evidence,,,"Accessible channels for workers to report chemical hazards, at local, state, and national level -> Workers who can report safely bring hazards to light before exposure spreads. -> The reporting duties and whistleblower channels that exist today leave hazards unreported.",,strong,,,,,"EPA memorandum to the Environmental Appeals Board, December 14, 2005",https://www.epa.gov/sites/default/files/2013-08/documents/eabmemodupontpfoasettlement121405.pdf,"A chemical company must tell the Environmental Protection Agency when it learns its chemical poses a substantial risk, and DuPont paid the agency's largest administrative penalty for not telling. The chemicals statute requires a manufacturer that obtains information reasonably supporting the conclusion that its chemical presents a substantial risk to “immediately inform the Administrator”. In 2005 the Environmental Protection Agency settled eight counts against DuPont over PFOA, seven of them failures to report under that duty: “DuPont will pay $10.25 million -- the largest civil administrative penalty EPA has ever obtained under any federal environmental statute -- to settle violations alleged by EPA over the company's failure to comply with federal law”, along with $6.25 million for supplemental environmental projects. The withheld information included 1981 data showing the chemical crossing the placenta in humans, and contamination of the drinking water inside people's homes. The duty ran only between company and agency.",DuPont will pay $10.25 million -- the largest civil administrative penalty EPA has ever obtained under any federal environmental statute -- to settle violations alleged by EPA over the company's failure to comply with federal law.,An official record of what the duty is and what the agency found. It cannot show that earlier reporting would have changed any outcome.,#/case/genx-pfas/spine/pr/0/cl/0/ev/0
GenX Contamination in the Cape Fear River,Proposal claim evidence,,,"Accessible channels for workers to report chemical hazards, at local, state, and national level -> Workers who can report safely bring hazards to light before exposure spreads. -> The reporting duties and whistleblower channels that exist today leave hazards unreported.",,strong,,,,,15 U.S.C. 2607(e),https://www.law.cornell.edu/uscode/text/15/2607,"A chemical company must tell the Environmental Protection Agency when it learns its chemical poses a substantial risk, and DuPont paid the agency's largest administrative penalty for not telling. The chemicals statute requires a manufacturer that obtains information reasonably supporting the conclusion that its chemical presents a substantial risk to “immediately inform the Administrator”. In 2005 the Environmental Protection Agency settled eight counts against DuPont over PFOA, seven of them failures to report under that duty: “DuPont will pay $10.25 million -- the largest civil administrative penalty EPA has ever obtained under any federal environmental statute -- to settle violations alleged by EPA over the company's failure to comply with federal law”, along with $6.25 million for supplemental environmental projects. The withheld information included 1981 data showing the chemical crossing the placenta in humans, and contamination of the drinking water inside people's homes. The duty ran only between company and agency.",DuPont will pay $10.25 million -- the largest civil administrative penalty EPA has ever obtained under any federal environmental statute -- to settle violations alleged by EPA over the company's failure to comply with federal law.,An official record of what the duty is and what the agency found. It cannot show that earlier reporting would have changed any outcome.,#/case/genx-pfas/spine/pr/0/cl/0/ev/0
GenX Contamination in the Cape Fear River,Proposal claim evidence,,,"Accessible channels for workers to report chemical hazards, at local, state, and national level -> Workers who can report safely bring hazards to light before exposure spreads. -> The reporting duties and whistleblower channels that exist today leave hazards unreported.",,strong,,,,,"US Government Accountability Office, GAO-10-722",https://www.gao.gov/products/gao-10-722,"The government's auditors found that the federal whistleblower complaint program could not be shown to work as intended. The Government Accountability Office audited the Occupational Safety and Health Administration whistleblower program in 2010. “OSHA lacks sufficient internal controls to ensure that the whistleblower program operates as intended due to several factors, including inconsistent program operations, inadequate tracking of program expenses, and insufficient performance monitoring. Program operations vary by region in significant ways, as exemplified by differing standards used to screen out complaints.” The program then handled complaints under 18 statutes, the chemicals statute among them, so this is the channel a chemical plant worker would have had to use.","OSHA lacks sufficient internal controls to ensure that the whistleblower program operates as intended due to several factors, including inconsistent program operations, inadequate tracking of program expenses, and insufficient performance monitoring.","An official record of what the audit found. It cannot show whether workers used the channel, or that a better channel would surface hazards.",#/case/genx-pfas/spine/pr/0/cl/0/ev/1
GenX Contamination in the Cape Fear River,Proposal case study,,,"Accessible channels for workers to report chemical hazards, at local, state, and national level -> Workers who can report safely bring hazards to light before exposure spreads. -> The reporting duties and whistleblower channels that exist today leave hazards unreported.",,strong,,,2010,United States,"US Government Accountability Office, GAO-10-722",https://www.gao.gov/products/gao-10-722,"OSHA Whistleblower Program Audit (The existing statutory channel): The Government Accountability Office audited the existing statutory channel, the Occupational Safety and Health Administration's whistleblower program, which then handled complaints under 18 statutes including the chemicals statute. It found the program lacked sufficient internal controls, that complaint screening standards differed by region, and that the program tracked neither its expenses nor its performance well enough to monitor itself.",,,#/case/genx-pfas/spine/pr/0/cl/0/cs/0
GenX Contamination in the Cape Fear River,Proposal claim,,,"Accessible channels for workers to report chemical hazards, at local, state, and national level -> Workers who can report safely bring hazards to light before exposure spreads. -> Workers see the harm first, but few report without strong protection.",,,,,,,,,"Workers see the harm first, but few report without strong protection.",,,#/case/genx-pfas/spine/pr/0/cl/1
GenX Contamination in the Cape Fear River,Proposal claim evidence,,,"Accessible channels for workers to report chemical hazards, at local, state, and national level -> Workers who can report safely bring hazards to light before exposure spreads. -> Workers see the harm first, but few report without strong protection.",,moderate,,,,,"Dyck, Morse and Zingales 2010, Journal of Finance",https://doi.org/10.1111/j.1540-6261.2010.01614.x,"Employees brought more large corporate frauds to light than auditors or the securities regulator did, and most who were named lost their jobs or their duties. Across every reported fraud at large United States companies from 1996 to 2004, detection came mostly from outside the usual governance roles: “employees (17% of the cases), non-financial-market regulators (13%), and the media (13%)”. Naming yourself was costly: “in 82% of the cases, the whistleblower was fired, quit under duress, or had significantly altered responsibilities”. The authors conclude that “given these costs, the surprising part is not that most employees do not talk, but that some talk at all”.","in 82% of the cases, the whistleblower was fired, quit under duress, or had significantly altered responsibilities",,#/case/genx-pfas/spine/pr/0/cl/1/ev/0
GenX Contamination in the Cape Fear River,Proposal claim evidence,,,"Accessible channels for workers to report chemical hazards, at local, state, and national level -> Workers who can report safely bring hazards to light before exposure spreads. -> Workers see the harm first, but few report without strong protection.",,strong,,,,,"Heese and Perez-Cavazos 2021, Journal of Accounting and Economics",https://doi.org/10.1016/j.jacceco.2020.101385,"When losing a job got less costly, workers filed more safety complaints against their employers, and regulators found more violations. Using large increases in state unemployment insurance benefits, which cut the cost of the most common retaliation, the authors “find that increases in UI benefits increase the number of facility-level employee workplace safety complaints filed with the regulator. Furthermore, UI benefit increases also result in more violations and more penalties. The effects are concentrated in firms where retaliation is more likely.” The outcome measured is complaints to the workplace safety regulator, the channel this proposal would rebuild, though nothing here is specific to chemical hazards.","We find that increases in UI benefits increase the number of facility-level employee workplace safety complaints filed with the regulator. Furthermore, UI benefit increases also result in more violations and more penalties.",,#/case/genx-pfas/spine/pr/0/cl/1/ev/1
GenX Contamination in the Cape Fear River,Proposal claim evidence,,,"Accessible channels for workers to report chemical hazards, at local, state, and national level -> Workers who can report safely bring hazards to light before exposure spreads. -> Workers see the harm first, but few report without strong protection.",,strong,,,,,"Dey, Heese and Perez-Cavazos 2021, Journal of Accounting Research",https://doi.org/10.1111/1475-679X.12370,"When courts made whistleblower rewards larger, more people came forward, and their pay never fully recovered. Using appeals-court decisions that raised the money available to whistleblowers, the authors find that “greater incentives increase the number of lawsuits filed with the regulator, the regulator's investigation length, the percentage of intervened lawsuits, and the percentage of settled lawsuits”. Whistleblowers' long-term annual income still fell about 8.6 percent. Rewards are not the same instrument as protection.","Exploiting appeals-court decisions that increase financial incentives for whistleblowing, we find that greater incentives increase the number of lawsuits filed with the regulator, the regulator's investigation length, the percentage of intervened lawsuits, and the percentage of settled lawsuits.",,#/case/genx-pfas/spine/pr/0/cl/1/ev/2
GenX Contamination in the Cape Fear River,Proposal claim counter-evidence,,,"Accessible channels for workers to report chemical hazards, at local, state, and national level -> Workers who can report safely bring hazards to light before exposure spreads. -> Workers see the harm first, but few report without strong protection.",,moderate,,,,,"Dyck, Morse and Zingales 2010, Journal of Finance",https://doi.org/10.1111/j.1540-6261.2010.01614.x,"The federal protection Congress wrote for employees after the accounting scandals did not change who brought frauds to light. The same census of corporate frauds tested whether the post-scandal federal employee protection changed detection: “by contrast, we do not find any evidence that the protection offered to employees by Section 303 of SOX has any effect”. Auditors' share of detections rose over the same period. The employee protection's did not.","By contrast, we do not find any evidence that the protection offered to employees by Section 303 of SOX has any effect.",,#/case/genx-pfas/spine/pr/0/cl/1/cev/0
GenX Contamination in the Cape Fear River,Proposal claim counter-evidence,,,"Accessible channels for workers to report chemical hazards, at local, state, and national level -> Workers who can report safely bring hazards to light before exposure spreads. -> Workers see the harm first, but few report without strong protection.",,moderate,,,,,"Miceli, Rehg, Near and Ryan 1999, Work and Occupations",https://doi.org/10.1177/0730888499026001007,"Laws meant to encourage federal workers to report wrongdoing were followed by more reporting and by more retaliation. Surveys of federal employees taken at three points over twelve years found that “laws intended to encourage whistle-blowing seem to have two desired effects: to reduce the incidence of perceived wrongdoing and to increase the likelihood of whistle-blowing. However, two unintended effects are also observed: perceived retaliation increased and whistle-blowers increasingly sought anonymity.” Which change drove which cannot be told apart here.","Laws intended to encourage whistle-blowing seem to have two desired effects: to reduce the incidence of perceived wrongdoing and to increase the likelihood of whistle-blowing. However, two unintended effects are also observed: perceived retaliation increased and whistle-blowers increasingly sought anonymity.",,#/case/genx-pfas/spine/pr/0/cl/1/cev/1
GenX Contamination in the Cape Fear River,Proposal claim counter-evidence,,,"Accessible channels for workers to report chemical hazards, at local, state, and national level -> Workers who can report safely bring hazards to light before exposure spreads. -> Workers see the harm first, but few report without strong protection.",,moderate,,,,,"Rothschild and Miethe 1999, Work and Occupations",https://doi.org/10.1177/0730888499026001006,"Whistleblowers were punished most when what they reported mattered most, and no way of reporting protected them. A nationwide study of whistleblowers and of employees who saw wrongdoing and stayed silent found that “whistle-blowers suffer severe retaliation from management, especially when their information proves significant” and that “no special method of disclosure or personal characteristics can insulate the whistle-blower from such retaliation”. The people surveyed had already identified themselves as whistleblowers, so the study cannot give the rate of retaliation among all workers who see wrongdoing.","whistle-blowers suffer severe retaliation from management, especially when their information proves significant; and (d) no special method of disclosure or personal characteristics can insulate the whistle-blower from such retaliation.",,#/case/genx-pfas/spine/pr/0/cl/1/cev/2
GenX Contamination in the Cape Fear River,Proposal claim,,,"Accessible channels for workers to report chemical hazards, at local, state, and national level -> Workers who can report safely bring hazards to light before exposure spreads. -> Channels outside the chain of command draw reports that formal channels miss.",,,,,,,,,Channels outside the chain of command draw reports that formal channels miss.,,,#/case/genx-pfas/spine/pr/0/cl/2
GenX Contamination in the Cape Fear River,Proposal claim evidence,,,"Accessible channels for workers to report chemical hazards, at local, state, and national level -> Workers who can report safely bring hazards to light before exposure spreads. -> Channels outside the chain of command draw reports that formal channels miss.",,strong,,,,,"HHS Office of Inspector General, OEI-06-09-00091",https://oig.hhs.gov/reports/all/2012/hospital-incident-reporting-systems-do-not-capture-most-patient-harm/,"Hospitals' own incident reporting systems recorded about one in seven of the harms their patients suffered. Federal auditors matched harm events found by medical record review against what hospital staff had filed. “Of the events experienced by Medicare beneficiaries discharged in October 2008, hospital incident reporting systems captured only an estimated 14 percent.” Most of the rest went unreported because staff did not think the event was reportable. This measures how much an in-house channel misses, not what an outside channel would catch.","Of the events experienced by Medicare beneficiaries discharged in October 2008, hospital incident reporting systems captured only an estimated 14 percent.",,#/case/genx-pfas/spine/pr/0/cl/2/ev/0
GenX Contamination in the Cape Fear River,Proposal claim evidence,,,"Accessible channels for workers to report chemical hazards, at local, state, and national level -> Workers who can report safely bring hazards to light before exposure spreads. -> Channels outside the chain of command draw reports that formal channels miss.",,moderate,,,,,"Weissman et al. 2008, Annals of Internal Medicine",https://doi.org/10.7326/0003-4819-149-2-200807150-00006,"Patients interviewed after they went home described serious, preventable harm that the hospital's own records never recorded. Comparing interviews with medical record review for 998 recently hospitalized adults, 23 percent had at least one adverse event found by interview against 11 percent found by record review. “Interviews identified an additional 21 serious and preventable events that were not documented in the medical record.” Asking the people affected surfaced events the institution's own record did not hold, though the interviews came after the fact rather than through a reporting channel.",Interviews identified an additional 21 serious and preventable events that were not documented in the medical record,,#/case/genx-pfas/spine/pr/0/cl/2/ev/1
GenX Contamination in the Cape Fear River,Proposal claim evidence,,,"Accessible channels for workers to report chemical hazards, at local, state, and national level -> Workers who can report safely bring hazards to light before exposure spreads. -> Channels outside the chain of command draw reports that formal channels miss.",,moderate,,,,,"Johansson and Carey 2016, Journal of Business Ethics",https://doi.org/10.1007/s10551-015-2673-6,"Companies that gave employees a way to report without going to their boss found more fraud. Using survey data from publicly listed Australian companies, where such channels are not required, the authors “find a positive association between ARCs and reported fraud. These results indicate that ARCs are effective in detecting fraud.” Small firms gained most. Because companies chose whether to have a channel, the study cannot show the channel caused the detection.",we find a positive association between ARCs and reported fraud. These results indicate that ARCs are effective in detecting fraud.,,#/case/genx-pfas/spine/pr/0/cl/2/ev/2
GenX Contamination in the Cape Fear River,Proposal claim evidence,,,"Accessible channels for workers to report chemical hazards, at local, state, and national level -> Workers who can report safely bring hazards to light before exposure spreads. -> Channels outside the chain of command draw reports that formal channels miss.",,moderate,,,,,"Stubben and Welch 2020, Journal of Accounting Research",https://doi.org/10.1111/1475-679X.12303,"Firms whose employees used the internal reporting line more heavily later paid fewer and smaller government fines. From nearly two million internal reports filed at more than 1,000 publicly traded United States firms, the authors “show that internal WB report volume is associated with fewer and lower amounts of government fines and material lawsuits”. These are in-house systems, usually run by an outside vendor, so they sit beside the chain of command rather than outside the company, and the pattern is an association.",we show that internal WB report volume is associated with fewer and lower amounts of government fines and material lawsuits,,#/case/genx-pfas/spine/pr/0/cl/2/ev/3
GenX Contamination in the Cape Fear River,Proposal claim counter-evidence,,,"Accessible channels for workers to report chemical hazards, at local, state, and national level -> Workers who can report safely bring hazards to light before exposure spreads. -> Channels outside the chain of command draw reports that formal channels miss.",,moderate,,,,,"Kaplan and Schultz 2007, Journal of Business Ethics",https://doi.org/10.1007/s10551-006-0021-6,"Giving employees an anonymous route made them less willing to use the named routes. In an experiment on intentions to report questionable acts, “results show that the existence of an anonymous channel does reduce the likelihood of reporting to non-anonymous channels”. The study measured stated intentions, not reports filed, so the net effect on reporting is unknown.",Results show that the existence of an anonymous channel does reduce the likelihood of reporting to non-anonymous channels,,#/case/genx-pfas/spine/pr/0/cl/2/cev/0
GenX Contamination in the Cape Fear River,Proposal claim counter-evidence,,,"Accessible channels for workers to report chemical hazards, at local, state, and national level -> Workers who can report safely bring hazards to light before exposure spreads. -> Channels outside the chain of command draw reports that formal channels miss.",,moderate,,,,,"Kaplan, Pany, Samuels and Zhang 2009, Auditing: A Journal of Practice and Theory",https://doi.org/10.2308/aud.2009.28.2.273,"A hotline run by an outside body drew less willingness to report than one run in-house. Two experiments on fraud reporting found the opposite of what the researchers expected: intentions to report were stronger under an internally administered hotline. “Thus, our results suggest that an externally administered anonymous hotline may not increase fraud reporting.” Again the outcome is stated willingness, not reports filed.","Thus, our results suggest that an externally administered anonymous hotline may not increase fraud reporting.",,#/case/genx-pfas/spine/pr/0/cl/2/cev/1
GenX Contamination in the Cape Fear River,Proposal case study,,,"Accessible channels for workers to report chemical hazards, at local, state, and national level -> Workers who can report safely bring hazards to light before exposure spreads. -> Channels outside the chain of command draw reports that formal channels miss.",,weak,,,1976-present,United States,NASA Aviation Safety Reporting System,https://asrs.arc.nasa.gov/docs/rs/60_Case_for_Confidential_Incident_Reporting.pdf,"NASA Aviation Safety Reporting System (Third-party receipt, outside the regulator): The Federal Aviation Administration asked NASA to run aviation's confidential reporting system because, in the program's own words, “its regulatory and enforcement roles would discourage the aviation community from trusting and using the new program if the FAA were to operate the system”. Aviation workers have since filed more than a million confidential reports, and the program has issued about 4,000 alerting messages to the Federal Aviation Administration and the aviation community. No one has measured the effect on hazards.",,,#/case/genx-pfas/spine/pr/0/cl/2/cs/0
GenX Contamination in the Cape Fear River,Proposal claim,,,"Accessible channels for workers to report chemical hazards, at local, state, and national level -> Workers who can report safely bring hazards to light before exposure spreads. -> Worker disclosure reaches the regulator and triggers scrutiny years before litigation does.",,,,,,,,,Worker disclosure reaches the regulator and triggers scrutiny years before litigation does.,,,#/case/genx-pfas/spine/pr/0/cl/3
GenX Contamination in the Cape Fear River,Proposal claim evidence,,,"Accessible channels for workers to report chemical hazards, at local, state, and national level -> Workers who can report safely bring hazards to light before exposure spreads. -> Worker disclosure reaches the regulator and triggers scrutiny years before litigation does.",,moderate,,,,,"Wilde 2017, The Accounting Review",https://doi.org/10.2308/accr-51661,"Firms accused by an employee whistleblower cut their misreporting for at least two years afterward, compared with similar firms. Using employee whistleblower cases obtained from the United States government, the study finds that “firms subject to whistleblowing allegations exhibit significant decreases in financial misreporting and tax aggressiveness, compared with control firms”, and that “this deterrent effect persists for at least two years beyond the year of the allegation”. The cases are retaliation complaints made to the Occupational Safety and Health Administration between 2003 and 2010 by employees of 317 large, publicly traded firms.","firms subject to whistleblowing allegations exhibit significant decreases in financial misreporting and tax aggressiveness, compared with control firms",,#/case/genx-pfas/spine/pr/0/cl/3/ev/0
GenX Contamination in the Cape Fear River,Proposal claim counter-evidence,,,"Accessible channels for workers to report chemical hazards, at local, state, and national level -> Workers who can report safely bring hazards to light before exposure spreads. -> Worker disclosure reaches the regulator and triggers scrutiny years before litigation does.",,strong,,,,,"US Environmental Protection Agency, press advisory of July 8, 2004",https://www.epa.gov/archive/epapages/newsroom_archive/newsreleases/826fe743d67d744685256f620074c136.html,"In this case the hidden studies reached the agency through a lawsuit, not through a worker, twenty years late. DuPont obtained the human data in 1981, and the Environmental Protection Agency learned of it only in 2001: “an attorney working on a class action suit on behalf of citizens in Ohio and West Virginia brought this information to the EPA in 2001.” The settlement memorandum says of the 1981 data that “EPA was not aware of this information until Bilott sent it to EPA in 2001”. The penalty followed in 2005. Litigation, not disclosure, moved the information.",EPA was not aware of this information until Bilott sent it to EPA in 2001.,,#/case/genx-pfas/spine/pr/0/cl/3/cev/0
GenX Contamination in the Cape Fear River,Proposal claim counter-evidence,,,"Accessible channels for workers to report chemical hazards, at local, state, and national level -> Workers who can report safely bring hazards to light before exposure spreads. -> Worker disclosure reaches the regulator and triggers scrutiny years before litigation does.",,strong,,,,,"EPA memorandum to the Environmental Appeals Board, December 14, 2005",https://www.epa.gov/sites/default/files/2013-08/documents/eabmemodupontpfoasettlement121405.pdf,"In this case the hidden studies reached the agency through a lawsuit, not through a worker, twenty years late. DuPont obtained the human data in 1981, and the Environmental Protection Agency learned of it only in 2001: “an attorney working on a class action suit on behalf of citizens in Ohio and West Virginia brought this information to the EPA in 2001.” The settlement memorandum says of the 1981 data that “EPA was not aware of this information until Bilott sent it to EPA in 2001”. The penalty followed in 2005. Litigation, not disclosure, moved the information.",EPA was not aware of this information until Bilott sent it to EPA in 2001.,,#/case/genx-pfas/spine/pr/0/cl/3/cev/0
GenX Contamination in the Cape Fear River,Proposal case study,,,"Accessible channels for workers to report chemical hazards, at local, state, and national level -> Workers who can report safely bring hazards to light before exposure spreads. -> Worker disclosure reaches the regulator and triggers scrutiny years before litigation does.",,weak,,,1999,"3M, Minnesota",Minnesota Reformer,https://minnesotareformer.com/2022/12/15/toxic-3m-knew-its-chemicals-were-harmful-decades-ago-but-didnt-tell-the-public-government/,"Richard Purdy Resignation Disclosure (One employee, acting without protection): Richard Purdy, a 3M toxicologist, resigned in 1999 and sent his resignation letter to the Environmental Protection Agency, telling the agency that 3M had reported finding PFOS in the blood of animals without saying it was in the blood of eaglets. The agency began investigating the chemicals that year. In May 2000, after negotiations with the agency, 3M announced it would phase out PFOS. The agency's own release credited the company rather than the chemist. Nothing establishes what his letter changed.",,,#/case/genx-pfas/spine/pr/0/cl/3/cs/0
GenX Contamination in the Cape Fear River,Proposal case study,,,"Accessible channels for workers to report chemical hazards, at local, state, and national level -> Workers who can report safely bring hazards to light before exposure spreads. -> Worker disclosure reaches the regulator and triggers scrutiny years before litigation does.",,weak,,,1999,"3M, Minnesota","US Environmental Protection Agency, news release of May 16, 2000",https://archive.epa.gov/epapages/newsroom_archive/newsreleases/33aa946e6cb11f35852568e1005246b4.html,"Richard Purdy Resignation Disclosure (One employee, acting without protection): Richard Purdy, a 3M toxicologist, resigned in 1999 and sent his resignation letter to the Environmental Protection Agency, telling the agency that 3M had reported finding PFOS in the blood of animals without saying it was in the blood of eaglets. The agency began investigating the chemicals that year. In May 2000, after negotiations with the agency, 3M announced it would phase out PFOS. The agency's own release credited the company rather than the chemist. Nothing establishes what his letter changed.",,,#/case/genx-pfas/spine/pr/0/cl/3/cs/0
GenX Contamination in the Cape Fear River,Proposed intervention (spine),,,,,,Community Advisory Board,,,,,,"A body of affected residents convenes whenever a chemical is approved for manufacture or discharge: Whenever a chemical is up for approval to be manufactured or discharged, convene a body of the residents downstream of it. The trigger is the pending approval. The body sees the same submissions as the agency, within trade-secret law; its monitoring conditions become permit conditions; and the agency must publish the plan and each verification. Between approvals the body is the place residents report suspected contamination, with a written response due within a set time and community water sampling run with a laboratory partner. This proposal merges three the group wrote separately: notice to downstream residents at approval, resident reporting with a required investigation, and community seats in the approval review. Notification alone is not participation; what unifies the three is the trigger and the body it convenes. The 2009 consent order is the anchor. Notice attached to it would have reached every affected water user eight years before the June 2017 newspaper story, and a body seated at it would have had someone checking the 99 percent capture requirement. When and where: 2009, at the consent order. That order is the single document where the federal government both recognized potential unreasonable risk and authorized manufacture, and it set a 99 percent capture requirement that no one checked for eight years. A resident body convened at that approval reaches every affected water user eight years before the newspaper did, and builds the constituency that checks. The 1980 permit record shows why this must be structural: the file contained no chemical name a commenter could act on. (EPA Office of Chemical Safety and Pollution Prevention, with the body seated from downstream communities; the state agency and the water utility for the reporting and sampling paths)",,,#/case/genx-pfas/spine/pr/1
GenX Contamination in the Cape Fear River,Proposal outcome,,,A body of affected residents convenes whenever a chemical is approved for manufacture or discharge -> Residents who review chemical approvals cut exposure through drinking water.,,,,Residents drank water contaminated with GenX,,,,,Residents who review chemical approvals cut exposure through drinking water.,,,#/case/genx-pfas/spine/pr/1/out
GenX Contamination in the Cape Fear River,Proposal claim,,,A body of affected residents convenes whenever a chemical is approved for manufacture or discharge -> Residents who review chemical approvals cut exposure through drinking water. -> Residents who can report and sample find contamination before officials do.,,,,,,,,,Residents who can report and sample find contamination before officials do.,,,#/case/genx-pfas/spine/pr/1/cl/0
GenX Contamination in the Cape Fear River,Proposal claim evidence,,,A body of affected residents convenes whenever a chemical is approved for manufacture or discharge -> Residents who review chemical approvals cut exposure through drinking water. -> Residents who can report and sample find contamination before officials do.,,moderate,,,,,"Pieper et al. 2018, Environmental Science and Technology",https://doi.org/10.1021/acs.est.8b00791,"Flint residents' own samples showed lead nearly double the federal action level while officials said there was no problem. Flint residents collected water samples from 269 homes and a university lab ran the analysis. “Our city-wide citizen science water lead results contradicted official claims that there was no problem - our 90th percentile was 26.8 μg/L, which was almost double the Lead and Copper Rule action level of 15 μg/L.” The team writes that the citizen datasets “represented the only internally consistent measures of water lead levels” during the crisis. It is one city, so it cannot say how often resident sampling beats official sampling.","Our city-wide citizen science water lead results contradicted official claims that there was no problem- our 90th percentile was 26.8 μg/L, which was almost double the Lead and Copper Rule action level of 15 μg/L.",,#/case/genx-pfas/spine/pr/1/cl/0/ev/0
GenX Contamination in the Cape Fear River,Proposal claim evidence,,,A body of affected residents convenes whenever a chemical is approved for manufacture or discharge -> Residents who review chemical approvals cut exposure through drinking water. -> Residents who can report and sample find contamination before officials do.,,moderate,,,,,"Roy and Edwards 2019, Citizen Science: Theory and Practice",https://theoryandpractice.citizenscienceassociation.org/articles/10.5334/cstp.154,"Flint residents' own samples showed lead nearly double the federal action level while officials said there was no problem. Flint residents collected water samples from 269 homes and a university lab ran the analysis. “Our city-wide citizen science water lead results contradicted official claims that there was no problem - our 90th percentile was 26.8 μg/L, which was almost double the Lead and Copper Rule action level of 15 μg/L.” The team writes that the citizen datasets “represented the only internally consistent measures of water lead levels” during the crisis. It is one city, so it cannot say how often resident sampling beats official sampling.","Our city-wide citizen science water lead results contradicted official claims that there was no problem- our 90th percentile was 26.8 μg/L, which was almost double the Lead and Copper Rule action level of 15 μg/L.",,#/case/genx-pfas/spine/pr/1/cl/0/ev/0
GenX Contamination in the Cape Fear River,Proposal claim evidence,,,A body of affected residents convenes whenever a chemical is approved for manufacture or discharge -> Residents who review chemical approvals cut exposure through drinking water. -> Residents who can report and sample find contamination before officials do.,,moderate,,,,,"Seto et al. 2019, International Journal of Environmental Research and Public Health",https://doi.org/10.3390/ijerph16183268,"A dense community sensor network in California spotted many pollution episodes the government monitors never saw. In Imperial County, California, 38 community-run particle monitors identified 1,426 pollution episodes over five months, against 116 identified by six government monitors: “Of the 1426 episodes identified by the community sensors, 723 (51%) were not observed by the government monitors.” The community network had far more monitors, which is much of why it saw more. The setting differs from Cape Fear: air, not water, and sensors, not symptoms.","Of the 1426 episodes identified by the community sensors, 723 (51%) were not observed by the government monitors",,#/case/genx-pfas/spine/pr/1/cl/0/ev/1
GenX Contamination in the Cape Fear River,Proposal claim evidence,,,A body of affected residents convenes whenever a chemical is approved for manufacture or discharge -> Residents who review chemical approvals cut exposure through drinking water. -> Residents who can report and sample find contamination before officials do.,,moderate,,,,,"Cutler et al. 1986, Public Health Reports",https://pmc.ncbi.nlm.nih.gov/articles/PMC1477799/,"Woburn parents counted the childhood leukemia cases in their neighborhood and pushed the investigations that followed. Residents of Woburn, Massachusetts noticed a run of childhood leukemia and pressed for an investigation. A federal and state investigation recorded that “residents of Woburn were concerned over what they perceived to be a large number of childhood leukemia cases” and found that “six of the persons with leukemia were located close to each other in one census tract, 7.5 times the expected number”. A later state case-control study counted 21 childhood leukemia cases against 5.52 expected over seventeen years, and found a dose-response relationship with mothers' likely exposure to water from the two closed wells. The odds ratio for that exposure period was wide and not itself significant.","Six of the persons with leukemia were located close to each other in one census tract, 7.5 times the expected number.",,#/case/genx-pfas/spine/pr/1/cl/0/ev/2
GenX Contamination in the Cape Fear River,Proposal claim evidence,,,A body of affected residents convenes whenever a chemical is approved for manufacture or discharge -> Residents who review chemical approvals cut exposure through drinking water. -> Residents who can report and sample find contamination before officials do.,,moderate,,,,,"Costas, Knorr and Condon 2002, Science of the Total Environment",https://doi.org/10.1016/s0048-9697(02)00169-9,"Woburn parents counted the childhood leukemia cases in their neighborhood and pushed the investigations that followed. Residents of Woburn, Massachusetts noticed a run of childhood leukemia and pressed for an investigation. A federal and state investigation recorded that “residents of Woburn were concerned over what they perceived to be a large number of childhood leukemia cases” and found that “six of the persons with leukemia were located close to each other in one census tract, 7.5 times the expected number”. A later state case-control study counted 21 childhood leukemia cases against 5.52 expected over seventeen years, and found a dose-response relationship with mothers' likely exposure to water from the two closed wells. The odds ratio for that exposure period was wide and not itself significant.","Six of the persons with leukemia were located close to each other in one census tract, 7.5 times the expected number.",,#/case/genx-pfas/spine/pr/1/cl/0/ev/2
GenX Contamination in the Cape Fear River,Proposal claim evidence,,,A body of affected residents convenes whenever a chemical is approved for manufacture or discharge -> Residents who review chemical approvals cut exposure through drinking water. -> Residents who can report and sample find contamination before officials do.,,weak,,,,,"Nathaniel Rich, The New York Times Magazine, January 6, 2016",https://www.nytimes.com/2016/01/10/magazine/the-lawyer-who-became-duponts-worst-nightmare.html,"A West Virginia farmer's videotapes of his dying cattle started the lawsuit that pried DuPont's own chemical studies loose. Wilbur Tennant, a cattle farmer downstream of a DuPont landfill, brought videotapes and photographs of his sick and dying cows to a lawyer. The lawyer later “stumbled upon a letter DuPont had sent to the E.P.A. that mentioned a substance at the landfill with a cryptic name: PFOA”, and in the fall of 2000 a court order forced DuPont to hand over “thousands of unorganized documents ... private internal correspondence, medical and health reports and confidential studies conducted by DuPont scientists”. This is a factual account of one case, from journalism.",stumbled upon a letter DuPont had sent to the E.P.A. that mentioned a substance at the landfill with a cryptic name: PFOA,,#/case/genx-pfas/spine/pr/1/cl/0/ev/3
GenX Contamination in the Cape Fear River,Proposal claim evidence,,,A body of affected residents convenes whenever a chemical is approved for manufacture or discharge -> Residents who review chemical approvals cut exposure through drinking water. -> Residents who can report and sample find contamination before officials do.,,weak,,,,,"Haider, Indiana Law Review 57(1)",https://mckinneylaw.iu.edu/practice/law-reviews/ilr/pdf/vol57p199.pdf,"A West Virginia farmer's videotapes of his dying cattle started the lawsuit that pried DuPont's own chemical studies loose. Wilbur Tennant, a cattle farmer downstream of a DuPont landfill, brought videotapes and photographs of his sick and dying cows to a lawyer. The lawyer later “stumbled upon a letter DuPont had sent to the E.P.A. that mentioned a substance at the landfill with a cryptic name: PFOA”, and in the fall of 2000 a court order forced DuPont to hand over “thousands of unorganized documents ... private internal correspondence, medical and health reports and confidential studies conducted by DuPont scientists”. This is a factual account of one case, from journalism.",stumbled upon a letter DuPont had sent to the E.P.A. that mentioned a substance at the landfill with a cryptic name: PFOA,,#/case/genx-pfas/spine/pr/1/cl/0/ev/3
GenX Contamination in the Cape Fear River,Proposal claim counter-evidence,,,A body of affected residents convenes whenever a chemical is approved for manufacture or discharge -> Residents who review chemical approvals cut exposure through drinking water. -> Residents who can report and sample find contamination before officials do.,,moderate,,,,,"Goodman, Naiman, Goodman and LaKind 2012, Critical Reviews in Toxicology",https://doi.org/10.3109/10408444.2012.675315,"Investigations of reported cancer clusters almost never find an environmental cause. A review of state and federal cancer cluster investigations reports: “We reviewed 428 investigations evaluating 567 cancers of concern. An increase in incidence was confirmed for 72 (13%) cancer categories ... Three of those were linked (with variable degree of certainty) to hypothesized exposures, but only one investigation revealed a clear cause.” An earlier account of the federal series found the same pattern across 108 clusters the agency investigated: “no clear cause was found for any cluster”.",We reviewed 428 investigations evaluating 567 cancers of concern. An increase in incidence was confirmed for 72 (13%) cancer categories,,#/case/genx-pfas/spine/pr/1/cl/0/cev/0
GenX Contamination in the Cape Fear River,Proposal claim counter-evidence,,,A body of affected residents convenes whenever a chemical is approved for manufacture or discharge -> Residents who review chemical approvals cut exposure through drinking water. -> Residents who can report and sample find contamination before officials do.,,moderate,,,,,"Caldwell 1990, American Journal of Epidemiology",https://doi.org/10.1093/oxfordjournals.aje.a115787,"Investigations of reported cancer clusters almost never find an environmental cause. A review of state and federal cancer cluster investigations reports: “We reviewed 428 investigations evaluating 567 cancers of concern. An increase in incidence was confirmed for 72 (13%) cancer categories ... Three of those were linked (with variable degree of certainty) to hypothesized exposures, but only one investigation revealed a clear cause.” An earlier account of the federal series found the same pattern across 108 clusters the agency investigated: “no clear cause was found for any cluster”.",We reviewed 428 investigations evaluating 567 cancers of concern. An increase in incidence was confirmed for 72 (13%) cancer categories,,#/case/genx-pfas/spine/pr/1/cl/0/cev/0
GenX Contamination in the Cape Fear River,Proposal claim counter-evidence,,,A body of affected residents convenes whenever a chemical is approved for manufacture or discharge -> Residents who review chemical approvals cut exposure through drinking water. -> Residents who can report and sample find contamination before officials do.,,moderate,,,,,"Strynar et al. 2015, Environmental Science and Technology",https://pubs.acs.org/doi/10.1021/acs.est.5b01215,"Finding GenX took a nontargeted laboratory screen of river water, not anything a resident could notice. Federal chemists found the Cape Fear fluoroethers by running nontargeted high-resolution mass spectrometry on river samples: “we detected 12 novel perfluoroalkyl ether carboxylic and sulfonic acids in surface water in North Carolina, USA using this approach”. That is the limit of the reporting path in this proposal. Nothing about the discharge was available to ordinary observation, and no resident report figures in the published account.","We detected 12 novel perfluoroalkyl ether carboxylic and sulfonic acids in surface water in North Carolina, USA using this approach.",,#/case/genx-pfas/spine/pr/1/cl/0/cev/1
GenX Contamination in the Cape Fear River,Proposal case study,,,A body of affected residents convenes whenever a chemical is approved for manufacture or discharge -> Residents who review chemical approvals cut exposure through drinking water. -> Residents who can report and sample find contamination before officials do.,,moderate,,,1970s-1986,"Woburn, MA","Cutler et al. 1986, Public Health Reports",https://pmc.ncbi.nlm.nih.gov/articles/PMC1477799/,"Woburn Leukemia Cluster (Community observation plus academic partnership): Parents counted the childhood leukemia cases in their neighborhood and forced an investigation. State and federal investigators confirmed a cluster, and a Harvard team working with community volunteers found statistical associations between access to water from the two contaminated wells and childhood leukemia. A later state case-control study counted 21 cases against 5.52 expected and found a dose-response relationship with maternal exposure. The case produced settlements with two companies, a Superfund cleanup in East Woburn, a state cleanup fund, and a state cancer registry.",,,#/case/genx-pfas/spine/pr/1/cl/0/cs/0
GenX Contamination in the Cape Fear River,Proposal case study,,,A body of affected residents convenes whenever a chemical is approved for manufacture or discharge -> Residents who review chemical approvals cut exposure through drinking water. -> Residents who can report and sample find contamination before officials do.,,moderate,,,1970s-1986,"Woburn, MA","Lagakos, Wessen and Zelen 1986, Journal of the American Statistical Association",https://cfpub.epa.gov/si/si_public_record_report.cfm?LAB=ORD&dirEntryID=47569,"Woburn Leukemia Cluster (Community observation plus academic partnership): Parents counted the childhood leukemia cases in their neighborhood and forced an investigation. State and federal investigators confirmed a cluster, and a Harvard team working with community volunteers found statistical associations between access to water from the two contaminated wells and childhood leukemia. A later state case-control study counted 21 cases against 5.52 expected and found a dose-response relationship with maternal exposure. The case produced settlements with two companies, a Superfund cleanup in East Woburn, a state cleanup fund, and a state cancer registry.",,,#/case/genx-pfas/spine/pr/1/cl/0/cs/0
GenX Contamination in the Cape Fear River,Proposal case study,,,A body of affected residents convenes whenever a chemical is approved for manufacture or discharge -> Residents who review chemical approvals cut exposure through drinking water. -> Residents who can report and sample find contamination before officials do.,,moderate,,,1970s-1986,"Woburn, MA","Costas, Knorr and Condon 2002, Science of the Total Environment",https://doi.org/10.1016/s0048-9697(02)00169-9,"Woburn Leukemia Cluster (Community observation plus academic partnership): Parents counted the childhood leukemia cases in their neighborhood and forced an investigation. State and federal investigators confirmed a cluster, and a Harvard team working with community volunteers found statistical associations between access to water from the two contaminated wells and childhood leukemia. A later state case-control study counted 21 cases against 5.52 expected and found a dose-response relationship with maternal exposure. The case produced settlements with two companies, a Superfund cleanup in East Woburn, a state cleanup fund, and a state cancer registry.",,,#/case/genx-pfas/spine/pr/1/cl/0/cs/0
GenX Contamination in the Cape Fear River,Proposal case study,,,A body of affected residents convenes whenever a chemical is approved for manufacture or discharge -> Residents who review chemical approvals cut exposure through drinking water. -> Residents who can report and sample find contamination before officials do.,,moderate,,,1970s-1986,"Woburn, MA","Dan Kennedy, Woburn Files",https://dankennedy.net/woburn-files/a-civil-action-the-real-story/,"Woburn Leukemia Cluster (Community observation plus academic partnership): Parents counted the childhood leukemia cases in their neighborhood and forced an investigation. State and federal investigators confirmed a cluster, and a Harvard team working with community volunteers found statistical associations between access to water from the two contaminated wells and childhood leukemia. A later state case-control study counted 21 cases against 5.52 expected and found a dose-response relationship with maternal exposure. The case produced settlements with two companies, a Superfund cleanup in East Woburn, a state cleanup fund, and a state cancer registry.",,,#/case/genx-pfas/spine/pr/1/cl/0/cs/0
GenX Contamination in the Cape Fear River,Proposal case study,,,A body of affected residents convenes whenever a chemical is approved for manufacture or discharge -> Residents who review chemical approvals cut exposure through drinking water. -> Residents who can report and sample find contamination before officials do.,,moderate,,,2004-2013,"Tonawanda, NY",New York State Department of Environmental Conservation,https://extapps.dec.ny.gov/docs/air_pdf/tonfact1011.pdf,"Tonawanda Bucket Brigade (Resident sampling, then state study, then criminal enforcement): Starting in 2005, residents sampled their own air with homemade bucket kits and found benzene. The state began a year-long community monitoring study in July 2007 and found elevated benzene and formaldehyde. A federal jury convicted the company on eleven Clean Air Act counts and three Resource Conservation and Recovery Act counts, and the court imposed a $12.5 million penalty plus $12.2 million in community service payments. Measured benzene later fell 86 percent at the industrial monitor and 68 percent at the residential monitor, which the state attributes in part to plant changes made in response to inspections and enforcement. The estimated excess lifetime cancer risk at the industrial monitor fell from 75 in one million to 11 in one million.",,,#/case/genx-pfas/spine/pr/1/cl/0/cs/1
GenX Contamination in the Cape Fear River,Proposal case study,,,A body of affected residents convenes whenever a chemical is approved for manufacture or discharge -> Residents who review chemical approvals cut exposure through drinking water. -> Residents who can report and sample find contamination before officials do.,,moderate,,,2004-2013,"Tonawanda, NY",US Department of Justice,https://web.archive.org/web/20210118152454/https://www.justice.gov/opa/pr/tonawanda-coke-and-manager-sentenced-violating-clean-air-act-and-resource-conservation-and,"Tonawanda Bucket Brigade (Resident sampling, then state study, then criminal enforcement): Starting in 2005, residents sampled their own air with homemade bucket kits and found benzene. The state began a year-long community monitoring study in July 2007 and found elevated benzene and formaldehyde. A federal jury convicted the company on eleven Clean Air Act counts and three Resource Conservation and Recovery Act counts, and the court imposed a $12.5 million penalty plus $12.2 million in community service payments. Measured benzene later fell 86 percent at the industrial monitor and 68 percent at the residential monitor, which the state attributes in part to plant changes made in response to inspections and enforcement. The estimated excess lifetime cancer risk at the industrial monitor fell from 75 in one million to 11 in one million.",,,#/case/genx-pfas/spine/pr/1/cl/0/cs/1
GenX Contamination in the Cape Fear River,Proposal case study,,,A body of affected residents convenes whenever a chemical is approved for manufacture or discharge -> Residents who review chemical approvals cut exposure through drinking water. -> Residents who can report and sample find contamination before officials do.,,moderate,,,2004-2013,"Tonawanda, NY",Citizen Science Community Resources,https://www.csresources.org/our-history,"Tonawanda Bucket Brigade (Resident sampling, then state study, then criminal enforcement): Starting in 2005, residents sampled their own air with homemade bucket kits and found benzene. The state began a year-long community monitoring study in July 2007 and found elevated benzene and formaldehyde. A federal jury convicted the company on eleven Clean Air Act counts and three Resource Conservation and Recovery Act counts, and the court imposed a $12.5 million penalty plus $12.2 million in community service payments. Measured benzene later fell 86 percent at the industrial monitor and 68 percent at the residential monitor, which the state attributes in part to plant changes made in response to inspections and enforcement. The estimated excess lifetime cancer risk at the industrial monitor fell from 75 in one million to 11 in one million.",,,#/case/genx-pfas/spine/pr/1/cl/0/cs/1
GenX Contamination in the Cape Fear River,Proposal case study,,,A body of affected residents convenes whenever a chemical is approved for manufacture or discharge -> Residents who review chemical approvals cut exposure through drinking water. -> Residents who can report and sample find contamination before officials do.,,moderate,,,2015,"Flint, MI",Flint Water Study,https://flintwaterstudy.org/information-for-flint-residents/results-for-citizen-testing-for-lead-300-kits/,"Flint Resident Water Sampling (Resident-collected samples with Virginia Tech): Residents sampled their own taps and Virginia Tech ran the analysis. Residents returned 84 percent of the kits, 252 of 300, and the 90th percentile came back at 25.2 parts per billion against the 15 parts per billion federal action level, while state regulators were still calling the situation normal. A federal emergency was declared in Flint on January 16, 2016.",,,#/case/genx-pfas/spine/pr/1/cl/0/cs/2
GenX Contamination in the Cape Fear River,Proposal case study,,,A body of affected residents convenes whenever a chemical is approved for manufacture or discharge -> Residents who review chemical approvals cut exposure through drinking water. -> Residents who can report and sample find contamination before officials do.,,moderate,,,2015,"Flint, MI","Mantha et al. 2020, Water Research X",https://doi.org/10.1016/j.wroa.2020.100047,"Flint Resident Water Sampling (Resident-collected samples with Virginia Tech): Residents sampled their own taps and Virginia Tech ran the analysis. Residents returned 84 percent of the kits, 252 of 300, and the 90th percentile came back at 25.2 parts per billion against the 15 parts per billion federal action level, while state regulators were still calling the situation normal. A federal emergency was declared in Flint on January 16, 2016.",,,#/case/genx-pfas/spine/pr/1/cl/0/cs/2
GenX Contamination in the Cape Fear River,Proposal claim,,,"A body of affected residents convenes whenever a chemical is approved for manufacture or discharge -> Residents who review chemical approvals cut exposure through drinking water. -> Notice at approval gives the public knowledge from day one, and people act on what they know.",,,,,,,,,"Notice at approval gives the public knowledge from day one, and people act on what they know.",,,#/case/genx-pfas/spine/pr/1/cl/1
GenX Contamination in the Cape Fear River,Proposal claim evidence,,,"A body of affected residents convenes whenever a chemical is approved for manufacture or discharge -> Residents who review chemical approvals cut exposure through drinking water. -> Notice at approval gives the public knowledge from day one, and people act on what they know.",,moderate,,,,,US Environmental Protection Agency,https://www.epa.gov/dwreginfo/public-notification-rule,"Water suppliers already must notify the public within 24 hours of the most serious violations. The machinery exists for regulated contaminants. Under the drinking water public notification rule, “any time a situation occurs where there is the potential for human health to be immediately impacted, water suppliers have 24 hours to notify people who may drink the water”.","Any time a situation occurs where there is the potential for human health to be immediately impacted, water suppliers have 24 hours to notify people who may drink the water.",,#/case/genx-pfas/spine/pr/1/cl/1/ev/0
GenX Contamination in the Cape Fear River,Proposal claim evidence,,,"A body of affected residents convenes whenever a chemical is approved for manufacture or discharge -> Residents who review chemical approvals cut exposure through drinking water. -> Notice at approval gives the public knowledge from day one, and people act on what they know.",,strong,,,,,"Graff Zivin, Neidell and Schlenker 2011, American Economic Review",https://www.aeaweb.org/articles?id=10.1257/aer.101.3.448,"Water violations raised bottled water sales, and plant openings cut nearby home values. Drinking water violations raise bottled water sales: “we find an increase in bottled water sales of 22 percent from violations due to microorganisms and 17 percent from violations due to elements and chemicals”. Separately, industrial “plant openings lead to 11 percent declines in housing values within 0.5 mile”. Both show people acting on contamination risks once they know about them.",we find an increase in bottled water sales of 22 percent from violations due to microorganisms and 17 percent from violations due to elements and chemicals,,#/case/genx-pfas/spine/pr/1/cl/1/ev/1
GenX Contamination in the Cape Fear River,Proposal claim evidence,,,"A body of affected residents convenes whenever a chemical is approved for manufacture or discharge -> Residents who review chemical approvals cut exposure through drinking water. -> Notice at approval gives the public knowledge from day one, and people act on what they know.",,strong,,,,,"Currie, Davis, Greenstone and Walker 2015, American Economic Review",https://www.aeaweb.org/articles?id=10.1257%2Faer.20121656,"Water violations raised bottled water sales, and plant openings cut nearby home values. Drinking water violations raise bottled water sales: “we find an increase in bottled water sales of 22 percent from violations due to microorganisms and 17 percent from violations due to elements and chemicals”. Separately, industrial “plant openings lead to 11 percent declines in housing values within 0.5 mile”. Both show people acting on contamination risks once they know about them.",we find an increase in bottled water sales of 22 percent from violations due to microorganisms and 17 percent from violations due to elements and chemicals,,#/case/genx-pfas/spine/pr/1/cl/1/ev/1
GenX Contamination in the Cape Fear River,Proposal claim counter-evidence,,,"A body of affected residents convenes whenever a chemical is approved for manufacture or discharge -> Residents who review chemical approvals cut exposure through drinking water. -> Notice at approval gives the public knowledge from day one, and people act on what they know.",,moderate,,,,,US Environmental Protection Agency,https://www.epa.gov/dwreginfo/public-notification-rule,"The notice duty is triggered by violating a drinking water rule, and GenX was not covered by one. The public notification requirement attaches to systems that “violate EPA or state drinking water regulations (including monitoring requirements)”. GenX had no drinking water standard to violate, so nothing triggered a notice.",violate EPA or state drinking water regulations (including monitoring requirements),"Whether any jurisdiction attaches public notice to a chemicals consent order was not established. Treat that as an open question, not a finding.",#/case/genx-pfas/spine/pr/1/cl/1/cev/0
GenX Contamination in the Cape Fear River,Proposal claim counter-evidence,,,"A body of affected residents convenes whenever a chemical is approved for manufacture or discharge -> Residents who review chemical approvals cut exposure through drinking water. -> Notice at approval gives the public knowledge from day one, and people act on what they know.",,moderate,,,,,"Graff Zivin, Neidell and Schlenker 2011, American Economic Review",https://www.aeaweb.org/articles?id=10.1257/aer.101.3.448,"Avoiding contaminated water costs households money, and it is a poor substitute for stopping the discharge. Bottled water bought in response to drinking water violations cost roughly $60 million nationwide in 2005, which the authors call “a significant understatement of the total willingness to pay to eliminate violations”. Avoidance is what people can do on their own. It does not reach everyone, and it does not remove the contaminant.","Back-of-the envelope calculations yield costs of avoidance behavior at roughly $60 million for all nationwide violations in 2005, which likely reflects a significant understatement of the total willingness to pay to eliminate violations.",,#/case/genx-pfas/spine/pr/1/cl/1/cev/1
GenX Contamination in the Cape Fear River,Proposal claim counter-evidence,,,"A body of affected residents convenes whenever a chemical is approved for manufacture or discharge -> Residents who review chemical approvals cut exposure through drinking water. -> Notice at approval gives the public knowledge from day one, and people act on what they know.",,moderate,,,,,"Vedachalam, Spotte-Smith and Riha 2016, Water Research",https://doi.org/10.1016/j.watres.2016.02.014,"Even a clear warning to boil water reaches only about two thirds of the people it needs to. Across eleven studies of how the public responds to boil water advisories, “reported rates of compliance were generally high, but when rate of awareness and non-compliant behavior such as brushing teeth were factored in, the median effective compliance rate was found to be around 68 percent”, which the authors call an overestimate. Notice is necessary, and by itself it does not produce protective behavior.","Reported rates of compliance were generally high, but when rate of awareness and non-compliant behavior such as brushing teeth were factored in, the median effective compliance rate was found to be around 68 percent.",,#/case/genx-pfas/spine/pr/1/cl/1/cev/2
GenX Contamination in the Cape Fear River,Proposal claim,,,A body of affected residents convenes whenever a chemical is approved for manufacture or discharge -> Residents who review chemical approvals cut exposure through drinking water. -> Disclosure pressure cuts discharges before enforcement arrives.,,,,,,,,,Disclosure pressure cuts discharges before enforcement arrives.,,,#/case/genx-pfas/spine/pr/1/cl/2
GenX Contamination in the Cape Fear River,Proposal claim evidence,,,A body of affected residents convenes whenever a chemical is approved for manufacture or discharge -> Residents who review chemical approvals cut exposure through drinking water. -> Disclosure pressure cuts discharges before enforcement arrives.,,strong,,,,,"Bennear and Olmstead 2008, Journal of Environmental Economics and Management",https://doi.org/10.1016/j.jeem.2008.03.002,"Utilities required to mail water quality reports to customers cut their violations. When federal law required larger utilities to mail annual water quality reports directly to customers, those utilities “reduced total violations by between 30% and 44% as a result of this policy, and reduced the more severe health violations by 40-57%”. The size threshold that decided which utilities had to mail reports provides the comparison group.","Results suggest that larger utilities required to mail CCRs directly to customers reduced total violations by between 30% and 44% as a result of this policy, and reduced the more severe health violations by 40-57%.",,#/case/genx-pfas/spine/pr/1/cl/2/ev/0
GenX Contamination in the Cape Fear River,Proposal claim counter-evidence,,,A body of affected residents convenes whenever a chemical is approved for manufacture or discharge -> Residents who review chemical approvals cut exposure through drinking water. -> Disclosure pressure cuts discharges before enforcement arrives.,,moderate,,,,,"North Carolina Department of Environmental Quality, November 16, 2017",https://files.nc.gov/ncdeq/GenX/Letter%20November%2011-16-17.pdf,"The permit file named no chemical that a disclosure rule or a commenter could act on. The state found “no evidence in the permit file indicating that Chemours or DuPont (Chemours' predecessor) disclosed the discharge to surface water of GenX compounds at the Fayetteville Works”, and that the renewal applications “contain no reference to 'GenX' or to any chemical name, formula, or CAS number that would identify any GenX compounds in the discharge”. Separately, PFAS were not reportable to the Toxics Release Inventory until Congress added them in the fiscal 2020 defense authorization.",We have found no evidence in the permit file indicating that Chemours or DuPont (Chemours' predecessor) disclosed the discharge to surface water of GenX compounds at the Fayetteville Works.,,#/case/genx-pfas/spine/pr/1/cl/2/cev/0
GenX Contamination in the Cape Fear River,Proposal claim counter-evidence,,,A body of affected residents convenes whenever a chemical is approved for manufacture or discharge -> Residents who review chemical approvals cut exposure through drinking water. -> Disclosure pressure cuts discharges before enforcement arrives.,,moderate,,,,,"US Environmental Protection Agency, addition of certain PFAS to the Toxics Release Inventory",https://www.epa.gov/toxics-release-inventory-tri-program/addition-certain-pfas-tri-national-defense-authorization-act,"The permit file named no chemical that a disclosure rule or a commenter could act on. The state found “no evidence in the permit file indicating that Chemours or DuPont (Chemours' predecessor) disclosed the discharge to surface water of GenX compounds at the Fayetteville Works”, and that the renewal applications “contain no reference to 'GenX' or to any chemical name, formula, or CAS number that would identify any GenX compounds in the discharge”. Separately, PFAS were not reportable to the Toxics Release Inventory until Congress added them in the fiscal 2020 defense authorization.",We have found no evidence in the permit file indicating that Chemours or DuPont (Chemours' predecessor) disclosed the discharge to surface water of GenX compounds at the Fayetteville Works.,,#/case/genx-pfas/spine/pr/1/cl/2/cev/0
GenX Contamination in the Cape Fear River,Proposal claim counter-evidence,,,A body of affected residents convenes whenever a chemical is approved for manufacture or discharge -> Residents who review chemical approvals cut exposure through drinking water. -> Disclosure pressure cuts discharges before enforcement arrives.,,moderate,,,,,"de Marchi and Hamilton 2006, Journal of Risk and Uncertainty",https://ideas.repec.org/a/kap/jrisku/v32y2006i1p57-76.html,"Companies' own reported emissions cuts are not always matched by what monitors measure. Comparing air emissions reported under the Toxics Release Inventory with concentrations measured by federal monitors, the authors “find that the large drops in air emissions reported by firms in the TRI are not always matched by similar reductions in measured concentrations from EPA monitors”, and the reported figures for two chemicals failed a statistical test of authenticity. A disclosure regime built on self-reported numbers can overstate the real reduction.",We find that the large drops in air emissions reported by firms in the TRI are not always matched by similar reductions in measured concentrations from EPA monitors.,,#/case/genx-pfas/spine/pr/1/cl/2/cev/1
GenX Contamination in the Cape Fear River,Proposal case study,,,A body of affected residents convenes whenever a chemical is approved for manufacture or discharge -> Residents who review chemical approvals cut exposure through drinking water. -> Disclosure pressure cuts discharges before enforcement arrives.,,moderate,,,1986-present,United States,US Environmental Protection Agency,https://www.epa.gov/sites/default/files/2015-09/documents/teitelbaum.pdf,"Toxics Release Inventory (Mandatory annual public disclosure of listed releases): Under the Toxics Release Inventory's mandatory annual public disclosure, facilities' reported on-site air releases fell 52 percent, or 838 million pounds, from 2003 to 2013, and total reported releases fell 21 percent compared with 2014, with a 32 percent decline in air emissions. The agency attributes much of the air decline to electric utilities switching away from coal and installing controls, so this is a record of what disclosure made visible rather than a measure of what disclosure caused. Facilities report the quantities themselves.",,,#/case/genx-pfas/spine/pr/1/cl/2/cs/0
GenX Contamination in the Cape Fear River,Proposal case study,,,A body of affected residents convenes whenever a chemical is approved for manufacture or discharge -> Residents who review chemical approvals cut exposure through drinking water. -> Disclosure pressure cuts discharges before enforcement arrives.,,moderate,,,1986-present,United States,"US Environmental Protection Agency, TRI national analysis",https://www.epa.gov/trinationalanalysis/releases-chemicals,"Toxics Release Inventory (Mandatory annual public disclosure of listed releases): Under the Toxics Release Inventory's mandatory annual public disclosure, facilities' reported on-site air releases fell 52 percent, or 838 million pounds, from 2003 to 2013, and total reported releases fell 21 percent compared with 2014, with a 32 percent decline in air emissions. The agency attributes much of the air decline to electric utilities switching away from coal and installing controls, so this is a record of what disclosure made visible rather than a measure of what disclosure caused. Facilities report the quantities themselves.",,,#/case/genx-pfas/spine/pr/1/cl/2/cs/0
GenX Contamination in the Cape Fear River,Proposal case study,,,A body of affected residents convenes whenever a chemical is approved for manufacture or discharge -> Residents who review chemical approvals cut exposure through drinking water. -> Disclosure pressure cuts discharges before enforcement arrives.,,weak,,,1990-2016,Massachusetts,Toxics Use Reduction Institute,https://www.turi.org/wp-content/uploads/2024/03/TURAOverview.June2018.pdf,"Massachusetts Toxics Use Reduction Act (Mandatory use reporting and planning): Under mandatory use reporting and planning, Massachusetts firms cut toxic chemical use 66 percent, byproduct 72 percent, and on-site releases 92 percent, on the state institute's own preliminary analysis. The figures are program totals, reported by the firms, with nothing to compare them against.",,,#/case/genx-pfas/spine/pr/1/cl/2/cs/1
GenX Contamination in the Cape Fear River,Proposal case study,,,A body of affected residents convenes whenever a chemical is approved for manufacture or discharge -> Residents who review chemical approvals cut exposure through drinking water. -> Disclosure pressure cuts discharges before enforcement arrives.,,weak,,,2011 survey,European Union,"Grunwald and Hennig 2014, Journal of Business Chemistry",https://www.businesschemistry.org/article/impacts-of-the-reach-candidate-list-of-substances-subject-to-authorisation-the-reputation-mechanism-and-empirical-results-on-behavioral-adaptations-of-german-supply-chain-actors/,"REACH Candidate List Substitution (Listing-triggered disclosure regime): After the European Union's chemicals regulation put substances of very high concern on a public candidate list, 61 percent of the German downstream users answering a European Commission survey said the listing led them to decide to replace the substance with a less hazardous one. It is a one-off self-report, and a decision to replace is not a completed substitution.",,,#/case/genx-pfas/spine/pr/1/cl/2/cs/2
GenX Contamination in the Cape Fear River,Proposal claim,,,A body of affected residents convenes whenever a chemical is approved for manufacture or discharge -> Residents who review chemical approvals cut exposure through drinking water. -> Public seats in the review produce monitoring commitments and get them verified.,,,,,,,,,Public seats in the review produce monitoring commitments and get them verified.,,,#/case/genx-pfas/spine/pr/1/cl/3
GenX Contamination in the Cape Fear River,Proposal claim evidence,,,A body of affected residents convenes whenever a chemical is approved for manufacture or discharge -> Residents who review chemical approvals cut exposure through drinking water. -> Public seats in the review produce monitoring commitments and get them verified.,,moderate,,,,,"Colmer, Evans and Shimshack, Journal of Political Economy Microeconomics",https://doi.org/10.1086/740210,"Citizen complaints in Texas triggered inspections that found more and worse violations than routine checks. Across more than 130,000 environmental citizen complaints in Texas, “complaints are associated with sharp increases in regulator monitoring and enforcement. Complaints uncover more, and more severe violations, than more standard monitoring approaches.” Investigations triggered by complaints were two to four times more likely to find a violation. The same work finds complaints draw inspections away from other facilities, and no effect on overall compliance in the county.","Complaints are associated with sharp increases in regulator monitoring and enforcement. Complaints uncover more, and more severe violations, than more standard monitoring approaches.",,#/case/genx-pfas/spine/pr/1/cl/3/ev/0
GenX Contamination in the Cape Fear River,Proposal claim evidence,,,A body of affected residents convenes whenever a chemical is approved for manufacture or discharge -> Residents who review chemical approvals cut exposure through drinking water. -> Public seats in the review produce monitoring commitments and get them verified.,,moderate,,,,,"Murdock and Sexton 2002, Environmental Science and Technology",https://doi.org/10.1021/es011272k,"Three of five negotiations between community groups and nearby plants produced agreements, and the ones that worked shared the same conditions. Five community-initiated negotiations with Minnesota manufacturers were examined: “three community-company partnerships (a container plant, a foundry, and a cabinet manufacturer) were successful and two (a munitions plant and a petroleum refinery) were not”. The successes shared a company willing to negotiate, an internal champion, an independent facilitator, and independent technical assistance for the community participants. Nothing here measures emissions.","Three community-company partnerships (a container plant, a foundry, and a cabinet manufacturer) were successful and two (a munitions plant and a petroleum refinery) were not.",,#/case/genx-pfas/spine/pr/1/cl/3/ev/1
GenX Contamination in the Cape Fear River,Proposal claim evidence,,,A body of affected residents convenes whenever a chemical is approved for manufacture or discharge -> Residents who review chemical approvals cut exposure through drinking water. -> Public seats in the review produce monitoring commitments and get them verified.,,weak,,,,,"Kenney et al. 2004, Natural Resources Law Center",https://scholar.law.colorado.edu/cgi/viewcontent.cgi?httpsredir=1&article=1018&context=books_reports_studies,"Community groups that negotiated agreements with nearby polluters rated most of them as working. A study of eleven negotiated Good Neighbor Agreements, commissioned by a community group that had signed one of them, concluded that “the GNAs studied are generally quite effective”. The ratings come from the participants themselves, and the report cautions that “signed and apparently legally-binding agreements do not ensure successful implementation”, with implementation in at least one case achieved only under constant community pressure.","The case studies strongly suggest that when used in appropriate circumstances, the GNA approach can be (and often is) an effective and appropriate approach for a community group to address environmentally-oriented company-community conflicts.",,#/case/genx-pfas/spine/pr/1/cl/3/ev/2
GenX Contamination in the Cape Fear River,Proposal claim counter-evidence,,,A body of affected residents convenes whenever a chemical is approved for manufacture or discharge -> Residents who review chemical approvals cut exposure through drinking water. -> Public seats in the review produce monitoring commitments and get them verified.,,strong,,,,,"EPA Office of Inspector General, 20-E-0177",https://www.epa.gov/sites/default/files/2020-05/documents/_epaoig_20200528-20-e-0177_0.pdf,"Nobody inspected the plant for eight years, and the first visit came three weeks after the newspaper story. Until June 2017 the agency's verification of the 2009 order “consisted of tracking and reviewing information provided by Chemours”, and the order “was not reviewed or approved by the Office of Enforcement and Compliance Assurance, which is responsible for conducting inspections to verify compliance”. After the local coverage, headquarters asked the region to inspect, and inspectors went on site June 28 and 29, 2017, having been “unaware of the 2009 Consent Order and its requirements until the inspection was requested”.","Until June 2017, the EPA's actions to verify compliance with the 2009 Consent Order and new chemicals testing requirements consisted of tracking and reviewing information provided by Chemours.",,#/case/genx-pfas/spine/pr/1/cl/3/cev/0
GenX Contamination in the Cape Fear River,Proposal claim counter-evidence,,,A body of affected residents convenes whenever a chemical is approved for manufacture or discharge -> Residents who review chemical approvals cut exposure through drinking water. -> Public seats in the review produce monitoring commitments and get them verified.,,moderate,,,,,"Lynn, Busenberg, Cohen and Chess 2000, Environmental Science and Technology",https://doi.org/10.1021/es9906599,"Industry-sponsored community panels build trust but rarely change what the plant emits. A national survey of members and company representatives at chemical industry community advisory panels found: “The survey suggests that CAPs alert companies to community concerns and promote trust between members and sponsoring companies. CAPs are less effective in stimulating changes in environmental performance and, like many citizen advisory groups, have difficulties serving as systematic links back to the community.” Environmental, community, and health professionals were underrepresented on the panels. The survey reports what participants perceive, not measured emissions.","CAPs are less effective in stimulating changes in environmental performance and, like many citizen advisory groups, have difficulties serving as systematic links back to the community.",,#/case/genx-pfas/spine/pr/1/cl/3/cev/1
GenX Contamination in the Cape Fear River,Proposal claim,,,A body of affected residents convenes whenever a chemical is approved for manufacture or discharge -> Residents who review chemical approvals cut exposure through drinking water. -> Earlier detection and verified compliance shorten the exposure window.,,,,,,,,,Earlier detection and verified compliance shorten the exposure window.,,,#/case/genx-pfas/spine/pr/1/cl/4
GenX Contamination in the Cape Fear River,Proposal claim evidence,,,A body of affected residents convenes whenever a chemical is approved for manufacture or discharge -> Residents who review chemical approvals cut exposure through drinking water. -> Earlier detection and verified compliance shorten the exposure window.,,moderate,,,,,WRAL timeline,https://www.wral.com/story/timeline-tracking-the-route-of-genx-in-the-cape-fear-river/16869639/,"The state opened an investigation within a week of the story, and residents' blood levels of the plant's compounds fell after the discharge stopped. The newspaper series began June 8, 2017, and state agencies began investigating June 14. In blood samples taken six months apart from residents, “the median decrease in fluoroether levels ranged from 34% for Nafion byproduct 2 to 65% for PFO4DA in 6 months due to wastewater discharge control”. GenX itself was not detected in blood above the method's reporting limit. The repeated samples come from 44 of the 344 enrolled participants, with no control group.",the median decrease in fluoroether levels ranged from 34% for Nafion byproduct 2 to 65% for PFO4DA in 6 months due to wastewater discharge control,,#/case/genx-pfas/spine/pr/1/cl/4/ev/0
GenX Contamination in the Cape Fear River,Proposal claim evidence,,,A body of affected residents convenes whenever a chemical is approved for manufacture or discharge -> Residents who review chemical approvals cut exposure through drinking water. -> Earlier detection and verified compliance shorten the exposure window.,,moderate,,,,,"Kotlarz et al. 2020, Environmental Health Perspectives",https://doi.org/10.1289/EHP6837,"The state opened an investigation within a week of the story, and residents' blood levels of the plant's compounds fell after the discharge stopped. The newspaper series began June 8, 2017, and state agencies began investigating June 14. In blood samples taken six months apart from residents, “the median decrease in fluoroether levels ranged from 34% for Nafion byproduct 2 to 65% for PFO4DA in 6 months due to wastewater discharge control”. GenX itself was not detected in blood above the method's reporting limit. The repeated samples come from 44 of the 344 enrolled participants, with no control group.",the median decrease in fluoroether levels ranged from 34% for Nafion byproduct 2 to 65% for PFO4DA in 6 months due to wastewater discharge control,,#/case/genx-pfas/spine/pr/1/cl/4/ev/0
GenX Contamination in the Cape Fear River,Proposal claim evidence,,,A body of affected residents convenes whenever a chemical is approved for manufacture or discharge -> Residents who review chemical approvals cut exposure through drinking water. -> Earlier detection and verified compliance shorten the exposure window.,,moderate,,,,,WUNC,https://www.wunc.org/politics/2025-05-09/chemours-pay-pfas-removal-nc-house-bill,"Two utilities spent more than $240 million on filtration after the discharge came to light. “Brunswick County has spent $158.7 million to build a reverse osmosis water treatment plant and the Wilmington-area Cape Fear Public Utility Authority has spent $82.8 million building and maintaining eight granular activated carbon filters”, with continuing costs as the filter media are replaced. These are the measured costs of removing the contamination downstream, not an estimate of what earlier notice would have saved.",Brunswick County has spent $158.7 million to build a reverse osmosis water treatment plant and the Wilmington-area Cape Fear Public Utility Authority has spent $82.8 million building and maintaining eight granular activated carbon filters.,,#/case/genx-pfas/spine/pr/1/cl/4/ev/1
GenX Contamination in the Cape Fear River,Proposal claim counter-evidence,,,A body of affected residents convenes whenever a chemical is approved for manufacture or discharge -> Residents who review chemical approvals cut exposure through drinking water. -> Earlier detection and verified compliance shorten the exposure window.,,moderate,,,,,Coastal Review,https://coastalreview.org/2022/06/vaughn-hagerty-the-reporter-who-broke-the-genx-story/,"Agencies and researchers knew before the public did, and nothing moved until a reporter published. State regulators were told about a forthcoming federal study identifying a new perfluorinated compound in the river in June 2015, and a published university study was emailed to state officials in November 2016. The state investigation opened in June 2017, six days after a freelance reporter's series began. He found the data “entirely by chance” while browsing federal monitoring results.",entirely by chance,,#/case/genx-pfas/spine/pr/1/cl/4/cev/0
GenX Contamination in the Cape Fear River,Proposal claim counter-evidence,,,A body of affected residents convenes whenever a chemical is approved for manufacture or discharge -> Residents who review chemical approvals cut exposure through drinking water. -> Earlier detection and verified compliance shorten the exposure window.,,moderate,,,,,WRAL timeline,https://www.wral.com/story/timeline-tracking-the-route-of-genx-in-the-cape-fear-river/16869639/,"Agencies and researchers knew before the public did, and nothing moved until a reporter published. State regulators were told about a forthcoming federal study identifying a new perfluorinated compound in the river in June 2015, and a published university study was emailed to state officials in November 2016. The state investigation opened in June 2017, six days after a freelance reporter's series began. He found the data “entirely by chance” while browsing federal monitoring results.",entirely by chance,,#/case/genx-pfas/spine/pr/1/cl/4/cev/0
GenX Contamination in the Cape Fear River,Proposal claim counter-evidence,,,A body of affected residents convenes whenever a chemical is approved for manufacture or discharge -> Residents who review chemical approvals cut exposure through drinking water. -> Earlier detection and verified compliance shorten the exposure window.,,moderate,,,,,"Pétré et al. 2022, Science of the Total Environment",https://doi.org/10.1016/j.scitotenv.2022.154763,"Stopping the discharge did not stop the contamination reaching the river. Sampling upstream and downstream of the plant from 2018 to 2021 found that “despite the cessation of PFAS process wastewater discharge from the plant in November 2017, and the phase-out of perfluorooctane sulfonic acid (PFOS) and perfluorooctanoic acid (PFOA) in North America, both fluoroethers and legacy PFAS continue to reach the river in significant quantities, reflecting groundwater discharge to the river and other continuing inputs”. Earlier detection shortens the discharge window, not the contamination.","both fluoroethers and legacy PFAS continue to reach the river in significant quantities, reflecting groundwater discharge to the river and other continuing inputs",,#/case/genx-pfas/spine/pr/1/cl/4/cev/1
GenX Contamination in the Cape Fear River,Proposed intervention (spine),,,,,,Citizen Science,,,,,,"Residents are told of any detection in drinking water and direct the follow-up testing: Require a regulator that receives a peer-reviewed detection of a contaminant above a set threshold in drinking water to notify the affected public within weeks, whether or not the substance is yet regulated. Congress writes the duty into the drinking-water or chemicals statute; EPA executes it, with the state agency as the fallback trigger. Within a set number of weeks of notice, affected residents convene. They choose where follow-up sampling happens and hear the agency's response plan, and the agency answers their questions in writing. This proposal differs from the resident body in Proposal 2 by its trigger: a detection in drinking water, not a pending approval. Notice is mandatory, not discretionary. On the Cape Fear, EPA's own researchers detected GenX in August 2012 and the finding stayed inside agencies and journals until a newspaper story in June 2017. A federal trigger on the 2012 detection cuts five years of exposure; a state trigger on the November 2016 quantified paper still cuts about seven months. Notice would then come from an institution, not from a newsroom. When and where: August 2012, on EPA's own research detection: that converts a five-year silence into weeks. The state fallback is November 2016, on receipt of the quantified paper, which still cuts roughly seven months of exposure and makes the disclosure institutional rather than journalistic. The window choice (five years against seven months, federal against state trigger) is flagged for review. This proposal has the tightest fit of the five to the case's central finding, because it targets the exact link that failed. (Congress writing the duty into the drinking water or chemicals statute; EPA executing; NC DEQ for the state-scale fallback)",,,#/case/genx-pfas/spine/pr/2
GenX Contamination in the Cape Fear River,Proposal outcome,,,"Residents are told of any detection in drinking water and direct the follow-up testing -> Residents told of a detection, and given a role in the response, cut years of exposure through drinking water.",,,,Residents drank water contaminated with GenX,,,,,"Residents told of a detection, and given a role in the response, cut years of exposure through drinking water.",,,#/case/genx-pfas/spine/pr/2/out
GenX Contamination in the Cape Fear River,Proposal claim,,,"Residents are told of any detection in drinking water and direct the follow-up testing -> Residents told of a detection, and given a role in the response, cut years of exposure through drinking water. -> A statutory trigger turns a regulator's detection into public notice.",,,,,,,,,A statutory trigger turns a regulator's detection into public notice.,,,#/case/genx-pfas/spine/pr/2/cl/0
GenX Contamination in the Cape Fear River,Proposal claim counter-evidence,,,"Residents are told of any detection in drinking water and direct the follow-up testing -> Residents told of a detection, and given a role in the response, cut years of exposure through drinking water. -> A statutory trigger turns a regulator's detection into public notice.",,moderate,,,,,40 CFR 141.207,https://www.govinfo.gov/link/cfr/40/141?sectionnum=207&year=mostrecent&link-type=xml,"Laws that do require notice of unregulated contaminants let it wait a year, go only to officials, or be skipped by shutting the well. Federal rules require water systems to tell customers only that unregulated monitoring results are available, and to do so “no later than 12 months after the monitoring results are known”. California requires notice within 30 days of a detection above its advisory levels, but at the lower level the notice goes to local governing bodies. For PFAS above its response levels, a utility may “take a water source where detected levels exceed the response level out of use or provide public notification within 30 days of the confirmed detection”. None of these three provisions triggers on a research finding reaching a regulator.","The owner or operator of a community water system or non-transient, non-community water system required to monitor under § 141.40 must notify persons served by the system of the availability of the results of such sampling no later than 12 months after the monitoring results are known.","A record of what three provisions require, not of their effect. No fifty-state survey was done, so these are examples rather than the whole picture.",#/case/genx-pfas/spine/pr/2/cl/0/cev/0
GenX Contamination in the Cape Fear River,Proposal claim counter-evidence,,,"Residents are told of any detection in drinking water and direct the follow-up testing -> Residents told of a detection, and given a role in the response, cut years of exposure through drinking water. -> A statutory trigger turns a regulator's detection into public notice.",,moderate,,,,,California Health and Safety Code 116455,https://leginfo.legislature.ca.gov/faces/codes_displaySection.xhtml?lawCode=HSC&sectionNum=116455.,"Laws that do require notice of unregulated contaminants let it wait a year, go only to officials, or be skipped by shutting the well. Federal rules require water systems to tell customers only that unregulated monitoring results are available, and to do so “no later than 12 months after the monitoring results are known”. California requires notice within 30 days of a detection above its advisory levels, but at the lower level the notice goes to local governing bodies. For PFAS above its response levels, a utility may “take a water source where detected levels exceed the response level out of use or provide public notification within 30 days of the confirmed detection”. None of these three provisions triggers on a research finding reaching a regulator.","The owner or operator of a community water system or non-transient, non-community water system required to monitor under § 141.40 must notify persons served by the system of the availability of the results of such sampling no later than 12 months after the monitoring results are known.","A record of what three provisions require, not of their effect. No fifty-state survey was done, so these are examples rather than the whole picture.",#/case/genx-pfas/spine/pr/2/cl/0/cev/0
GenX Contamination in the Cape Fear River,Proposal claim counter-evidence,,,"Residents are told of any detection in drinking water and direct the follow-up testing -> Residents told of a detection, and given a role in the response, cut years of exposure through drinking water. -> A statutory trigger turns a regulator's detection into public notice.",,moderate,,,,,California Health and Safety Code 116378,https://leginfo.legislature.ca.gov/faces/codes_displaySection.xhtml?lawCode=HSC&sectionNum=116378.,"Laws that do require notice of unregulated contaminants let it wait a year, go only to officials, or be skipped by shutting the well. Federal rules require water systems to tell customers only that unregulated monitoring results are available, and to do so “no later than 12 months after the monitoring results are known”. California requires notice within 30 days of a detection above its advisory levels, but at the lower level the notice goes to local governing bodies. For PFAS above its response levels, a utility may “take a water source where detected levels exceed the response level out of use or provide public notification within 30 days of the confirmed detection”. None of these three provisions triggers on a research finding reaching a regulator.","The owner or operator of a community water system or non-transient, non-community water system required to monitor under § 141.40 must notify persons served by the system of the availability of the results of such sampling no later than 12 months after the monitoring results are known.","A record of what three provisions require, not of their effect. No fifty-state survey was done, so these are examples rather than the whole picture.",#/case/genx-pfas/spine/pr/2/cl/0/cev/0
GenX Contamination in the Cape Fear River,Proposal case study,,,"Residents are told of any detection in drinking water and direct the follow-up testing -> Residents told of a detection, and given a role in the response, cut years of exposure through drinking water. -> A statutory trigger turns a regulator's detection into public notice.",,moderate,,,Current law,California,California Health and Safety Code 116455,https://leginfo.legislature.ca.gov/faces/codes_displaySection.xhtml?lawCode=HSC&sectionNum=116455.,"California Notice Above Advisory Levels (Enacted; 30-day notice after a confirmed detection above an advisory level): California requires a public water system to act “within 30 days after it is first informed of a confirmed detection of a contaminant found in drinking water ... that is in excess of a maximum contaminant level, a notification level, or a response level established by the department”, where notification levels are health-based advisory levels for contaminants that have no maximum contaminant level. For PFAS above a response level, the system may instead take the source out of use. This is the closest enacted version of the proposal, and it triggers on the utility's own monitoring rather than on a detection reaching a regulator.",,,#/case/genx-pfas/spine/pr/2/cl/0/cs/0
GenX Contamination in the Cape Fear River,Proposal case study,,,"Residents are told of any detection in drinking water and direct the follow-up testing -> Residents told of a detection, and given a role in the response, cut years of exposure through drinking water. -> A statutory trigger turns a regulator's detection into public notice.",,moderate,,,Current law,California,California Health and Safety Code 116378,https://leginfo.legislature.ca.gov/faces/codes_displaySection.xhtml?lawCode=HSC&sectionNum=116378.,"California Notice Above Advisory Levels (Enacted; 30-day notice after a confirmed detection above an advisory level): California requires a public water system to act “within 30 days after it is first informed of a confirmed detection of a contaminant found in drinking water ... that is in excess of a maximum contaminant level, a notification level, or a response level established by the department”, where notification levels are health-based advisory levels for contaminants that have no maximum contaminant level. For PFAS above a response level, the system may instead take the source out of use. This is the closest enacted version of the proposal, and it triggers on the utility's own monitoring rather than on a detection reaching a regulator.",,,#/case/genx-pfas/spine/pr/2/cl/0/cs/0
GenX Contamination in the Cape Fear River,Proposal case study,,,"Residents are told of any detection in drinking water and direct the follow-up testing -> Residents told of a detection, and given a role in the response, cut years of exposure through drinking water. -> A statutory trigger turns a regulator's detection into public notice.",,moderate,,,2000-present,United States,US Environmental Protection Agency,https://www.epa.gov/dwreginfo/public-notification-rule,"Drinking Water Public Notification Rule (Enacted; 24-hour notice for violations, 12-month notice of availability for unregulated results): The federal rule, revised in 2000, gives water systems 24 hours to notify people when a situation could immediately affect health. For unregulated contaminants it requires only a notice that monitoring results are available, no later than 12 months after they are known. This proposal replaces a year-long notice of availability with notice of the detection itself within weeks.",,,#/case/genx-pfas/spine/pr/2/cl/0/cs/1
GenX Contamination in the Cape Fear River,Proposal case study,,,"Residents are told of any detection in drinking water and direct the follow-up testing -> Residents told of a detection, and given a role in the response, cut years of exposure through drinking water. -> A statutory trigger turns a regulator's detection into public notice.",,moderate,,,2000-present,United States,40 CFR 141.207,https://www.govinfo.gov/link/cfr/40/141?sectionnum=207&year=mostrecent&link-type=xml,"Drinking Water Public Notification Rule (Enacted; 24-hour notice for violations, 12-month notice of availability for unregulated results): The federal rule, revised in 2000, gives water systems 24 hours to notify people when a situation could immediately affect health. For unregulated contaminants it requires only a notice that monitoring results are available, no later than 12 months after they are known. This proposal replaces a year-long notice of availability with notice of the detection itself within weeks.",,,#/case/genx-pfas/spine/pr/2/cl/0/cs/1
GenX Contamination in the Cape Fear River,Proposal case study,,,"Residents are told of any detection in drinking water and direct the follow-up testing -> Residents told of a detection, and given a role in the response, cut years of exposure through drinking water. -> A statutory trigger turns a regulator's detection into public notice.",,moderate,,,06/2017,"Wilmington, NC","Wilmington StarNews, June 7, 2017",https://www.starnewsonline.com/story/news/environment/2017/06/07/toxin-taints-cfpua-drinking-water/20684831007/,"The June 2017 Wilmington StarNews Story (Journalism performing the missing function): On June 7, 2017, the Wilmington StarNews reported on its front page that GenX from an upstream plant was in the Cape Fear drinking water. The same day, the local utility asked the state for help. The state opened an investigation on June 14, Chemours announced on June 20 that it would “capture, remove and safely dispose of” wastewater containing GenX instead of releasing it into the river, and by July 14 the state's health goal had fallen from 71,000 to 140 parts per trillion. A newspaper performed the public-notice function. This proposal writes that duty into law so it does not depend on a newsroom. State regulators had also seen the research before the story ran, so the response cannot be credited to the newspaper alone.",,,#/case/genx-pfas/spine/pr/2/cl/0/cs/2
GenX Contamination in the Cape Fear River,Proposal case study,,,"Residents are told of any detection in drinking water and direct the follow-up testing -> Residents told of a detection, and given a role in the response, cut years of exposure through drinking water. -> A statutory trigger turns a regulator's detection into public notice.",,moderate,,,06/2017,"Wilmington, NC","North Carolina Department of Environmental Quality, June 27, 2017",https://www.deq.nc.gov/news/press-releases/2017/06/27/deq-verifies-chemours-has-stopped-discharging-genx-wastewater,"The June 2017 Wilmington StarNews Story (Journalism performing the missing function): On June 7, 2017, the Wilmington StarNews reported on its front page that GenX from an upstream plant was in the Cape Fear drinking water. The same day, the local utility asked the state for help. The state opened an investigation on June 14, Chemours announced on June 20 that it would “capture, remove and safely dispose of” wastewater containing GenX instead of releasing it into the river, and by July 14 the state's health goal had fallen from 71,000 to 140 parts per trillion. A newspaper performed the public-notice function. This proposal writes that duty into law so it does not depend on a newsroom. State regulators had also seen the research before the story ran, so the response cannot be credited to the newspaper alone.",,,#/case/genx-pfas/spine/pr/2/cl/0/cs/2
GenX Contamination in the Cape Fear River,Proposal case study,,,"Residents are told of any detection in drinking water and direct the follow-up testing -> Residents told of a detection, and given a role in the response, cut years of exposure through drinking water. -> A statutory trigger turns a regulator's detection into public notice.",,moderate,,,06/2017,"Wilmington, NC","North Carolina Department of Health and Human Services, GenX",https://epi.dph.ncdhhs.gov/oee/a_z/genx.html,"The June 2017 Wilmington StarNews Story (Journalism performing the missing function): On June 7, 2017, the Wilmington StarNews reported on its front page that GenX from an upstream plant was in the Cape Fear drinking water. The same day, the local utility asked the state for help. The state opened an investigation on June 14, Chemours announced on June 20 that it would “capture, remove and safely dispose of” wastewater containing GenX instead of releasing it into the river, and by July 14 the state's health goal had fallen from 71,000 to 140 parts per trillion. A newspaper performed the public-notice function. This proposal writes that duty into law so it does not depend on a newsroom. State regulators had also seen the research before the story ran, so the response cannot be credited to the newspaper alone.",,,#/case/genx-pfas/spine/pr/2/cl/0/cs/2
GenX Contamination in the Cape Fear River,Proposal case study,,,"Residents are told of any detection in drinking water and direct the follow-up testing -> Residents told of a detection, and given a role in the response, cut years of exposure through drinking water. -> A statutory trigger turns a regulator's detection into public notice.",,moderate,,,06/2017,"Wilmington, NC",WRAL timeline,https://www.wral.com/story/timeline-tracking-the-route-of-genx-in-the-cape-fear-river/16869639/,"The June 2017 Wilmington StarNews Story (Journalism performing the missing function): On June 7, 2017, the Wilmington StarNews reported on its front page that GenX from an upstream plant was in the Cape Fear drinking water. The same day, the local utility asked the state for help. The state opened an investigation on June 14, Chemours announced on June 20 that it would “capture, remove and safely dispose of” wastewater containing GenX instead of releasing it into the river, and by July 14 the state's health goal had fallen from 71,000 to 140 parts per trillion. A newspaper performed the public-notice function. This proposal writes that duty into law so it does not depend on a newsroom. State regulators had also seen the research before the story ran, so the response cannot be credited to the newspaper alone.",,,#/case/genx-pfas/spine/pr/2/cl/0/cs/2
GenX Contamination in the Cape Fear River,Proposal case study,,,"Residents are told of any detection in drinking water and direct the follow-up testing -> Residents told of a detection, and given a role in the response, cut years of exposure through drinking water. -> A statutory trigger turns a regulator's detection into public notice.",,weak,,,2017,"Wilmington, NC",Coastal Review,https://coastalreview.org/2022/06/vaughn-hagerty-the-reporter-who-broke-the-genx-story/,"A Reporter Reading the Federal Monitoring Data (No duty on anyone; the data were public and unread): The Environmental Protection Agency's national data on unregulated contaminants were public, but no one had to tell residents what they showed. A freelance reporter loaded the data “to see what would pop up for the Wilmington area. There were some local hits”, for older PFAS, which led him to the university research on GenX.",,,#/case/genx-pfas/spine/pr/2/cl/0/cs/3
GenX Contamination in the Cape Fear River,Proposal claim,,,"Residents are told of any detection in drinking water and direct the follow-up testing -> Residents told of a detection, and given a role in the response, cut years of exposure through drinking water. -> Once the public knows, agencies issue advisories and open investigations within weeks.",,,,,,,,,"Once the public knows, agencies issue advisories and open investigations within weeks.",,,#/case/genx-pfas/spine/pr/2/cl/1
GenX Contamination in the Cape Fear River,Proposal claim evidence,,,"Residents are told of any detection in drinking water and direct the follow-up testing -> Residents told of a detection, and given a role in the response, cut years of exposure through drinking water. -> Once the public knows, agencies issue advisories and open investigations within weeks.",,moderate,,,,,"Bennear and Olmstead 2008, Journal of Environmental Economics and Management",https://doi.org/10.1016/j.jeem.2008.03.002,"When large water utilities had to mail water quality reports to their customers, they broke drinking water rules less often. Under a federal rule that took effect in the late 1990s, Massachusetts utilities serving 10,000 people or more had to mail annual water quality reports to customers, while smaller utilities only had to make them available on request. These reports are called Consumer Confidence Reports, or CCRs. Comparing the two groups before and after the rule, “mailing CCRs reduced total violations for this group by between 30 and 44 percent, and reduced more serious health violations by 40 to 57 percent”. The study measures how utilities behaved once customers were told, not how fast agencies acted.","Mailing CCRs reduced total violations for this group by between 30 and 44 percent, and reduced more serious health violations by 40 to 57 percent.",,#/case/genx-pfas/spine/pr/2/cl/1/ev/0
GenX Contamination in the Cape Fear River,Proposal claim evidence,,,"Residents are told of any detection in drinking water and direct the follow-up testing -> Residents told of a detection, and given a role in the response, cut years of exposure through drinking water. -> Once the public knows, agencies issue advisories and open investigations within weeks.",,moderate,,,,,"Bennear and Olmstead, Resources",https://www.resources.org/common-resources/information-disclosure-and-drinking-water-quality/,"When large water utilities had to mail water quality reports to their customers, they broke drinking water rules less often. Under a federal rule that took effect in the late 1990s, Massachusetts utilities serving 10,000 people or more had to mail annual water quality reports to customers, while smaller utilities only had to make them available on request. These reports are called Consumer Confidence Reports, or CCRs. Comparing the two groups before and after the rule, “mailing CCRs reduced total violations for this group by between 30 and 44 percent, and reduced more serious health violations by 40 to 57 percent”. The study measures how utilities behaved once customers were told, not how fast agencies acted.","Mailing CCRs reduced total violations for this group by between 30 and 44 percent, and reduced more serious health violations by 40 to 57 percent.",,#/case/genx-pfas/spine/pr/2/cl/1/ev/0
GenX Contamination in the Cape Fear River,Proposal claim evidence,,,"Residents are told of any detection in drinking water and direct the follow-up testing -> Residents told of a detection, and given a role in the response, cut years of exposure through drinking water. -> Once the public knows, agencies issue advisories and open investigations within weeks.",,strong,,,,,"Baker, Bennear and Olmstead 2023, Journal of the Association of Environmental and Resource Economists",https://doi.org/10.1086/722619,"Across the United States, water systems broke health-based drinking water rules less often once they had to disclose violations to customers. Federal law began requiring community water systems to report violations to customers in annual water quality reports. Matching systems and comparing violations before and after the requirement across the country, the authors “find that this information disclosure requirement reduced drinking water violations significantly and that the primary effect of disclosure on violations persists for at least four years after policy implementation”. Like the Massachusetts study, it measures how utilities behaved, not how fast agencies acted.",We find that this information disclosure requirement reduced drinking water violations significantly and that the primary effect of disclosure on violations persists for at least four years after policy implementation.,,#/case/genx-pfas/spine/pr/2/cl/1/ev/1
GenX Contamination in the Cape Fear River,Proposal case study,,,"Residents are told of any detection in drinking water and direct the follow-up testing -> Residents told of a detection, and given a role in the response, cut years of exposure through drinking water. -> Once the public knows, agencies issue advisories and open investigations within weeks.",,moderate,,,06/2017-02/2019,"Wilmington, NC",WRAL timeline,https://www.wral.com/story/timeline-tracking-the-route-of-genx-in-the-cape-fear-river/16869639/,"State Response After the StarNews Story (Investigation within a week; binding order about 20 months later): The state opened an investigation a week after the story, and Chemours announced the discharge would stop within two weeks. The state's health goal fell 99.8 percent within five weeks. The binding consent order with Chemours was not signed until February 26, 2019, about 20 months after the investigation began. The utility had asked the state for help the same day as the story, and state regulators already had the research before it ran, so this one case cannot separate the newspaper from the rest.",,,#/case/genx-pfas/spine/pr/2/cl/1/cs/0
GenX Contamination in the Cape Fear River,Proposal case study,,,"Residents are told of any detection in drinking water and direct the follow-up testing -> Residents told of a detection, and given a role in the response, cut years of exposure through drinking water. -> Once the public knows, agencies issue advisories and open investigations within weeks.",,moderate,,,06/2017-02/2019,"Wilmington, NC","North Carolina Department of Environmental Quality, June 27, 2017",https://www.deq.nc.gov/news/press-releases/2017/06/27/deq-verifies-chemours-has-stopped-discharging-genx-wastewater,"State Response After the StarNews Story (Investigation within a week; binding order about 20 months later): The state opened an investigation a week after the story, and Chemours announced the discharge would stop within two weeks. The state's health goal fell 99.8 percent within five weeks. The binding consent order with Chemours was not signed until February 26, 2019, about 20 months after the investigation began. The utility had asked the state for help the same day as the story, and state regulators already had the research before it ran, so this one case cannot separate the newspaper from the rest.",,,#/case/genx-pfas/spine/pr/2/cl/1/cs/0
GenX Contamination in the Cape Fear River,Proposal case study,,,"Residents are told of any detection in drinking water and direct the follow-up testing -> Residents told of a detection, and given a role in the response, cut years of exposure through drinking water. -> Once the public knows, agencies issue advisories and open investigations within weeks.",,moderate,,,06/2017-02/2019,"Wilmington, NC","North Carolina Department of Environmental Quality, GenX investigation",https://www.deq.nc.gov/news/key-issues/genx-investigation,"State Response After the StarNews Story (Investigation within a week; binding order about 20 months later): The state opened an investigation a week after the story, and Chemours announced the discharge would stop within two weeks. The state's health goal fell 99.8 percent within five weeks. The binding consent order with Chemours was not signed until February 26, 2019, about 20 months after the investigation began. The utility had asked the state for help the same day as the story, and state regulators already had the research before it ran, so this one case cannot separate the newspaper from the rest.",,,#/case/genx-pfas/spine/pr/2/cl/1/cs/0
GenX Contamination in the Cape Fear River,Proposal case study,,,"Residents are told of any detection in drinking water and direct the follow-up testing -> Residents told of a detection, and given a role in the response, cut years of exposure through drinking water. -> Once the public knows, agencies issue advisories and open investigations within weeks.",,moderate,,,2015-2016,"Flint, MI","Roy and Edwards 2019, Citizen Science: Theory and Practice",https://theoryandpractice.citizenscienceassociation.org/articles/10.5334/cstp.154,"Flint Emergency Response After Resident Data (County advisory within days; federal emergency order about four months later): Residents working with Virginia Tech engineers sampled their taps in 2015 and exposed the contamination. Doctors released their analysis of children's blood lead on September 24, 2015. The county health department issued a health advisory on September 29, the state health department confirmed the analysis on October 1, and Flint switched back to Detroit water on October 16. The federal emergency order came on January 21, 2016. That was about seven months after an EPA scientist's interim report on high lead levels was released to the public in June 2015. The EPA Inspector General found that federal staff answered residents' complaints with form letters telling them to contact the state or the water system. Michigan reports providing more than $350 million to Flint, on top of $100 million in federal funds.",,,#/case/genx-pfas/spine/pr/2/cl/1/cs/1
GenX Contamination in the Cape Fear River,Proposal case study,,,"Residents are told of any detection in drinking water and direct the follow-up testing -> Residents told of a detection, and given a role in the response, cut years of exposure through drinking water. -> Once the public knows, agencies issue advisories and open investigations within weeks.",,moderate,,,2015-2016,"Flint, MI","Flint Water Advisory Task Force, March 2016",https://www.michigan.gov/-/media/Project/Websites/formergovernors/Folder6/FWATF_FINAL_REPORT_21March2016.pdf?rev=113dd3bfc7e540c9acaeeade6b47a9a1,"Flint Emergency Response After Resident Data (County advisory within days; federal emergency order about four months later): Residents working with Virginia Tech engineers sampled their taps in 2015 and exposed the contamination. Doctors released their analysis of children's blood lead on September 24, 2015. The county health department issued a health advisory on September 29, the state health department confirmed the analysis on October 1, and Flint switched back to Detroit water on October 16. The federal emergency order came on January 21, 2016. That was about seven months after an EPA scientist's interim report on high lead levels was released to the public in June 2015. The EPA Inspector General found that federal staff answered residents' complaints with form letters telling them to contact the state or the water system. Michigan reports providing more than $350 million to Flint, on top of $100 million in federal funds.",,,#/case/genx-pfas/spine/pr/2/cl/1/cs/1
GenX Contamination in the Cape Fear River,Proposal case study,,,"Residents are told of any detection in drinking water and direct the follow-up testing -> Residents told of a detection, and given a role in the response, cut years of exposure through drinking water. -> Once the public knows, agencies issue advisories and open investigations within weeks.",,moderate,,,2015-2016,"Flint, MI","EPA Office of Inspector General, Report 18-P-0221, July 19, 2018",https://www.epa.gov/office-inspector-general/report-management-weaknesses-delayed-response-flint-water-crisis,"Flint Emergency Response After Resident Data (County advisory within days; federal emergency order about four months later): Residents working with Virginia Tech engineers sampled their taps in 2015 and exposed the contamination. Doctors released their analysis of children's blood lead on September 24, 2015. The county health department issued a health advisory on September 29, the state health department confirmed the analysis on October 1, and Flint switched back to Detroit water on October 16. The federal emergency order came on January 21, 2016. That was about seven months after an EPA scientist's interim report on high lead levels was released to the public in June 2015. The EPA Inspector General found that federal staff answered residents' complaints with form letters telling them to contact the state or the water system. Michigan reports providing more than $350 million to Flint, on top of $100 million in federal funds.",,,#/case/genx-pfas/spine/pr/2/cl/1/cs/1
GenX Contamination in the Cape Fear River,Proposal case study,,,"Residents are told of any detection in drinking water and direct the follow-up testing -> Residents told of a detection, and given a role in the response, cut years of exposure through drinking water. -> Once the public knows, agencies issue advisories and open investigations within weeks.",,moderate,,,2015-2016,"Flint, MI","State of Michigan, January 16, 2016",https://www.michigan.gov/flintwater/news/2016/01/16/president-obama-grants-gov--rick-snyders-request-for-emergency-declaration-in-flint,"Flint Emergency Response After Resident Data (County advisory within days; federal emergency order about four months later): Residents working with Virginia Tech engineers sampled their taps in 2015 and exposed the contamination. Doctors released their analysis of children's blood lead on September 24, 2015. The county health department issued a health advisory on September 29, the state health department confirmed the analysis on October 1, and Flint switched back to Detroit water on October 16. The federal emergency order came on January 21, 2016. That was about seven months after an EPA scientist's interim report on high lead levels was released to the public in June 2015. The EPA Inspector General found that federal staff answered residents' complaints with form letters telling them to contact the state or the water system. Michigan reports providing more than $350 million to Flint, on top of $100 million in federal funds.",,,#/case/genx-pfas/spine/pr/2/cl/1/cs/1
GenX Contamination in the Cape Fear River,Proposal case study,,,"Residents are told of any detection in drinking water and direct the follow-up testing -> Residents told of a detection, and given a role in the response, cut years of exposure through drinking water. -> Once the public knows, agencies issue advisories and open investigations within weeks.",,moderate,,,2015-2016,"Flint, MI","Pieper, Tang and Edwards 2017, Environmental Science and Technology",https://doi.org/10.1021/acs.est.6b04034,"Flint Emergency Response After Resident Data (County advisory within days; federal emergency order about four months later): Residents working with Virginia Tech engineers sampled their taps in 2015 and exposed the contamination. Doctors released their analysis of children's blood lead on September 24, 2015. The county health department issued a health advisory on September 29, the state health department confirmed the analysis on October 1, and Flint switched back to Detroit water on October 16. The federal emergency order came on January 21, 2016. That was about seven months after an EPA scientist's interim report on high lead levels was released to the public in June 2015. The EPA Inspector General found that federal staff answered residents' complaints with form letters telling them to contact the state or the water system. Michigan reports providing more than $350 million to Flint, on top of $100 million in federal funds.",,,#/case/genx-pfas/spine/pr/2/cl/1/cs/1
GenX Contamination in the Cape Fear River,Proposal case study,,,"Residents are told of any detection in drinking water and direct the follow-up testing -> Residents told of a detection, and given a role in the response, cut years of exposure through drinking water. -> Once the public knows, agencies issue advisories and open investigations within weeks.",,moderate,,,02-03/2016,Vermont,"Cordner et al. 2019, Journal of Exposure Science and Environmental Epidemiology",https://doi.org/10.1038/s41370-018-0099-9,"Vermont PFOA Advisory After Hoosick Falls (State health advisory within weeks of a resident raising concerns): After PFOA was found in Hoosick Falls, New York, a resident of nearby North Bennington raised concerns with local legislators. “The state of Vermont reacted quickly”, drafting a PFOA health advisory of 20 parts per trillion in February 2016 and finalizing it in March. When state testing of private wells found levels well above the advisory, the state quickly provided bottled water.",,,#/case/genx-pfas/spine/pr/2/cl/1/cs/2
GenX Contamination in the Cape Fear River,Proposal case study,,,"Residents are told of any detection in drinking water and direct the follow-up testing -> Residents told of a detection, and given a role in the response, cut years of exposure through drinking water. -> Once the public knows, agencies issue advisories and open investigations within weeks.",,moderate,,,11/2015-09/2016,"Hoosick Falls, NY","US Environmental Protection Agency, January 2017 archive",https://19january2017snapshot.epa.gov/ny/hoosick-falls-water-contamination_.html,"Hoosick Falls Do-Not-Drink Advice and Superfund Listing (Federal advice not to drink; Superfund listing proposed about nine months later): On November 25, 2015, EPA recommended that residents not drink or cook with the village water because PFOA was above 400 parts per trillion. EPA proposed the Saint-Gobain McCaffrey Street plant for the Superfund list on September 9, 2016, about nine and a half months later. The quick step was advice, and the binding step took most of a year.",,,#/case/genx-pfas/spine/pr/2/cl/1/cs/3
GenX Contamination in the Cape Fear River,Proposal case study,,,"Residents are told of any detection in drinking water and direct the follow-up testing -> Residents told of a detection, and given a role in the response, cut years of exposure through drinking water. -> Once the public knows, agencies issue advisories and open investigations within weeks.",,moderate,,,2009-2014,New Jersey,"Marcus and Mueller 2024, Journal of Environmental Economics and Management",https://doi.org/10.1016/j.jeem.2024.102987,"New Jersey PFAS Results Released by a Reporter (State advisory about six months after the public learned): The state sampled drinking water systems in 2009 and 2010 and found PFAS in most of them. It told the towns but “no residents were notified and the results were not publicly released”. On July 16, 2013, a reporter obtained the results through a public records request. The first state health advisory, for Paulsboro, came in January 2014, about six months later, and recommended bottled water or formula for infants. Here the advisory took months, not weeks.",,,#/case/genx-pfas/spine/pr/2/cl/1/cs/4
GenX Contamination in the Cape Fear River,Proposal case study,,,"Residents are told of any detection in drinking water and direct the follow-up testing -> Residents told of a detection, and given a role in the response, cut years of exposure through drinking water. -> Once the public knows, agencies issue advisories and open investigations within weeks.",,moderate,,,2009-2014,New Jersey,"Marcus and Mueller 2023, NBER Working Paper 31731",https://www.nber.org/system/files/working_papers/w31731/revisions/w31731.rev0.pdf,"New Jersey PFAS Results Released by a Reporter (State advisory about six months after the public learned): The state sampled drinking water systems in 2009 and 2010 and found PFAS in most of them. It told the towns but “no residents were notified and the results were not publicly released”. On July 16, 2013, a reporter obtained the results through a public records request. The first state health advisory, for Paulsboro, came in January 2014, about six months later, and recommended bottled water or formula for infants. Here the advisory took months, not weeks.",,,#/case/genx-pfas/spine/pr/2/cl/1/cs/4
GenX Contamination in the Cape Fear River,Proposal claim,,,"Residents are told of any detection in drinking water and direct the follow-up testing -> Residents told of a detection, and given a role in the response, cut years of exposure through drinking water. -> Residents who direct testing find exposure that official sampling misses.",,,,,,,,,Residents who direct testing find exposure that official sampling misses.,,,#/case/genx-pfas/spine/pr/2/cl/2
GenX Contamination in the Cape Fear River,Proposal claim evidence,,,"Residents are told of any detection in drinking water and direct the follow-up testing -> Residents told of a detection, and given a role in the response, cut years of exposure through drinking water. -> Residents who direct testing find exposure that official sampling misses.",,moderate,,,,,"Goovaerts 2017, Science of the Total Environment",https://doi.org/10.1016/j.scitotenv.2017.02.183,"In Flint, the homes residents chose to test matched the city's housing better than the sites the state chose, including poor wards the state skipped. After Flint returned to Detroit water, the state tracked lead at sentinel sites it picked, while residents tested their own homes with free kits. “Although houses with higher WLL were more likely to be sampled repeatedly, voluntary sampling turned out to reproduce fairly well the main characteristics (i.e. presence of lead service lines (LSL), construction year) of Flint housing stock. State-controlled sampling was less representative.” There was also “no sentinel site with LSL in two of the most impoverished wards”. Homes with high lead were more likely to be retested, which biases the resident data the other way.","Although houses with higher WLL were more likely to be sampled repeatedly, voluntary sampling turned out to reproduce fairly well the main characteristics (i.e. presence of lead service lines (LSL), construction year) of Flint housing stock. State-controlled sampling was less representative",,#/case/genx-pfas/spine/pr/2/cl/2/ev/0
GenX Contamination in the Cape Fear River,Proposal claim evidence,,,"Residents are told of any detection in drinking water and direct the follow-up testing -> Residents told of a detection, and given a role in the response, cut years of exposure through drinking water. -> Residents who direct testing find exposure that official sampling misses.",,moderate,,,,,"Kosiarski et al. 2025, Journal of Environmental Management",https://doi.org/10.1016/j.jenvman.2025.125863,"When Pennsylvania well owners sampled their own private wells, nearly one in five had PFAS above a health-based drinking water limit. Private wells face “limited regulation”, so routine official sampling rarely reaches them. Across 167 wells sampled by their owners over three years, “eighteen percent of the wells exceeded at least one health-related maximum contaminant level”, and levels in the same well changed between rounds. The owners chose to take part, so the wells may not represent all wells, and there is no official sampling to compare against.",Eighteen percent of the wells exceeded at least one health-related maximum contaminant level.,,#/case/genx-pfas/spine/pr/2/cl/2/ev/1
GenX Contamination in the Cape Fear River,Proposal claim evidence,,,"Residents are told of any detection in drinking water and direct the follow-up testing -> Residents told of a detection, and given a role in the response, cut years of exposure through drinking water. -> Residents who direct testing find exposure that official sampling misses.",,weak,,,,,"Weed et al. 2024, Toxics",https://doi.org/10.3390/toxics12060403,"Cape Fear residents who collected their own tap and river water found chemicals traced to the local plant, some above the federal drinking water limit. Community groups recruited residents along the Cape Fear River, who collected drinking water at home or recreational water nearby. “Notably, at several locations, PFOA (39.8 ng/L) and PFOS (205.3 ng/L) were at levels that exceeded the mandatory EPA maximum contaminant level (MCL) of 4 ng/L. Additionally, several sites had detectable levels of PFAS that are unique to a local chemical manufacturer.” Results went back to residents through the same community groups. Some samples were recreational water, where the drinking water limit does not apply, and nothing here compares the results with official sampling.","Notably, at several locations, PFOA (39.8 ng/L) and PFOS (205.3 ng/L) were at levels that exceeded the mandatory EPA maximum contaminant level (MCL) of 4 ng/L. Additionally, several sites had detectable levels of PFAS that are unique to a local chemical manufacturer.",,#/case/genx-pfas/spine/pr/2/cl/2/ev/2
GenX Contamination in the Cape Fear River,Proposal claim counter-evidence,,,"Residents are told of any detection in drinking water and direct the follow-up testing -> Residents told of a detection, and given a role in the response, cut years of exposure through drinking water. -> Residents who direct testing find exposure that official sampling misses.",,moderate,,,,,"Vijayashanthar, Small and VanBriesen 2023, Environmental Science and Technology",https://doi.org/10.1021/acs.est.2c06614,"In Pittsburgh, homes that asked for lead tests showed less lead than the utility's required test sites. After Pittsburgh's water utility exceeded the lead action level, it ran both the required compliance sampling and testing on customer request. “The LCR sampling results, at locations expected to be elevated when corrosion is not well controlled, had higher concentrations than customer-requested homes.” The authors add that “broader water quality sampling provides information about specific homes but is not well suited to assessing the efficacy of corrosion control efforts by utilities”. Where official sampling is done properly at high-risk sites, resident requests did not find more exposure. Customers only requested tests; the utility ran them.","The LCR sampling results, at locations expected to be elevated when corrosion is not well controlled, had higher concentrations than customer-requested homes",,#/case/genx-pfas/spine/pr/2/cl/2/cev/0
GenX Contamination in the Cape Fear River,Proposal case study,,,"Residents are told of any detection in drinking water and direct the follow-up testing -> Residents told of a detection, and given a role in the response, cut years of exposure through drinking water. -> Residents who direct testing find exposure that official sampling misses.",,weak,,,2014-2015,"Flint, MI","Pieper, Tang and Edwards 2017, Environmental Science and Technology",https://doi.org/10.1021/acs.est.6b04034,"Lead Rising in One Flint Home (Home sampling, investigated by university engineers): Ten months after Flint switched to river water, “water samples collected from a Flint residence revealed progressively rising water lead levels (104, 397, and 707 μg/L) coinciding with increasing water discoloration”. The published account credits the state of emergency to the analysis of children's blood lead in September 2015, and says the filters and bottled water that followed “likely averted an even worse exposure event”. It is one home, and the record does not say who collected the samples.",,,#/case/genx-pfas/spine/pr/2/cl/2/cs/0
GenX Contamination in the Cape Fear River,Proposal claim,,,"Residents are told of any detection in drinking water and direct the follow-up testing -> Residents told of a detection, and given a role in the response, cut years of exposure through drinking water. -> Earlier response avoids years of exposure.",,,,,,,,,Earlier response avoids years of exposure.,,,#/case/genx-pfas/spine/pr/2/cl/3
GenX Contamination in the Cape Fear River,Proposal claim evidence,,,"Residents are told of any detection in drinking water and direct the follow-up testing -> Residents told of a detection, and given a role in the response, cut years of exposure through drinking water. -> Earlier response avoids years of exposure.",,moderate,,,,,"Cheng et al. 2025, Environmental Science and Technology",https://doi.org/10.1021/acs.est.5c08146,"Wilmington residents' blood carried high levels of the plant's chemicals before the public knew, and two of those chemicals fell sharply within six months of the discharge stopping. Blood drawn from Wilmington adults between 2010 and 2016 and kept in a biobank showed that “twenty PFAS were detected in >50% of serum samples; perfluoromethoxyacetic acid (PFMOAA) and trifluoroacetic acid (TFA) exhibited the highest median concentrations (PFMOAA: 42 ng/mL; TFA: 17 ng/mL)”, out of 56 PFAS measured. After the discharge was controlled in 2017, residents tested twice saw two of the plant's compounds fall, from 34 percent for Nafion byproduct 2 to 65 percent for PFO4DA in six months, while four older PFAS changed between 0 and 13 percent. The studies show exposure during the years before disclosure and a drop after control. They do not measure how much an earlier response would have prevented.",Twenty PFAS were detected in >50% of serum samples; perfluoromethoxyacetic acid (PFMOAA) and trifluoroacetic acid (TFA) exhibited the highest median concentrations (PFMOAA: 42 ng/mL; TFA: 17 ng/mL),,#/case/genx-pfas/spine/pr/2/cl/3/ev/0
GenX Contamination in the Cape Fear River,Proposal claim evidence,,,"Residents are told of any detection in drinking water and direct the follow-up testing -> Residents told of a detection, and given a role in the response, cut years of exposure through drinking water. -> Earlier response avoids years of exposure.",,moderate,,,,,"Kotlarz et al. 2020, Environmental Health Perspectives",https://doi.org/10.1289/EHP6837,"Wilmington residents' blood carried high levels of the plant's chemicals before the public knew, and two of those chemicals fell sharply within six months of the discharge stopping. Blood drawn from Wilmington adults between 2010 and 2016 and kept in a biobank showed that “twenty PFAS were detected in >50% of serum samples; perfluoromethoxyacetic acid (PFMOAA) and trifluoroacetic acid (TFA) exhibited the highest median concentrations (PFMOAA: 42 ng/mL; TFA: 17 ng/mL)”, out of 56 PFAS measured. After the discharge was controlled in 2017, residents tested twice saw two of the plant's compounds fall, from 34 percent for Nafion byproduct 2 to 65 percent for PFO4DA in six months, while four older PFAS changed between 0 and 13 percent. The studies show exposure during the years before disclosure and a drop after control. They do not measure how much an earlier response would have prevented.",Twenty PFAS were detected in >50% of serum samples; perfluoromethoxyacetic acid (PFMOAA) and trifluoroacetic acid (TFA) exhibited the highest median concentrations (PFMOAA: 42 ng/mL; TFA: 17 ng/mL),,#/case/genx-pfas/spine/pr/2/cl/3/ev/0
GenX Contamination in the Cape Fear River,Proposed intervention (spine),,,,,,Independent Science Panel,,,,,,"Affected residents appoint independent experts to verify health data: Give affected residents the right to appoint their own reviewers whenever the state sets an emergency health screening level or returns exposure results. The reviewers can split water and blood samples, verify the state's analysis, and publish findings through a channel the community chose. The state health and environmental departments keep authority over the screening level and the response; the reviewers' role is verification and translation, and the state must answer their findings in writing. The affected community makes the appointments, paid by the responsible party or the state. In June to July 2017 in Wilmington, the state's health screening number moved from 71,000 to 140 parts per trillion in five weeks, and a key meeting between regulators, Chemours, and officials was closed to the public. The June 8 session framed this as the route around authorities the public distrusts. When and where: June to July 2017, Wilmington: the five-week window in which the state's health screening number moved from 71,000 ppt to 140 ppt and a key early meeting between DEQ, Chemours, and officials was closed to the public with one pool reporter. The specific fit is a standing rule that emergency health-goal setting seats community-appointed reviewers with authority to split samples. (NC DHHS and NC DEQ)",,,#/case/genx-pfas/spine/pr/3
GenX Contamination in the Cape Fear River,Proposal outcome,,,Affected residents appoint independent experts to verify health data -> Residents who chose the reviewers trust the risk information.,,,,,,,,,Residents who chose the reviewers trust the risk information.,,,#/case/genx-pfas/spine/pr/3/out
GenX Contamination in the Cape Fear River,Proposal claim,,,Affected residents appoint independent experts to verify health data -> Residents who chose the reviewers trust the risk information. -> Community-appointed panels produce findings that carry weight.,,,,,,,,,Community-appointed panels produce findings that carry weight.,,,#/case/genx-pfas/spine/pr/3/cl/0
GenX Contamination in the Cape Fear River,Proposal claim evidence,,,Affected residents appoint independent experts to verify health data -> Residents who chose the reviewers trust the risk information. -> Community-appointed panels produce findings that carry weight.,,weak,,,,,"C8 Science Panel, probable link evaluation of cancer",http://www.c8sciencepanel.org/pdfs/Probable_Link_C8_Cancer_16April2012_v2.pdf,"DuPont and lawyers for the affected class jointly chose a science panel, and DuPont agreed not to contest the links it found. Under the class action settlement approved in February 2005, DuPont and the class's representatives jointly selected three epidemiologists. The panel reported that “there is a probable link between exposure to C8 (also known as PFOA) and testicular cancer and kidney cancer”, and found probable links for six disease categories in all: high cholesterol, ulcerative colitis, thyroid disease, testicular cancer, kidney cancer, and pregnancy-induced hypertension. The court's 2016 opinion records that DuPont agreed not to contest general causation in those actions.",there is a probable link between exposure to C8 (also known as PFOA) and testicular cancer and kidney cancer,"One case, and the people who chose the panel were lawyers for the class, not residents. It cannot carry the claim as worded.",#/case/genx-pfas/spine/pr/3/cl/0/ev/0
GenX Contamination in the Cape Fear River,Proposal claim evidence,,,Affected residents appoint independent experts to verify health data -> Residents who chose the reviewers trust the risk information. -> Community-appointed panels produce findings that carry weight.,,weak,,,,,C8 Science Panel,https://www.c8sciencepanel.org/,"DuPont and lawyers for the affected class jointly chose a science panel, and DuPont agreed not to contest the links it found. Under the class action settlement approved in February 2005, DuPont and the class's representatives jointly selected three epidemiologists. The panel reported that “there is a probable link between exposure to C8 (also known as PFOA) and testicular cancer and kidney cancer”, and found probable links for six disease categories in all: high cholesterol, ulcerative colitis, thyroid disease, testicular cancer, kidney cancer, and pregnancy-induced hypertension. The court's 2016 opinion records that DuPont agreed not to contest general causation in those actions.",there is a probable link between exposure to C8 (also known as PFOA) and testicular cancer and kidney cancer,"One case, and the people who chose the panel were lawyers for the class, not residents. It cannot carry the claim as worded.",#/case/genx-pfas/spine/pr/3/cl/0/ev/0
GenX Contamination in the Cape Fear River,Proposal claim evidence,,,Affected residents appoint independent experts to verify health data -> Residents who chose the reviewers trust the risk information. -> Community-appointed panels produce findings that carry weight.,,weak,,,,,"In re DuPont C-8 Personal Injury Litigation, S.D. Ohio 2016",https://caselaw.findlaw.com/court/us-dis-crt-s-d-ohi-eas-div/1967795.html,"DuPont and lawyers for the affected class jointly chose a science panel, and DuPont agreed not to contest the links it found. Under the class action settlement approved in February 2005, DuPont and the class's representatives jointly selected three epidemiologists. The panel reported that “there is a probable link between exposure to C8 (also known as PFOA) and testicular cancer and kidney cancer”, and found probable links for six disease categories in all: high cholesterol, ulcerative colitis, thyroid disease, testicular cancer, kidney cancer, and pregnancy-induced hypertension. The court's 2016 opinion records that DuPont agreed not to contest general causation in those actions.",there is a probable link between exposure to C8 (also known as PFOA) and testicular cancer and kidney cancer,"One case, and the people who chose the panel were lawyers for the class, not residents. It cannot carry the claim as worded.",#/case/genx-pfas/spine/pr/3/cl/0/ev/0
GenX Contamination in the Cape Fear River,Proposal claim counter-evidence,,,Affected residents appoint independent experts to verify health data -> Residents who chose the reviewers trust the risk information. -> Community-appointed panels produce findings that carry weight.,,weak,,,,,C8 Science Panel,https://www.c8sciencepanel.org/,"Lawyers on both sides picked the panel, and its findings took seven years to arrive. The panel members were “chosen jointly by the parties to the legal settlement”, so residents did not select them. The court recorded that the panel engaged in its work for seven years before issuing findings in 2011 and 2012, a pace no emergency health response could match.",chosen jointly by the parties to the legal settlement of a case between plaintiffs and DuPont regarding releases of C8 from the plant,,#/case/genx-pfas/spine/pr/3/cl/0/cev/0
GenX Contamination in the Cape Fear River,Proposal claim counter-evidence,,,Affected residents appoint independent experts to verify health data -> Residents who chose the reviewers trust the risk information. -> Community-appointed panels produce findings that carry weight.,,weak,,,,,"In re DuPont C-8 Personal Injury Litigation, S.D. Ohio 2016",https://caselaw.findlaw.com/court/us-dis-crt-s-d-ohi-eas-div/1967795.html,"Lawyers on both sides picked the panel, and its findings took seven years to arrive. The panel members were “chosen jointly by the parties to the legal settlement”, so residents did not select them. The court recorded that the panel engaged in its work for seven years before issuing findings in 2011 and 2012, a pace no emergency health response could match.",chosen jointly by the parties to the legal settlement of a case between plaintiffs and DuPont regarding releases of C8 from the plant,,#/case/genx-pfas/spine/pr/3/cl/0/cev/0
GenX Contamination in the Cape Fear River,Proposal case study,,,Affected residents appoint independent experts to verify health data -> Residents who chose the reviewers trust the risk information. -> Community-appointed panels produce findings that carry weight.,,moderate,,,2005-2013,West Virginia and Ohio,"C8 Science Panel, probable link evaluation of cancer",http://www.c8sciencepanel.org/pdfs/Probable_Link_C8_Cancer_16April2012_v2.pdf,"C8 Science Panel (Appointed jointly by both sides; findings carried automatic legal consequence): The panel, three epidemiologists jointly selected by DuPont and the class, delivered probable-link findings for six conditions. It built on a companion health project that collected blood samples and questionnaires from 69,030 exposed residents. Under the settlement, DuPont agreed not to contest general causation for the linked diseases in class members' injury suits.",,,#/case/genx-pfas/spine/pr/3/cl/0/cs/0
GenX Contamination in the Cape Fear River,Proposal case study,,,Affected residents appoint independent experts to verify health data -> Residents who chose the reviewers trust the risk information. -> Community-appointed panels produce findings that carry weight.,,moderate,,,2005-2013,West Virginia and Ohio,C8 Science Panel,https://www.c8sciencepanel.org/,"C8 Science Panel (Appointed jointly by both sides; findings carried automatic legal consequence): The panel, three epidemiologists jointly selected by DuPont and the class, delivered probable-link findings for six conditions. It built on a companion health project that collected blood samples and questionnaires from 69,030 exposed residents. Under the settlement, DuPont agreed not to contest general causation for the linked diseases in class members' injury suits.",,,#/case/genx-pfas/spine/pr/3/cl/0/cs/0
GenX Contamination in the Cape Fear River,Proposal case study,,,Affected residents appoint independent experts to verify health data -> Residents who chose the reviewers trust the risk information. -> Community-appointed panels produce findings that carry weight.,,moderate,,,2005-2013,West Virginia and Ohio,"In re DuPont C-8 Personal Injury Litigation, S.D. Ohio 2016",https://caselaw.findlaw.com/court/us-dis-crt-s-d-ohi-eas-div/1967795.html,"C8 Science Panel (Appointed jointly by both sides; findings carried automatic legal consequence): The panel, three epidemiologists jointly selected by DuPont and the class, delivered probable-link findings for six conditions. It built on a companion health project that collected blood samples and questionnaires from 69,030 exposed residents. Under the settlement, DuPont agreed not to contest general causation for the linked diseases in class members' injury suits.",,,#/case/genx-pfas/spine/pr/3/cl/0/cs/0
GenX Contamination in the Cape Fear River,Proposal claim,,,Affected residents appoint independent experts to verify health data -> Residents who chose the reviewers trust the risk information. -> Independent verification builds a trusted channel for risk information.,,,,,,,,,Independent verification builds a trusted channel for risk information.,,,#/case/genx-pfas/spine/pr/3/cl/1
GenX Contamination in the Cape Fear River,Proposal claim evidence,,,Affected residents appoint independent experts to verify health data -> Residents who chose the reviewers trust the risk information. -> Independent verification builds a trusted channel for risk information.,,moderate,,,,,"Eiser, Stafford, Henneberry and Catney 2009, Risk Analysis",https://doi.org/10.1111/j.1539-6924.2008.01131.x,"Residents trusted independent scientists most about contaminated land, and trusted neighbors' groups almost as much. Residents of two English urban regions rated six sources of information about contaminated land. “Overall, scientists were trusted most and developers least, but this was only partly due to their greater perceived expertise.” Resident groups and friends and family “were also trusted, despite being seen as relatively inexpert, since they scored highly on openness and shared interests, these latter two attributes being more important predictors of trust in individual sources than perceived expertise”. It measures what predicts trust, not what a community appointment process changes.","Overall, scientists were trusted most and developers least, but this was only partly due to their greater perceived expertise.",,#/case/genx-pfas/spine/pr/3/cl/1/ev/0
GenX Contamination in the Cape Fear River,Proposal claim evidence,,,Affected residents appoint independent experts to verify health data -> Residents who chose the reviewers trust the risk information. -> Independent verification builds a trusted channel for risk information.,,weak,,,,,"Brody et al. 2014, Environmental Health",https://doi.org/10.1186/1476-069X-13-40,"People who received their own chemical results said getting them built their trust in science. Drawing on a set of studies that returned personal results to the people tested, the authors report that “participants and researchers who have participated in report-back identified benefits: increasing trust in science, retention in cohort studies, environmental health literacy, individual and community empowerment, and motivation to reduce exposures”. They call report-back “a powerful tool for increasing understanding of environmental health”.",Personal exposure report-back is a powerful tool for increasing understanding of environmental health,,#/case/genx-pfas/spine/pr/3/cl/1/ev/1
GenX Contamination in the Cape Fear River,Proposal claim evidence,,,Affected residents appoint independent experts to verify health data -> Residents who chose the reviewers trust the risk information. -> Independent verification builds a trusted channel for risk information.,,weak,,,,,"Rochester et al. 2024, International Journal of Environmental Research and Public Health",https://doi.org/10.3390/ijerph21070905,"After Nevada participants got their own chemical results, far fewer said they did not know how to cut their exposure. In a Nevada health project, before results went back, “79% cited not knowing what to do” about reducing exposure, and “this dropped to 35% after report-back”. Among the 48 people who gave urine samples before and after, one phthalate marker fell. There was no comparison group, and most of the measures are self-reported.","When asked what challenges they faced in reducing exposure, 79% cited not knowing what to do. This dropped to 35% after report-back.",,#/case/genx-pfas/spine/pr/3/cl/1/ev/2
GenX Contamination in the Cape Fear River,Proposal claim counter-evidence,,,Affected residents appoint independent experts to verify health data -> Residents who chose the reviewers trust the risk information. -> Independent verification builds a trusted channel for risk information.,,strong,,,,,"Boronow et al. 2023, Environmental Health Perspectives",https://doi.org/10.1289/EHP12565,"Women who received their own chemical results changed their habits no more than women who got only the study-wide findings. Women in a long-running California cohort were randomly assigned to receive a report with their own chemical results or only the study-wide findings. Both groups corrected misconceptions and acted on what they read, and “total behavior was associated with knowledge and concern but not race, education, or report type”.","total behavior was associated with knowledge and concern but not race, education, or report type",,#/case/genx-pfas/spine/pr/3/cl/1/cev/0
GenX Contamination in the Cape Fear River,Proposal claim counter-evidence,,,Affected residents appoint independent experts to verify health data -> Residents who chose the reviewers trust the risk information. -> Independent verification builds a trusted channel for risk information.,,moderate,,,,,"Frewer, Howard, Hedderley and Shepherd 1996, Risk Analysis",https://doi.org/10.1111/j.1539-6924.1996.tb01094.x,"Complete independence is not what makes a source trusted; some accountability is. Across interviews and a survey of 888 people about food risk information, “contrary to previous research, complete freedom does not lead to trust-rather sources which possess moderate accountability are seen to be the most trusted”. The setting is food risk, so it cannot be read straight onto environmental health reviewers.","Contrary to previous research, complete freedom does not lead to trust-rather sources which possess moderate accountability are seen to be the most trusted.",,#/case/genx-pfas/spine/pr/3/cl/1/cev/1
GenX Contamination in the Cape Fear River,Proposal claim counter-evidence,,,Affected residents appoint independent experts to verify health data -> Residents who chose the reviewers trust the risk information. -> Independent verification builds a trusted channel for risk information.,,moderate,,,,,"Germano et al. 2026, Environmental Health",https://doi.org/10.1186/s12940-026-01281-z,"Researchers who return results rarely test whether their reports worked. A systematic review of 32 report-back studies found that “only three studies applied formal communication or evaluation frameworks, and only one-third described how materials were developed”, with evaluation resting mostly on surveys and interviews after the fact. That says the evidence is thin, not that report-back does not work.","only three studies applied formal communication or evaluation frameworks, and only one-third described how materials were developed",,#/case/genx-pfas/spine/pr/3/cl/1/cev/2
GenX Contamination in the Cape Fear River,Proposal case study,,,Affected residents appoint independent experts to verify health data -> Residents who chose the reviewers trust the risk information. -> Independent verification builds a trusted channel for risk information.,,weak,,,2000-present,Montana,World Resources Institute,https://www.wri.org/snapshots/community-benefits-snapshot-stillwater-good-neighbor-agreement,Stillwater Good Neighbor Agreement (Binding agreement; company-funded experts advising the local councils): The agreement holds the mine to water quality metrics “more stringent than existing state and federal regulatory standards” and “requires the company to fund mining and water experts who advise the local organizations”. Two oversight committees split their seats evenly between the company and the councils. The World Resources Institute reports that in 24 years “there has been no arbitration or environmental litigation”. No peer-reviewed evaluation of the agreement was found.,,,#/case/genx-pfas/spine/pr/3/cl/1/cs/0
GenX Contamination in the Cape Fear River,Proposal case study,,,Affected residents appoint independent experts to verify health data -> Residents who chose the reviewers trust the risk information. -> Independent verification builds a trusted channel for risk information.,,moderate,,,1988-present,United States,"US Government Accountability Office, T-RCED-93-1",https://www.gao.gov/products/t-rced-93-1,"Superfund Technical Assistance Grants (Federal funds for community-hired expertise): Auditors found that “communities use the grants primarily to hire technical advisors to help them understand the technical aspects of a site cleanup in their area”. In the program's first four years the grants reached “9 percent of the approximately 1,150 communities that may be eligible”, and the auditors flagged that it was unclear how far recipients could use the money to “independently verify or clarify existing site cleanup analyses or information”.",,,#/case/genx-pfas/spine/pr/3/cl/1/cs/1
GenX Contamination in the Cape Fear River,Proposal claim,,,Affected residents appoint independent experts to verify health data -> Residents who chose the reviewers trust the risk information. -> A trusted channel sustains study participation and protective behavior.,,,,,,,,,A trusted channel sustains study participation and protective behavior.,,,#/case/genx-pfas/spine/pr/3/cl/2
GenX Contamination in the Cape Fear River,Proposal claim evidence,,,Affected residents appoint independent experts to verify health data -> Residents who chose the reviewers trust the risk information. -> A trusted channel sustains study participation and protective behavior.,,weak,,,,,"Frisbee et al. 2009, Environmental Health Perspectives",https://doi.org/10.1289/ehp.0800379,"A settlement-funded project run by an outside company enrolled 69,030 residents in thirteen months and told each of them their own blood level. The C8 Health Project was set up so class members could learn their own PFOA levels, and “an independent company, Brookmar, Inc., was created to design, publicize, and implement the Project under court supervision”. “Final study participation was 69,030, enrolled over a 13-month period in 2005-2006.”","Final study participation was 69,030, enrolled over a 13-month period in 2005-2006",,#/case/genx-pfas/spine/pr/3/cl/2/ev/0
GenX Contamination in the Cape Fear River,Proposal claim counter-evidence,,,Affected residents appoint independent experts to verify health data -> Residents who chose the reviewers trust the risk information. -> A trusted channel sustains study participation and protective behavior.,,weak,,,,,"Frisbee et al. 2009, Environmental Health Perspectives",https://doi.org/10.1289/ehp.0800379,"The health project that enrolled 69,030 residents paid each of them up to $400, and joining was the route to settlement money. “Each verified participant received $150 for completing the health survey and an additional $250 for providing a blood sample (regardless of sample quantity or quality)”, and project participation was the established route for class members to benefit from the settlement. Money and eligibility, not only trust, stand behind the enrollment figure.",Each verified participant received $150 for completing the health survey and an additional $250 for providing a blood sample (regardless of sample quantity or quality).,,#/case/genx-pfas/spine/pr/3/cl/2/cev/0
GenX Contamination in the Cape Fear River,Proposal claim counter-evidence,,,Affected residents appoint independent experts to verify health data -> Residents who chose the reviewers trust the risk information. -> A trusted channel sustains study participation and protective behavior.,,weak,,,,,"Consent Order, Bladen County 17 CVS 580",https://capefearriverwatch.org/wp-content/uploads/2020/07/Consent-Order-file-stamped-and-fully-executed-b-w-.pdf,"The order that forced the plant to cut its pollution came out of a state lawsuit joined by a river group, not out of an expert review. The state sued Chemours in Bladen County Superior Court, and “Chemours and DEQ have consented to the intervention of Cape Fear River Watch in this matter for the purpose of entering into this Consent Order”. The order requires Chemours to install abatement technology at the facility, including a thermal oxidizer, and sets emission reduction milestones. No expert review body appears in it.",Chemours and DEQ have consented to the intervention of Cape Fear River Watch in this matter for the purpose of entering into this Consent Order,,#/case/genx-pfas/spine/pr/3/cl/2/cev/1
GenX Contamination in the Cape Fear River,Proposed intervention (spine),,,,,,Funded Community Oversight,,,,,,"Federal grants fund standing local monitoring and legal capacity: Create a federal grant program that funds standing, community-governed monitoring, technical, and legal capacity in affected regions. The deliverable is a set of petition-ready proposals for statewide standards, not another facility-specific order. Congress and EPA fund it; a local board of residents, utilities, and local governments directs the work; the state Environmental Management Commission remains the body that adopts standards. Residents' role is oversight of implementation and of the data, and the board must publish its monitoring results and petitions. The anchor is February 2019, when the Consent Order created facility-scoped machinery, citizen enforcement, a sampling network, and the exposure study, with no bridge to rulemaking. The 2024 to 2026 federal reversal on PFAS limits shows why a state layer must hold the standard. When and where: February 2019, at Consent Order entry. The order created facility-scoped machinery (citizen enforcement, a sampling network, the exposure study) with no bridge to rulemaking. The intervention is a federal grant program funding standing local technical and legal capacity whose deliverable is a petition-ready statewide standard rather than another facility order. The 2024 to 2026 federal reversal shows why the state layer must hold it. (Congress and EPA for the funding; the NC Environmental Management Commission for the standard-setting it must feed)",,,#/case/genx-pfas/spine/pr/4
GenX Contamination in the Cape Fear River,Proposal outcome,,,Federal grants fund standing local monitoring and legal capacity -> Standing local capacity carries the fight to statewide rule adoption.,,,,North Carolina set no enforceable PFAS standard,,,,,Standing local capacity carries the fight to statewide rule adoption.,,,#/case/genx-pfas/spine/pr/4/out
GenX Contamination in the Cape Fear River,Proposal claim,,,Federal grants fund standing local monitoring and legal capacity -> Standing local capacity carries the fight to statewide rule adoption. -> Federal funding builds standing local capacity.,,,,,,,,,Federal funding builds standing local capacity.,,,#/case/genx-pfas/spine/pr/4/cl/0
GenX Contamination in the Cape Fear River,Proposal claim evidence,,,Federal grants fund standing local monitoring and legal capacity -> Standing local capacity carries the fight to statewide rule adoption. -> Federal funding builds standing local capacity.,,strong,,,,,"Daley 2007, Journal of Policy Analysis and Management",https://doi.org/10.1002/pam.20251,"At hazardous waste sites where residents organized or won a technical grant, regulators picked more health-protective cleanups. Comparing cleanup remedies chosen at hazardous waste sites with and without organized citizen groups, and correcting for the fact that such groups do not form at random, the study finds that “even when controlling for other factors that may guide agency decisionmaking, such as site characteristics, the Environmental Protection Agency is more likely to choose health protective clean-up approaches when CAGs and TAGs have formed at Superfund sites”. It cannot separate the advisory groups from the grants, and residents did not choose the experts.",the Environmental Protection Agency is more likely to choose health protective clean-up approaches when CAGs and TAGs have formed at Superfund sites,,#/case/genx-pfas/spine/pr/4/cl/0/ev/0
GenX Contamination in the Cape Fear River,Proposal claim evidence,,,Federal grants fund standing local monitoring and legal capacity -> Standing local capacity carries the fight to statewide rule adoption. -> Federal funding builds standing local capacity.,,moderate,,,,,"US Government Accountability Office, T-RCED-93-1",https://www.gao.gov/products/t-rced-93-1,"Federal grants paid for technical advisors that communities near hazardous waste sites hired themselves. Auditors found that “communities use the grants primarily to hire technical advisors to help them understand the technical aspects of a site cleanup in their area”, and that recipients “were generally pleased with the benefits they derived from those grants”.",Communities use the grants primarily to hire technical advisors to help them understand the technical aspects of a site cleanup in their area.,,#/case/genx-pfas/spine/pr/4/cl/0/ev/1
GenX Contamination in the Cape Fear River,Proposal claim counter-evidence,,,Federal grants fund standing local monitoring and legal capacity -> Standing local capacity carries the fight to statewide rule adoption. -> Federal funding builds standing local capacity.,,moderate,,,,,"US Government Accountability Office, T-RCED-93-1",https://www.gao.gov/products/t-rced-93-1,"In its first years the federal grant program reached fewer than one in ten of the communities that could have applied. The Environmental Protection Agency had awarded 103 grants, “only 9 percent of the approximately 1,150 communities that may be eligible for the program”. Auditors laid the low uptake mainly to limited outreach, and separately reported that residents found the application process “lengthy, labor intensive, and intimidating”.","These 103 grants represent only 9 percent of the approximately 1,150 communities that may be eligible for the program.",,#/case/genx-pfas/spine/pr/4/cl/0/cev/0
GenX Contamination in the Cape Fear River,Proposal case study,,,Federal grants fund standing local monitoring and legal capacity -> Standing local capacity carries the fight to statewide rule adoption. -> Federal funding builds standing local capacity.,,moderate,,,1988-present,United States,"US Government Accountability Office, T-RCED-93-1",https://www.gao.gov/products/t-rced-93-1,"Superfund Technical Assistance Grants (The existing federal-funds-for-local-capacity template): Four years in, the program had awarded 103 grants, “only 9 percent of the approximately 1,150 communities that may be eligible for the program”, and recipients described an application process that was “lengthy, labor intensive, and intimidating”, procurement rules that made hiring an advisor hard, and reimbursement delays.",,,#/case/genx-pfas/spine/pr/4/cl/0/cs/0
GenX Contamination in the Cape Fear River,Proposal case study,,,Federal grants fund standing local monitoring and legal capacity -> Standing local capacity carries the fight to statewide rule adoption. -> Federal funding builds standing local capacity.,,weak,,,2018-2021,North Carolina,"North Carolina PFAS Testing Network, progress report to the General Assembly",https://ncpfasnetwork.com/wp-content/uploads/sites/1328/2023/05/collaboratory-pfas-ncga-progress-report-2018-10.pdf,"North Carolina PFAS Testing Network (State money, capacity held by universities): Session Law 2018-5 sent “five million thirteen thousand dollars ($5,013,000)” to the North Carolina Collaboratory, which planned sampling of 348 sites across the state, 190 surface water intakes and 158 municipal public water supply wells, and in the end collected two rounds from “376 county and municipal drinking water sources in NC”. The money was state money and the capacity sat in universities, not in a community body.",,,#/case/genx-pfas/spine/pr/4/cl/0/cs/1
GenX Contamination in the Cape Fear River,Proposal case study,,,Federal grants fund standing local monitoring and legal capacity -> Standing local capacity carries the fight to statewide rule adoption. -> Federal funding builds standing local capacity.,,weak,,,2018-2021,North Carolina,"North Carolina PFAS Testing Network, final report",https://coastalreview.org/wp-content/uploads/2021/05/NC-PFAST-Network-Final-Report_revised_30Apr2021-1.pdf,"North Carolina PFAS Testing Network (State money, capacity held by universities): Session Law 2018-5 sent “five million thirteen thousand dollars ($5,013,000)” to the North Carolina Collaboratory, which planned sampling of 348 sites across the state, 190 surface water intakes and 158 municipal public water supply wells, and in the end collected two rounds from “376 county and municipal drinking water sources in NC”. The money was state money and the capacity sat in universities, not in a community body.",,,#/case/genx-pfas/spine/pr/4/cl/0/cs/1
GenX Contamination in the Cape Fear River,Proposal case study,,,Federal grants fund standing local monitoring and legal capacity -> Standing local capacity carries the fight to statewide rule adoption. -> Federal funding builds standing local capacity.,,weak,,,2002-2006,United States,"Zhou et al. 2014, Morbidity and Mortality Weekly Report Supplements",https://pubmed.ncbi.nlm.nih.gov/24743665/,"Racial and Ethnic Approaches to Community Health (Federal money, local design, health delivery): The Centers for Disease Control and Prevention compared its funded communities with men in the same states: “the prevalence of current smoking significantly decreased and the quit ratio (percentage of ever smokers who have quit) significantly increased in REACH Vietnamese and Cambodian communities, but changes were minimal among all men in California or Massachusetts (where these communities were located)”. The funding agency evaluated its own program.",,,#/case/genx-pfas/spine/pr/4/cl/0/cs/2
GenX Contamination in the Cape Fear River,Proposal claim,,,Federal grants fund standing local monitoring and legal capacity -> Standing local capacity carries the fight to statewide rule adoption. -> Standing local capacity turns facility wins into statewide standards.,,,,,,,,,Standing local capacity turns facility wins into statewide standards.,,,#/case/genx-pfas/spine/pr/4/cl/1
GenX Contamination in the Cape Fear River,Proposal claim evidence,,,Federal grants fund standing local monitoring and legal capacity -> Standing local capacity carries the fight to statewide rule adoption. -> Standing local capacity turns facility wins into statewide standards.,,weak,,,,,"Michigan Department of Environment, Great Lakes, and Energy",https://www.michigan.gov/egle/about/organization/drinking-water-and-environmental-health/community-water-supply/pfas-drinking-water-rules,"Michigan set enforceable statewide drinking water limits for seven of these chemicals. Michigan's rules “amend current drinking water rules by establishing maximum contaminant levels (MCLs) and sampling requirements for seven PFAS compounds”, and the state reports that the final rules took effect on August 3, 2020. The record shows the adoption. It says nothing about what local capacity did to produce it.",These rules amend current drinking water rules by establishing maximum contaminant levels (MCLs) and sampling requirements for seven PFAS compounds.,,#/case/genx-pfas/spine/pr/4/cl/1/ev/0
GenX Contamination in the Cape Fear River,Proposal claim counter-evidence,,,Federal grants fund standing local monitoring and legal capacity -> Standing local capacity carries the fight to statewide rule adoption. -> Standing local capacity turns facility wins into statewide standards.,,strong,,,,,"Langpap and Shimshack 2010, Journal of Environmental Economics and Management",https://doi.org/10.1016/j.jeem.2009.12.001,"Where private citizens sued polluters, regulators monitored more but penalized less. Tracing what happens to public enforcement when citizens bring their own suits, the authors “use judicial instruments in an attempt to isolate the causal influence of private enforcement on public enforcement”, and “find that private citizen suits crowd in public monitoring but significantly crowd out public sanctions”.",We find that private citizen suits crowd in public monitoring but significantly crowd out public sanctions.,,#/case/genx-pfas/spine/pr/4/cl/1/cev/0
GenX Contamination in the Cape Fear River,Proposal claim counter-evidence,,,Federal grants fund standing local monitoring and legal capacity -> Standing local capacity carries the fight to statewide rule adoption. -> Standing local capacity turns facility wins into statewide standards.,,weak,,,,,"North Carolina General Assembly, House Bill 569 (2025-2026)",https://www.ncleg.gov/BillLookUp/2025/H569,"North Carolina's House passed a bill to make these polluters pay for cleanup, and the Senate has not acted on it. House Bill 569 passed the House 104 to 3 in May 2025. The Senate received it, referred it to committee on June 5, 2025, and the legislature's own record shows no action after that. Nine years of participation on the Cape Fear produced remediation at one plant, and no statewide standard has followed.",,,#/case/genx-pfas/spine/pr/4/cl/1/cev/1
GenX Contamination in the Cape Fear River,Proposal case study,,,Federal grants fund standing local monitoring and legal capacity -> Standing local capacity carries the fight to statewide rule adoption. -> Standing local capacity turns facility wins into statewide standards.,,weak,,,2020,Michigan,"Michigan Department of Environment, Great Lakes, and Energy",https://www.michigan.gov/egle/about/organization/drinking-water-and-environmental-health/community-water-supply/pfas-drinking-water-rules,"Michigan PFAS Drinking Water Limits (Enforceable statewide rules): The rules set maximum contaminant levels and sampling requirements for seven PFAS compounds and took effect on August 3, 2020. The state applies them to “all community water supplies and nontransient noncommunity water supplies”.",,,#/case/genx-pfas/spine/pr/4/cl/1/cs/0
GenX Contamination in the Cape Fear River,Proposal claim,,,Federal grants fund standing local monitoring and legal capacity -> Standing local capacity carries the fight to statewide rule adoption. -> Adopted standards protect the next community before exposure.,,,,,,,,,Adopted standards protect the next community before exposure.,,,#/case/genx-pfas/spine/pr/4/cl/2
GenX Contamination in the Cape Fear River,Proposal claim evidence,,,Federal grants fund standing local monitoring and legal capacity -> Standing local capacity carries the fight to statewide rule adoption. -> Adopted standards protect the next community before exposure.,,strong,,,,,"Nigra et al. 2017, The Lancet Public Health",https://doi.org/10.1016/S2468-2667(17)30195-0,"Arsenic in people's bodies fell after the federal limit took effect, and only among those drinking public water. Comparing public water users with private well users, whom the rule does not cover, urinary arsenic fell 17 percent over a decade among public water users while no change was observed among well water users. The authors conclude that “the decline in urinary arsenic among public water but not private well users in NHANES 2003-2014 indicates that the implementation of the current MCL has reduced arsenic exposure in the US population”.",The decline in urinary arsenic among public water but not private well users in NHANES 2003-2014 indicates that the implementation of the current MCL has reduced arsenic exposure in the US population.,"It measures exposure falling after a standard took effect, not a community protected before exposure began.",#/case/genx-pfas/spine/pr/4/cl/2/ev/0
GenX Contamination in the Cape Fear River,Proposal claim evidence,,,Federal grants fund standing local monitoring and legal capacity -> Standing local capacity carries the fight to statewide rule adoption. -> Adopted standards protect the next community before exposure.,,moderate,,,,,"Iyer et al. 2026, Environment International",https://doi.org/10.1016/j.envint.2026.110179,"Levels in New Jersey tap water fell after the state moved to set limits for these chemicals. New Jersey's drinking water institute recommended limits for three of these compounds between 2015 and 2018. Comparing quarterly test results from 47 water systems before and after, the researchers found “a 55% (95% CI: 11%, 77%) and 50% (95% CI: 14%, 71%) decline in PFOA and PFNA levels, respectively, following recommendation of MCLs”. There is no comparison group, and the authors note voluntary reductions and industry phase-outs as possible explanations.","There was a 55% (95% CI: 11%, 77%) and 50% (95% CI: 14%, 71%) decline in PFOA and PFNA levels, respectively, following recommendation of MCLs.",,#/case/genx-pfas/spine/pr/4/cl/2/ev/1
GenX Contamination in the Cape Fear River,Proposal claim counter-evidence,,,Federal grants fund standing local monitoring and legal capacity -> Standing local capacity carries the fight to statewide rule adoption. -> Adopted standards protect the next community before exposure.,,moderate,,,,,"Federal Register, May 20, 2026",https://www.federalregister.gov/documents/2026/05/20/2026-10085/rescission-of-regulatory-determinations-and-removal-of-related-provisions-for-four-pfas-substances,"The Environmental Protection Agency proposed rescinding the limits for four of these chemicals, including GenX. Adoption does not guarantee persistence. In May 2026 the agency proposed “to rescind its regulatory determinations to regulate four per- and polyfluoroalkyl substances (PFAS)”, GenX among them, on the ground that under the best reading of the statute it is not authorized to set determinations and limits at the same time. The rescission is a proposal, not a final rule.",The Environmental Protection Agency (EPA) is proposing to rescind its regulatory determinations to regulate four per- and polyfluoroalkyl substances (PFAS),,#/case/genx-pfas/spine/pr/4/cl/2/cev/0
GenX Contamination in the Cape Fear River,Proposal claim counter-evidence,,,Federal grants fund standing local monitoring and legal capacity -> Standing local capacity carries the fight to statewide rule adoption. -> Adopted standards protect the next community before exposure.,,moderate,,,,,"Li et al. 2026, Next Research",https://doi.org/10.1016/j.nexres.2026.101827,"States with more water-focused rules for these chemicals showed more detections, not fewer. Across 56,856 public water systems, “total policy counts were not associated with lower PFAS detection in UCMR5, except for a borderline reduction in PFBS”, and “greater concentrations of water-focused policies were linked to increased PFAS detections, likely reflecting enhanced surveillance or responses in high-burden states”. The authors read this as more looking rather than less protection.","Greater concentrations of water-focused policies were linked to increased PFAS detections, likely reflecting enhanced surveillance or responses in high-burden states.",,#/case/genx-pfas/spine/pr/4/cl/2/cev/1
GenX Contamination in the Cape Fear River,Timeline entry,,,,,,,,1951,"DuPont, 3M",SearchlightNM,https://searchlightnm.org/toxic-timeline-a-brief-history-of-pfas,"DuPont began using PFOA (perfluorooctanoic acid), a type of PFAS ""forever"" chemical, at Washington Works in Parkersburg, West Virginia to make Teflon coatings. The chemical was also known as C8, and DuPont bought it from 3M. The plant's C8 waste reached the Ohio River. No regulatory disclosure required: US environmental laws did not exist until the 1970s, and as late as 1998 virtually no one outside DuPont and 3M had heard of C8.",,,#/case/genx-pfas/timeline
GenX Contamination in the Cape Fear River,Timeline entry,,,,,,,,1951,"DuPont, 3M",Earth Island Journal,https://www.earthisland.org/journal/index.php/magazine/entry/teflons_toxic_legacy/,"DuPont began using PFOA (perfluorooctanoic acid), a type of PFAS ""forever"" chemical, at Washington Works in Parkersburg, West Virginia to make Teflon coatings. The chemical was also known as C8, and DuPont bought it from 3M. The plant's C8 waste reached the Ohio River. No regulatory disclosure required: US environmental laws did not exist until the 1970s, and as late as 1998 virtually no one outside DuPont and 3M had heard of C8.",,,#/case/genx-pfas/timeline
GenX Contamination in the Cape Fear River,Timeline entry,,,,,,,,1961,DuPont Internal Scientists,Levin Law,https://levinlaw.com/dupont-c8-and-health,"DuPont scientists issued internal warnings about PFOA health risks. The company's own toxicologists flagged concerns about accumulation and organ effects. The warnings stayed in confidential memos. DuPont did not share them with EPA, workers, or the public.",,,#/case/genx-pfas/timeline
GenX Contamination in the Cape Fear River,Timeline entry,,,,,,,,1970s,"DuPont, 3M Epidemiology Teams",EWG EPA Timeline,https://static.ewg.org/reports/2020/pfas-epa-timeline/EPA-PFAS-Timeline-10-21.pdf,"DuPont began a testing program in 1978 and by 1980 had found elevated levels of PFOA in the blood of Washington Works factory workers. TSCA Section 8(e) required the company to report substantial risks, and the company did not report this to EPA. 3M's own health studies of workers reported no adverse effects, a framing both companies used for years to deflect concern.",,,#/case/genx-pfas/timeline
GenX Contamination in the Cape Fear River,Timeline entry,,,,,,,,1970s,"DuPont, 3M Epidemiology Teams",Levin Law,https://levinlaw.com/dupont-c8-and-health,"DuPont began a testing program in 1978 and by 1980 had found elevated levels of PFOA in the blood of Washington Works factory workers. TSCA Section 8(e) required the company to report substantial risks, and the company did not report this to EPA. 3M's own health studies of workers reported no adverse effects, a framing both companies used for years to deflect concern.",,,#/case/genx-pfas/timeline
GenX Contamination in the Cape Fear River,Timeline entry,,,,,,,,1978–1981,"DuPont, 3M",Levin Law,https://levinlaw.com/dupont-c8-and-health,"DuPont reassigned 50 women from the Teflon division but did not tell them why. The company's formal testing had confirmed elevated PFOA in workers by 1980. An internal memo concluded: 'continued exposure is not tolerable.' Between 1979 and 1981, two of seven children born to female Washington Works employees had birth defects. 3M sent DuPont results showing PFOA causes birth defects in rats.",,,#/case/genx-pfas/timeline
GenX Contamination in the Cape Fear River,Timeline entry,,,,,,,,1980,"DuPont, Fayetteville Works",CBS News,https://www.cbsnews.com/news/wilmington-nc-cape-fear-river-water-tainted-genx-dupont-chemours/,"DuPont began discharging GenX, a chemical used in a patented manufacturing process, from its Fayetteville Works plant in Bladen County, NC into the Cape Fear River. The river is the primary drinking-water source for downstream communities including Wilmington (approximately 250,000 people). No regulatory requirement mandated disclosure to the public. Discharge continued largely unmonitored for 37 years.",,,#/case/genx-pfas/timeline
GenX Contamination in the Cape Fear River,Timeline entry,,,,,,,,1981,DuPont,EWG,https://www.ewg.org/news-insights/news-release/epa-finds-dupont-guilty-withholding-teflon-blood-and-water-pollution,"DuPont tested tap water in communities on both sides of the Ohio River from Washington Works and found PFOA contamination, including in public drinking water. The company marked the results 'personal and confidential' and never reported them to EPA. DuPont also found that PFOA crosses the placenta into cord blood. This was active concealment of known drinking-water contamination from regulators and the public.",,,#/case/genx-pfas/timeline
GenX Contamination in the Cape Fear River,Timeline entry,,,,,,,,1981,DuPont,NYT,https://www.nytimes.com/2016/01/10/magazine/the-lawyer-who-became-duponts-worst-nightmare.html,"DuPont tested tap water in communities on both sides of the Ohio River from Washington Works and found PFOA contamination, including in public drinking water. The company marked the results 'personal and confidential' and never reported them to EPA. DuPont also found that PFOA crosses the placenta into cord blood. This was active concealment of known drinking-water contamination from regulators and the public.",,,#/case/genx-pfas/timeline
GenX Contamination in the Cape Fear River,Timeline entry,,,,,,,,1998,"3M, EPA Office of Toxic Substances",EWG EPA Timeline,https://static.ewg.org/reports/2020/pfas-epa-timeline/1998_3M-Alerts-EPA.pdf,3M alerted EPA that PFOS builds up in blood and sent rat studies showing liver damage from PFAS exposure. This was the first formal notice EPA received of the buildup problem. 3M's letter described PFOS at 9 to 56 parts per billion in blood bank samples from people with no known workplace exposure. That meant PFAS were already in the general population's blood. The letter triggered EPA's first sustained look at PFAS in people's blood.,,,#/case/genx-pfas/timeline
GenX Contamination in the Cape Fear River,Timeline entry,,,,,,participation (timeline),,1998,"Wilbur Tennant, Rob Bilott, DuPont",Taft Law,https://www.taftlaw.com/services/case-studies/taft-is-a-global-leader-in-pfas-forever-chemicals-litigation-and-advisory-work,"Wilbur Tennant, a West Virginia farmer, contacted attorney Rob Bilott after he observed cattle deaths, creek contamination, and unusual changes near DuPont's Dry Run Landfill. Tennant's documentation, including videos and animal illness records, became the trigger for federal litigation.",,,#/case/genx-pfas/timeline
GenX Contamination in the Cape Fear River,Timeline entry,,,,,,participation (timeline),,1998,"Wilbur Tennant, Rob Bilott, DuPont",NYT,https://www.nytimes.com/2016/01/10/magazine/the-lawyer-who-became-duponts-worst-nightmare.html,"Wilbur Tennant, a West Virginia farmer, contacted attorney Rob Bilott after he observed cattle deaths, creek contamination, and unusual changes near DuPont's Dry Run Landfill. Tennant's documentation, including videos and animal illness records, became the trigger for federal litigation.",,,#/case/genx-pfas/timeline
GenX Contamination in the Cape Fear River,Timeline entry,,,,,,,,1999,"EPA, 3M",EWG EPA Timeline,https://static.ewg.org/reports/2020/pfas-epa-timeline/EPA-PFAS-Timeline-10-21.pdf,EPA began an audit of 3M studies in response to 3M's 1998 disclosures and negotiated a formal TSCA Compliance Audit Agreement. EPA eventually collected over 700 studies from 3M under this process.,,,#/case/genx-pfas/timeline
GenX Contamination in the Cape Fear River,Timeline entry,,,,,,,,2000,"Rob Bilott, Federal Court, DuPont, EPA and DOJ as Recipients",Taft Law,https://www.taftlaw.com/services/case-studies/taft-is-a-global-leader-in-pfas-forever-chemicals-litigation-and-advisory-work,"Court-ordered discovery in the Tennant case produced internal DuPont records about PFOA. Bilott warned EPA, DOJ, and other officials about PFAS dangers. Litigation created a public-record pathway that ordinary regulation had not produced.",,,#/case/genx-pfas/timeline
GenX Contamination in the Cape Fear River,Timeline entry,,,,,,,,2000,"Rob Bilott, Federal Court, DuPont, EPA and DOJ as Recipients",NYT,https://www.nytimes.com/2016/01/10/magazine/the-lawyer-who-became-duponts-worst-nightmare.html,"Court-ordered discovery in the Tennant case produced internal DuPont records about PFOA. Bilott warned EPA, DOJ, and other officials about PFAS dangers. Litigation created a public-record pathway that ordinary regulation had not produced.",,,#/case/genx-pfas/timeline
GenX Contamination in the Cape Fear River,Timeline entry,,,,,,participation (timeline),,2001,"Exposed Residents, Bilott Legal Team, DuPont, Wood County Circuit Court",PMC,https://pmc.ncbi.nlm.nih.gov/articles/PMC2799461,"Roughly 70,000 residents in six Ohio and West Virginia water districts sued DuPont over PFOA-contaminated drinking water. Plaintiffs led by Joseph K. Leach filed Leach v. Du Pont as a class-action lawsuit in West Virginia.",,,#/case/genx-pfas/timeline
GenX Contamination in the Cape Fear River,Timeline entry,,,,,,participation (timeline),,2001,"Exposed Residents, Bilott Legal Team, DuPont, Wood County Circuit Court",Taft Law,https://www.taftlaw.com/services/case-studies/taft-is-a-global-leader-in-pfas-forever-chemicals-litigation-and-advisory-work,"Roughly 70,000 residents in six Ohio and West Virginia water districts sued DuPont over PFOA-contaminated drinking water. Plaintiffs led by Joseph K. Leach filed Leach v. Du Pont as a class-action lawsuit in West Virginia.",,,#/case/genx-pfas/timeline
GenX Contamination in the Cape Fear River,Timeline entry,,,,,,participation (timeline),,2004,"Exposed Residents, Bilott Legal Team, DuPont, Wood County Circuit Court",PMC,https://pmc.ncbi.nlm.nih.gov/articles/PMC2799461,"The 2004 settlement in Leach v. Du Pont required DuPont to fund the C8 Science Panel. Three independent, court-supervised epidemiologists, paid by DuPont but working independently, had the task of determining whether PFOA actually caused disease in the exposed population.",,,#/case/genx-pfas/timeline
GenX Contamination in the Cape Fear River,Timeline entry,,,,,,participation (timeline),,2004,"Exposed Residents, Bilott Legal Team, DuPont, Wood County Circuit Court",Taft Law,https://www.taftlaw.com/services/case-studies/taft-is-a-global-leader-in-pfas-forever-chemicals-litigation-and-advisory-work,"The 2004 settlement in Leach v. Du Pont required DuPont to fund the C8 Science Panel. Three independent, court-supervised epidemiologists, paid by DuPont but working independently, had the task of determining whether PFOA actually caused disease in the exposed population.",,,#/case/genx-pfas/timeline
GenX Contamination in the Cape Fear River,Timeline entry,,,,,,,,12/2005,"EPA, DuPont",EWG EPA Timeline,https://www.epa.gov/archive/epapages/newsroom_archive/newsreleases/fdcb2f665cac66bb852570d7005d6665.html,"EPA fined DuPont $10.25 million, the largest civil administrative penalty in EPA history at the time, for failing to report substantial risk of injury to human health from PFOA, with violations going back to the 1980s. EPA's own Science Advisory Board issued a draft finding that PFOA is a 'likely human carcinogen.' The fine resolved the violations but set no enforceable limits on continued production, use, or release of PFOA.",,,#/case/genx-pfas/timeline
GenX Contamination in the Cape Fear River,Timeline entry,,,,,,,,08/2006,"C8 Health Project, Class Members, Independent Administrators",PMC,https://pmc.ncbi.nlm.nih.gov/articles/PMC2799461/,"A private firm, Brookmar Inc., ran the C8 Health Project under court supervision. It set up clinics around the mid-Ohio Valley between August 2005 and August 2006 to draw blood and collect health questionnaires from about 69,000 to 70,000 exposed residents. The project then transferred the dataset to West Virginia University as a long-term research resource.",,,#/case/genx-pfas/timeline
GenX Contamination in the Cape Fear River,Timeline entry,,,,,,,,2006,"EPA, DuPont, 3M/Dyneon, Other PFAS Companies",EPA,https://nepis.epa.gov/Exe/ZyNET.exe/901S0J00.TXT?ZyActionD=ZyDocument&Client=EPA&Index=2006+Thru+2010&Docs=&Query=&Time=&EndTime=&SearchMethod=1&TocRestrict=n&Toc=&TocEntry=&QField=&QFieldYear=&QFieldMonth=&QFieldDay=&IntQFieldOp=0&ExtQFieldOp=0&XmlQuery=&File=D%3A%5Czyfiles%5CIndex%20Data%5C06thru10%5CTxt%5C00000001%5C901S0J00.txt&User=ANONYMOUS&Password=anonymous&SortMethod=h%7C-&MaximumDocuments=1&FuzzyDegree=0&ImageQuality=r75g8/r75g8/x150y150g16/i425&Display=hpfr&DefSeekPage=x&SearchBack=ZyActionL&Back=ZyActionS&BackDesc=Results%20page&MaximumPages=1&ZyEntry=1&SeekPage=x&ZyPURL,"EPA's Science Advisory Board publicly reviewed a draft PFOA risk assessment. In a report released April 2006, it recommended classifying PFOA, the chemical used in Teflon pans, as ""likely to be carcinogenic to humans,"" a conclusion the press covered widely at the time. This was the earliest public acknowledgement.",,,#/case/genx-pfas/timeline
GenX Contamination in the Cape Fear River,Timeline entry,,,,,,,,2009,"EPA Office of Chemical Safety and Pollution Prevention, DuPont",EPA OIG,https://www.epa.gov/sites/default/files/2020-05/documents/_epaoig_20200528-20-e-0177_0.pdf,"EPA entered a TSCA Section 5(e) consent order with DuPont for GenX-related substances. The order required 99 percent capture, destruction, recycling, or control of effluent and air emissions. EPA formally recognized insufficient information and potential unreasonable risk, but it allowed manufacture under negotiated controls. It did not ban the chemical or require full premarket proof of safety.",,,#/case/genx-pfas/timeline
GenX Contamination in the Cape Fear River,Timeline entry,,,,,,,,2012,"C8 Science Panel, Wood County Circuit Court, Exposed Class",PMC,https://pmc.ncbi.nlm.nih.gov/articles/PMC3855507,"The C8 Science Panel came out of the Leach v. Du Pont settlement as an independent scientific body that analyzed prior datasets and issued causal conclusions. The court appointed three academic epidemiologists (from the University of London, Brown University, and Emory), paid by DuPont, to use the C8 Health Project data and other studies. Their task was to decide whether PFOA exposure had probable links to specific diseases and cancers in that community, including kidney cancer, testicular cancer, ulcerative colitis, thyroid disease, high cholesterol, and pregnancy-induced hypertension.",,,#/case/genx-pfas/timeline
GenX Contamination in the Cape Fear River,Timeline entry,,,,,,,,2012,"C8 Science Panel, Wood County Circuit Court, Exposed Class",C8 Science Panel,https://www.c8sciencepanel.org/,"The C8 Science Panel came out of the Leach v. Du Pont settlement as an independent scientific body that analyzed prior datasets and issued causal conclusions. The court appointed three academic epidemiologists (from the University of London, Brown University, and Emory), paid by DuPont, to use the C8 Health Project data and other studies. Their task was to decide whether PFOA exposure had probable links to specific diseases and cancers in that community, including kidney cancer, testicular cancer, ulcerative colitis, thyroid disease, high cholesterol, and pregnancy-induced hypertension.",,,#/case/genx-pfas/timeline
GenX Contamination in the Cape Fear River,Timeline entry,,,,,,,,08/2012,EPA National Exposure Research Laboratory (Strynar et al.),"Strynar et al. 2015, ES&T",https://pubs.acs.org/doi/10.1021/acs.est.5b01215,"EPA research scientists collected Cape Fear River water samples in summer 2012 and identified 12 novel fluorinated compounds, including GenX, downstream of the Fayetteville Works plant. The findings appeared in a 2015 journal paper and stayed inside agencies and journals. No one notified downstream utilities or the public.",,,#/case/genx-pfas/timeline
GenX Contamination in the Cape Fear River,Timeline entry,,,,,,,,08/2012,EPA National Exposure Research Laboratory (Strynar et al.),"Strynar et al. 2015 (open copy, NC State CHHE)",https://chhe.research.ncsu.edu/wordpress/wp-content/uploads/2018/05/Ethers_Strynar_EST2015.pdf,"EPA research scientists collected Cape Fear River water samples in summer 2012 and identified 12 novel fluorinated compounds, including GenX, downstream of the Fayetteville Works plant. The findings appeared in a 2015 journal paper and stayed inside agencies and journals. No one notified downstream utilities or the public.",,,#/case/genx-pfas/timeline
GenX Contamination in the Cape Fear River,Timeline entry,,,,,,,,2015,"DuPont, Chemours",EPA OIG,https://www.epa.gov/sites/default/files/2020-05/documents/_epaoig_20200528-20-e-0177_0.pdf,"DuPont spun off its performance-chemicals business into Chemours and transferred the relevant rights and operations to the new company. This made it harder for regulators to coordinate EPA TSCA consent orders. Oversight and remediation now required aligning obligations, data, and enforcement across both companies; Chemours alone was no longer the sole responsible actor.",,,#/case/genx-pfas/timeline
GenX Contamination in the Cape Fear River,Timeline entry,,,,,,,,11/2016,North Carolina State University,ACS,https://pubs.acs.org/doi/10.1021/acs.estlett.6b00398,Scientists published evidence of legacy and emerging PFAS in the Cape Fear River watershed and found mean GenX concentrations of 631 ng/L downstream of a PFAS manufacturer. This was the key scientific disclosure. It showed that replacement PFAS were drinking-water contaminants and that conventional treatment did not remove them.,,,#/case/genx-pfas/timeline
GenX Contamination in the Cape Fear River,Timeline entry,,,,,,participation (timeline),,06/2017,"Vaughn Hagerty, Wilmington StarNews",Coastal Review,https://coastalreview.org/2022/06/vaughn-hagerty-the-reporter-who-broke-the-genx-story/,"The Wilmington StarNews published ""Toxin taints CFPUA drinking water"" on June 7, 2017. The story reported GenX discharge affecting drinking water for roughly 250,000 people. The reporter found the story by browsing EPA's public UCMR3 monitoring database and reaching the Sun et al. paper. One reporter performed the notification function that no statute assigned to anyone.",,,#/case/genx-pfas/timeline
GenX Contamination in the Cape Fear River,Timeline entry,,,,,,participation (timeline),,06/2017,"Vaughn Hagerty, Wilmington StarNews",WRAL timeline,https://www.wral.com/story/timeline-tracking-the-route-of-genx-in-the-cape-fear-river/16869639/,"The Wilmington StarNews published ""Toxin taints CFPUA drinking water"" on June 7, 2017. The story reported GenX discharge affecting drinking water for roughly 250,000 people. The reporter found the story by browsing EPA's public UCMR3 monitoring database and reaching the Sun et al. paper. One reporter performed the notification function that no statute assigned to anyone.",,,#/case/genx-pfas/timeline
GenX Contamination in the Cape Fear River,Timeline entry,,,,,,participation (timeline),,06/2017,"CFPUA Board, Independent Reviewers",Port City Daily,https://portcitydaily.com/local-news/2017/06/17/news-cfpua-board-calls-for-chemours-to-stop-dumping-genx-into-cape-fear-river/,"The Cape Fear Public Utility Authority (CFPUA) Board of Directors held a special meeting on June 16, 2017 and passed two resolutions. The first asked Chemours to cease all discharges containing fluorochemical compounds until DHHS and EPA determined what levels were safe. The second authorized CFPUA's independent environmental counsel to take whatever actions it deemed necessary. The board chairman also called for an internal review of the utility's communication on GenX, led by the board's co-chairwoman and a former board attorney. The review concluded that staff had acted appropriately. The reviewers did not interview the utility's former communications chief.",,,#/case/genx-pfas/timeline
GenX Contamination in the Cape Fear River,Timeline entry,,,,,,participation (timeline),,06/2017,"CFPUA Board, Independent Reviewers",Port City Daily,https://portcitydaily.com/local-news/2017/06/22/cfpua-wraps-review-of-communication-practices-doesnt-talk-to-former-communication-chief-news,"The Cape Fear Public Utility Authority (CFPUA) Board of Directors held a special meeting on June 16, 2017 and passed two resolutions. The first asked Chemours to cease all discharges containing fluorochemical compounds until DHHS and EPA determined what levels were safe. The second authorized CFPUA's independent environmental counsel to take whatever actions it deemed necessary. The board chairman also called for an internal review of the utility's communication on GenX, led by the board's co-chairwoman and a former board attorney. The review concluded that staff had acted appropriately. The reviewers did not interview the utility's former communications chief.",,,#/case/genx-pfas/timeline
GenX Contamination in the Cape Fear River,Timeline entry,,,,,,participation (timeline),,06/2017,"Wilmington Residents, Cancer Moms, Mayor Saffo",CBS News,https://www.cbsnews.com/news/wilmington-nc-cape-fear-river-water-tainted-genx-dupont-chemours/,"Residents overflowed the Wilmington City Council meeting. Local mothers whose children had cancer, quickly dubbed the cancer moms, showed up demanding answers. Mayor Bill Saffo said publicly he was alarmed after Chemours officials told him the discharge had been going on since 1980. Residents had learned about the contamination from the newspaper, not from the government.",,,#/case/genx-pfas/timeline
GenX Contamination in the Cape Fear River,Timeline entry,,,,,,,,06/2017,"NC DEQ, NC DHHS",NC DEQ,https://www.deq.nc.gov/news/key-issues/genx-investigation,"The North Carolina Department of Environmental Quality (NC DEQ) and the Department of Health and Human Services (DHHS) began investigating GenX in the Cape Fear River after public reporting identified Chemours Fayetteville Works as the source. State action began only after public disclosure, which made public pressure central to the case.",,,#/case/genx-pfas/timeline
GenX Contamination in the Cape Fear River,Timeline entry,,,,,,,,06/2017,"NC DEQ, NC DHHS",SELC,https://www.selc.org/wp-content/uploads/2022/12/2022-12-05-SELC-timeline-NC-GenX-PFAS-pollution-Chemours.pdf,"The North Carolina Department of Environmental Quality (NC DEQ) and the Department of Health and Human Services (DHHS) began investigating GenX in the Cape Fear River after public reporting identified Chemours Fayetteville Works as the source. State action began only after public disclosure, which made public pressure central to the case.",,,#/case/genx-pfas/timeline
GenX Contamination in the Cape Fear River,Timeline entry,,,,,,,,06/2017,EPA Region 4,EPA OIG,https://www.epa.gov/sites/default/files/2020-05/documents/_epaoig_20200528-20-e-0177_0.pdf,"EPA conducted its first on-site TSCA compliance monitoring inspection at Fayetteville Works, eight years after the 2009 consent order that required 99% capture and control. Media attention and state agency pressure triggered the inspection, not internal EPA monitoring or scheduled compliance review.",,,#/case/genx-pfas/timeline
GenX Contamination in the Cape Fear River,Timeline entry,,,,,,,,09/2017,"NC DEQ, Chemours, Bladen County Superior Court",SELC,https://www.selc.org/wp-content/uploads/2022/12/2022-12-05-SELC-timeline-NC-GenX-PFAS-pollution-Chemours.pdf,NC DEQ sued Chemours and entered a partial consent order. The order required Chemours to prevent discharge of processed wastewater containing GenX (named for the patented manufacturing process) and two other PFAS compounds. This was the first state enforcement that imposed enforceable pollution-control obligations.,,,#/case/genx-pfas/timeline
GenX Contamination in the Cape Fear River,Timeline entry,,,,,,participation (timeline),,11/2017,"NC State (Knappe, Hoppin, et al.), 344 Wilmington Volunteers, NIEHS",GenX Study,https://genxstudy.ncsu.edu/study-overview,"NC State University launched the GenX Exposure Study in November 2017 and collected blood, urine, and tap water samples from 344 New Hanover County residents. NIEHS funded the study, and researchers ran it with community partners, Cape Fear River Watch and the New Hanover County Health Department. The study committed to share all results with both the community as a whole and each individual participant.",,,#/case/genx-pfas/timeline
GenX Contamination in the Cape Fear River,Timeline entry,,,,,,participation (timeline),,11/2017,"NC State (Knappe, Hoppin, et al.), 344 Wilmington Volunteers, NIEHS",GenX Study timeline,https://genxstudy.ncsu.edu/study-timeline/,"NC State University launched the GenX Exposure Study in November 2017 and collected blood, urine, and tap water samples from 344 New Hanover County residents. NIEHS funded the study, and researchers ran it with community partners, Cape Fear River Watch and the New Hanover County Health Department. The study committed to share all results with both the community as a whole and each individual participant.",,,#/case/genx-pfas/timeline
GenX Contamination in the Cape Fear River,Timeline entry,,,,,,participation (timeline),,11/2017,"NC State (Knappe, Hoppin, et al.), 344 Wilmington Volunteers, NIEHS",NC State News,https://news.ncsu.edu/2017/11/genx-study/,"NC State University launched the GenX Exposure Study in November 2017 and collected blood, urine, and tap water samples from 344 New Hanover County residents. NIEHS funded the study, and researchers ran it with community partners, Cape Fear River Watch and the New Hanover County Health Department. The study committed to share all results with both the community as a whole and each individual participant.",,,#/case/genx-pfas/timeline
GenX Contamination in the Cape Fear River,Timeline entry,,,,,,participation (timeline),,11/2017,"Emily Donovan, Kemp Burdette, Community Activists",Action Network,https://actionnetwork.org/petitions/sign-our-letter-telling-congress-enough-stop-harmful-spread-of-pfas,"Advocacy groups formed across the region. Local mother Emily Donovan formed Clean Cape Fear with riverkeeper Kemp Burdette and six others. A Facebook group, ""Stop GenX in Our Water,"" had more than 9,000 members by August 2017. Cape Fear River Watch, the Brunswick Environmental Action Team, and the NAACP's Environmental Climate Justice program also organized around GenX. Clean Cape Fear later petitioned Congress to regulate PFAS as a class and to designate PFAS as hazardous substances under CERCLA so that manufacturers pay for cleanup.",,,#/case/genx-pfas/timeline
GenX Contamination in the Cape Fear River,Timeline entry,,,,,,participation (timeline),,11/2017,"Emily Donovan, Kemp Burdette, Community Activists",Coastal Review,https://coastalreview.org/2017/08/genx-response-activists-rally-clean-water/,"Advocacy groups formed across the region. Local mother Emily Donovan formed Clean Cape Fear with riverkeeper Kemp Burdette and six others. A Facebook group, ""Stop GenX in Our Water,"" had more than 9,000 members by August 2017. Cape Fear River Watch, the Brunswick Environmental Action Team, and the NAACP's Environmental Climate Justice program also organized around GenX. Clean Cape Fear later petitioned Congress to regulate PFAS as a class and to designate PFAS as hazardous substances under CERCLA so that manufacturers pay for cleanup.",,,#/case/genx-pfas/timeline
GenX Contamination in the Cape Fear River,Timeline entry,,,,,,,,05/2018,"NC DEQ, Cape Fear River Watch",SELC,https://www.selc.org/wp-content/uploads/2022/12/2022-12-05-SELC-timeline-NC-GenX-PFAS-pollution-Chemours.pdf,"DEQ amended its complaint in April 2018 after it discovered that Chemours also released PFAS through air emissions. On May 7, 2018, SELC sent Chemours a notice of intent to sue on behalf of Cape Fear River Watch, as Cape Fear River Watch and SELC pursued citizen-suit strategies under the Clean Water Act and TSCA. The problem expanded from river discharge to air, surface water, groundwater, and private drinking water wells.",,,#/case/genx-pfas/timeline
GenX Contamination in the Cape Fear River,Timeline entry,,,,,,,,05/2018,"NC DEQ, Cape Fear River Watch",NC DEQ,https://www.deq.nc.gov/news/key-issues/genx-investigation/chemours-consent-order,"DEQ amended its complaint in April 2018 after it discovered that Chemours also released PFAS through air emissions. On May 7, 2018, SELC sent Chemours a notice of intent to sue on behalf of Cape Fear River Watch, as Cape Fear River Watch and SELC pursued citizen-suit strategies under the Clean Water Act and TSCA. The problem expanded from river discharge to air, surface water, groundwater, and private drinking water wells.",,,#/case/genx-pfas/timeline
GenX Contamination in the Cape Fear River,Timeline entry,,,,,,,,2018–2019,"NC DEQ, Cape Fear River Watch, Chemours, State Court",Cape Fear River Watch,https://capefearriverwatch.org/wp-content/uploads/2020/07/Consent-Order-file-stamped-and-fully-executed-b-w-.pdf,"North Carolina DEQ and Cape Fear River Watch negotiated a consent order with Chemours, which a state court made enforceable through public notice and comment. The order required large PFAS emission cuts, an end to unpermitted discharges, groundwater cleanup, alternative drinking water for affected users, and extensive testing and reporting.",,,#/case/genx-pfas/timeline
Youth Mental Health & Addiction on Meta Platforms,Timeline entry,,,,,,,,05/2007,Comscore,Comscore,https://www.comscore.com/Insights/Press-Releases/2007/07/Teenagers-and-Adults-Flood-Facebook,"When Facebook dropped its university-email requirement, teen usage exploded. By May 2007, the 12–17 age group had grown 149% year-over-year, from 1.6 million to 4.1 million US teen visitors in a single year. Pages viewed grew 143% and average time on site rose to 186 minutes per visitor per month.",,,#/case/meta-youth/timeline
Youth Mental Health & Addiction on Meta Platforms,Timeline entry,,,,,,,,04/2012,"Facebook, Instagram, Mark Zuckerberg",Yahoo Finance,https://finance.yahoo.com/blogs/breakout/facebook-snaps-instagram-1-billion-deal-193538763.html,"Facebook purchases Instagram for $1 billion, placing the platform's design, algorithm, and user data under its control at the precise moment Instagram was reaching mass adolescent adoption.",,,#/case/meta-youth/timeline
Youth Mental Health & Addiction on Meta Platforms,Timeline entry,,,,,,,,2010s,Academic Researchers,SBS News,https://www.sbs.com.au/news/article/strikingly-low/djrl43rwz,"Researchers now identify the early 2010s as a major inflection point, when visually-driven platforms like Instagram and Snapchat took off. Analysis of the HILDA survey, which tracks more than 17,000 Australians each year from 2001 onward, found that the mental health scores of young women ages 15–24 were stable through 2011, then fell from 73% to 62% by 2022. Another study of 11,876 children similarly found that increases in social media use during early adolescence predicted greater depressive symptoms one year later.",,,#/case/meta-youth/timeline
Youth Mental Health & Addiction on Meta Platforms,Timeline entry,,,,,,,,2010s,Academic Researchers,PubMed,https://pubmed.ncbi.nlm.nih.gov/40397441/,"Researchers now identify the early 2010s as a major inflection point, when visually-driven platforms like Instagram and Snapchat took off. Analysis of the HILDA survey, which tracks more than 17,000 Australians each year from 2001 onward, found that the mental health scores of young women ages 15–24 were stable through 2011, then fell from 73% to 62% by 2022. Another study of 11,876 children similarly found that increases in social media use during early adolescence predicted greater depressive symptoms one year later.",,,#/case/meta-youth/timeline
Youth Mental Health & Addiction on Meta Platforms,Timeline entry,,,,,,,,02/2017,Academic Researchers,PubMed,https://pubmed.ncbi.nlm.nih.gov/30944443,"External academic literature on social media and adolescent mental health grows substantially; researchers in the UK and the US publish contested but influential findings. Evidence is correlational. The direction of causation, whether social media causes depression or depressed teens use more social media, still remains unresolved.",,,#/case/meta-youth/timeline
Youth Mental Health & Addiction on Meta Platforms,Timeline entry,,,,,,,,01/2018,"Facebook, Adam Mosseri, Mark Zuckerberg",Meta Newsroom,https://about.fb.com/news/2018/01/news-feed-fyi-bringing-people-closer-together,"Facebook changed its News Feed algorithm to show users more posts that were likely to generate comments and reactions. To make room for this content, Facebook reduced the visibility of posts from news organizations and public pages. The company argued that encouraging more social interaction would improve users’ wellbeing, but it did not publicly disclose what its internal research suggested about the long-term effects of these engagement-driven changes on teenagers.",,,#/case/meta-youth/timeline
Youth Mental Health & Addiction on Meta Platforms,Timeline entry,,,,,,,,04/2018,"Ponemon Institute, ~3,000 Facebook users",Business Insider,https://www.businessinsider.com/facebook-trust-collapses-after-cambridge-analytica-data-scandal-2018-4,"Trust in Facebook collapses 66% after Cambridge Analytica. Only 28% of Facebook users believe the company is committed to protecting personal information, down from 79% just one year earlier in 2017. Meta conducts harmful practices, gets caught, and apologizes.",,,#/case/meta-youth/timeline
Youth Mental Health & Addiction on Meta Platforms,Timeline entry,,,,,,,,09/2020,"CDC, Academic Researchers, Clinical Professionals",PMC,https://pmc.ncbi.nlm.nih.gov/articles/PMC9176070/,"Adolescent mental health trends worsen measurably and publicly. The CDC, youth health researchers, and school counselors publish rising rates of teen depression, anxiety, self-harm, and suicidality. Emergency room visits for self-harm among girls ages 10 to 14 have more than doubled since 2009, according to CDC data. Independent researchers cannot identify causes because they lack access to platform data.",,,#/case/meta-youth/timeline
Youth Mental Health & Addiction on Meta Platforms,Timeline entry,,,,,,,,03/2021,"Meta, Adam Mosseri",Business Insider,https://www.businessinsider.com/facebook-building-instagram-app-for-kids-under-13-report-2021-3/,"Facebook confirms it is developing Instagram Kids for under‑13 tweens, describing it as a “parent‑controlled experience” in a statement and blog posts after BuzzFeed first reports the project.",,,#/case/meta-youth/timeline
Youth Mental Health & Addiction on Meta Platforms,Timeline entry,,,,,,,,03/2021,Congress,Senate,https://www.markey.senate.gov/news/press-releases/senators-markey-sasse-blunt-schatz-collins-bennet-and-reps-raskin-gonzalez-trahan-reintroduce-bipartisan-bicameral-legislation-to-study-impact-of-technology-and-media-on-children,"Senate proposes the CAMRA Act (Children and Media Research Advancement Act). Bipartisan bill led by Senators Bennet and Markey to give NIH tens of millions of dollars to study how social media and other digital media affect childhood cognitive, physical, and socio‑emotional development. Introduced 2018, reintroduced 2019 and 2021, but not actually passed until it was folded into the 2023 omnibus.",,,#/case/meta-youth/timeline
Youth Mental Health & Addiction on Meta Platforms,Timeline entry,,,,,,,,05/2021,State AGs,NAAG,https://www.naag.org/press-releases/attorneys-general-urge-facebook-to-abandon-launch-of-instagram-kids/,"A bipartisan group of 44 state attorney generals and 90+ advocacy groups publicly urge Zuckerberg to abandon Instagram Kids, warning it would harm children’s mental health and privacy.",,,#/case/meta-youth/timeline
Youth Mental Health & Addiction on Meta Platforms,Timeline entry,,,,,,,,09/2021,"Wall Street Journal, Meta Researchers, Leadership",Meta Newsroom,https://about.fb.com/news/2021/09/research-teen-well-being-and-instagram,"WSJ publishes the 'Facebook Files' revealing internal Meta research slides. One slide states, ""we make body image issues worse for one in three teen girls."" The research documents associations between Instagram use and negative body image, anxiety, depression, and social comparison among teen girls.",,,#/case/meta-youth/timeline
Youth Mental Health & Addiction on Meta Platforms,Timeline entry,,,,,,,,09/2021,"Wall Street Journal, Meta Researchers, Leadership",WSJ,https://www.wsj.com/tech/personal-tech/facebook-knows-instagram-is-toxic-for-teen-girls-company-documents-show-11631620739,"WSJ publishes the 'Facebook Files' revealing internal Meta research slides. One slide states, ""we make body image issues worse for one in three teen girls."" The research documents associations between Instagram use and negative body image, anxiety, depression, and social comparison among teen girls.",,,#/case/meta-youth/timeline
Youth Mental Health & Addiction on Meta Platforms,Timeline entry,,,,,,,,09/2021,"Fox News 'Fox & Friends First', California psychotherapist mother and daughter",Fox News,https://www.foxnews.com/media/facebook-targeting-children-parents-trust-social-media,"National media coverage highlighted broad parental concerns about social media’s impact on children and young teens. Parents expressed alarm that platforms view younger users as a valuable growth market and design products in ways that encourage prolonged engagement. They also worried that children can easily encounter inappropriate or harmful content online, with potentially lasting effects on their well-being and development.",,,#/case/meta-youth/timeline
Youth Mental Health & Addiction on Meta Platforms,Timeline entry,,,,,,,,09/2021,"Meta, Instagram, Adam Mosseri",Meta Newsroom,https://about.fb.com/news/2021/09/pausing-instagram-kids-building-parental-supervision-tools,"Meta paused development of Instagram Kids, while continuing parental supervision tools for teens. This is the clearest public product-decision reversal after public criticism. Meta framed it as time to work with parents, experts, policymakers, and regulators.",,,#/case/meta-youth/timeline
Youth Mental Health & Addiction on Meta Platforms,Timeline entry,,,,,,,,09/2021,"Meta, Instagram, Adam Mosseri",BBC,https://www.bbc.com/news/technology-58707753,"Meta paused development of Instagram Kids, while continuing parental supervision tools for teens. This is the clearest public product-decision reversal after public criticism. Meta framed it as time to work with parents, experts, policymakers, and regulators.",,,#/case/meta-youth/timeline
Youth Mental Health & Addiction on Meta Platforms,Timeline entry,,,,,,,,09/2021,"Senate Commerce Subcommittee, Antigone Davis",Senate Commerce,https://www.commerce.senate.gov/meetings/subcommittee-protecting-kids-online-facebook-instagram-and-mental-health-harms/,"Senate holds series of hearings on Facebook and Instagram. Senator Richard Blumenthal convened the Senate Commerce Subcommittee on Consumer Protection hearing titled ""Protecting Kids Online: Facebook, Instagram, and Mental Health Harms"". Antigone Davis, the Head of Global Safety at Facebook, was the primary witness.",,,#/case/meta-youth/timeline
Youth Mental Health & Addiction on Meta Platforms,Timeline entry,,,,,,,,09/2021,"Senate Commerce Subcommittee, Antigone Davis",CNBC,https://www.cnbc.com/2021/09/23/facebook-exec-will-testify-at-senate-hearing-after-report-finds-instagram-harms-teen-mental-health.html,"Senate holds series of hearings on Facebook and Instagram. Senator Richard Blumenthal convened the Senate Commerce Subcommittee on Consumer Protection hearing titled ""Protecting Kids Online: Facebook, Instagram, and Mental Health Harms"". Antigone Davis, the Head of Global Safety at Facebook, was the primary witness.",,,#/case/meta-youth/timeline
Youth Mental Health & Addiction on Meta Platforms,Timeline entry,,,,,,,,09/2021,Senate Commerce Subcommittee,Sen. Markey,https://www.markey.senate.gov/news/press-releases/senators-markey-and-blumenthal-rep-castor-reintroduce-legislation-to-protect-children-and-teens-from-online-manipulation-and-harm,"Senators Markey and Blumenthal reintroduce the KIDS Act (Kids Internet Design and Safety Act). The bill would ban manipulative design features for users under 16 (autoplay, push alerts, badges that reward time spent, like buttons and follower counts) and extend protections against manipulative marketing to 13–15 year olds on platforms with reasonable evidence of use by kids 15 or under. It was first introduced in March 2020 and reintroduced on September 30, 2021, the day of the Senate Commerce hearing on Facebook's research into harms to children.",,,#/case/meta-youth/timeline
Youth Mental Health & Addiction on Meta Platforms,Timeline entry,,,,,,,,09/2021,Senate Commerce Subcommittee,Sen. Markey,https://www.markey.senate.gov/news/press-releases/senators-markey-and-blumenthal-introduce-first-of-its-kind-legislation-to-protect-children-online-from-harmful-content-design-features_,"Senators Markey and Blumenthal reintroduce the KIDS Act (Kids Internet Design and Safety Act). The bill would ban manipulative design features for users under 16 (autoplay, push alerts, badges that reward time spent, like buttons and follower counts) and extend protections against manipulative marketing to 13–15 year olds on platforms with reasonable evidence of use by kids 15 or under. It was first introduced in March 2020 and reintroduced on September 30, 2021, the day of the Senate Commerce hearing on Facebook's research into harms to children.",,,#/case/meta-youth/timeline
Youth Mental Health & Addiction on Meta Platforms,Timeline entry,,,,,,,,09/2021,Senate Commerce Subcommittee,Fairplay,https://fairplayforkids.org/the-kids-act-imagines-a-whole-new-internet-for-children-and-teens/,"Senators Markey and Blumenthal reintroduce the KIDS Act (Kids Internet Design and Safety Act). The bill would ban manipulative design features for users under 16 (autoplay, push alerts, badges that reward time spent, like buttons and follower counts) and extend protections against manipulative marketing to 13–15 year olds on platforms with reasonable evidence of use by kids 15 or under. It was first introduced in March 2020 and reintroduced on September 30, 2021, the day of the Senate Commerce hearing on Facebook's research into harms to children.",,,#/case/meta-youth/timeline
Youth Mental Health & Addiction on Meta Platforms,Timeline entry,,,,,,,,10/2021,"Frances Haugen, Senate Subcommittee",Written Testimony,https://www.commerce.senate.gov/wp-content/uploads/media/doc/Frances%20Haugen%20Written%20Testimony.pdf,"Frances Haugen reveals herself as the whistleblower on 60 Minutes. Haugen then testifies in front of Congress that Facebook's own internal research showed its products could harm children and amplify harmful and divisive content. She argued that the company had long been aware of these risks and possessed the technical ability to make Facebook and Instagram safer, but repeatedly chose not to implement meaningful reforms because doing so could reduce engagement and profits. Haugen also argued that meaningful oversight was impossible as long as only Facebook could examine the effects of its systems.",,,#/case/meta-youth/timeline
Youth Mental Health & Addiction on Meta Platforms,Timeline entry,,,,,,,,10/2021,New York Times,New York Times,https://www.nytimes.com/live/2021/10/05/technology/facebook-whistleblower-frances-haugen,"Teenage girls across schools say Instagram’s harms are obvious. In a New York Times piece, students interviewed after the Facebook Files said the findings “didn't surprise [them] at all.” Yale freshman Iris Tsouris and several high‑schoolers described friends who had deleted Instagram because it was not adding value and highly distressing due to the highly curated nature of profiles, driving constant comparison and superficial self‑presentation.",,,#/case/meta-youth/timeline
Youth Mental Health & Addiction on Meta Platforms,Timeline entry,,,,,,,,10/2021,Senate Commerce Leadership,Blumenthal Letter,https://www.blumenthal.senate.gov/imo/media/doc/2021.10.20%20-%20Facebook%20and%20Instagram%20-%20Consumer%20Protection%20Invitation.pdf,Senator Blumenthal requested Zuckerberg or Mosseri testimony and alleged Meta concealed information and downplayed internal research. The letter highlights dispute about swhether public institutions had been misled and denied documents.,,,#/case/meta-youth/timeline
Youth Mental Health & Addiction on Meta Platforms,Timeline entry,,,,,,,,11/2021,"CivicScience, US adults surveyed",CivicScience,https://civicscience.com/trust-issues-sour-outlook-for-meta-facebook-popularity-falls/,CivicScience survey finds 73% of Americans do not trust Meta; Facebook favorability at all-time recorded low. 13% of respondents trust Meta to keep their data safe. 73% do not trust Meta. The company ranks last among major consumer tech companies. 33% of people expect Facebook to become much less popular in the next 12 months.,,,#/case/meta-youth/timeline
Youth Mental Health & Addiction on Meta Platforms,Timeline entry,,,,,,,,05/2023,FTC,FTC,https://www.ftc.gov/news-events/news/press-releases/2023/05/ftc-proposes-blanket-prohibition-preventing-facebook-monetizing-youth-data,"FTC proposed a blanket prohibition on Meta monetizing youth data and a pause on new products and features absent independent privacy compliance confirmation. A serious governance attempt focused on youth data, privacy compliance, and product-launch constraints.",,,#/case/meta-youth/timeline
Youth Mental Health & Addiction on Meta Platforms,Timeline entry,,,,,,,,05/2023,"US Surgeon General Vivek Murthy, HHS",HHS,https://www.hhs.gov/surgeongeneral/reports-and-publications/youth-mental-health/social-media/index.html,"The US Surgeon General ran a metatstudy concluding social media carries benefits and risks, but that evidence is insufficient to deem platforms safe for youth. They stress missing independent access to platform data and recommending precaution in the face of uncertainty.",,,#/case/meta-youth/timeline
Youth Mental Health & Addiction on Meta Platforms,Timeline entry,,,,,,participation (timeline),,06/2023,"Meta, Stanford Deliberative Democracy Lab, Behavioral Insights Team",Stanford CDDRL,https://cddrl.fsi.stanford.edu/news/results-first-global-deliberative-pollr-announced-stanfords-deliberative-democracy-lab,"Meta and the Stanford Deliberative Democracy Lab release report from the Meta Community Forum, a structured global Deliberative Poll on bullying and harassment online. 6,300+ people from 32 countries in 23 languages, described as the largest deliberative exercise ever conducted. Participants indicated wanting stronger platform accountability and clearer content norms. Meta committed to incorporating results into Metaverse governance.",,,#/case/meta-youth/timeline
Youth Mental Health & Addiction on Meta Platforms,Timeline entry,,,,,,,,10/2023,State Attorney Generals,NY AG,https://ag.ny.gov/press-release/2023/attorney-general-james-and-multistate-coalition-sue-meta-harming-youth,"Attorney generals from 42 states sued Meta in federal and state courts on the same day, alleging the company deliberately engineered Instagram and Facebook to addict children, knew it was causing harm, and deceived parents about it. The complaints named specific design features, including infinite scroll, algorithmic rabbit holes, near-constant push notifications, and social validation loops, as intentional mechanisms targeting adolescent brain development to maximize time on platform. As of 2026, no settlement has been reached.",,,#/case/meta-youth/timeline
Youth Mental Health & Addiction on Meta Platforms,Timeline entry,,,,,,participation (timeline),,10/2023,"Meta, Stanford DDL, Behavioral Insights Team",Stanford Deliberation,https://deliberation.stanford.edu/meta-community-forum-generative-ai-results,"Stanford DDL, Meta, and the Behavioural Insights Team conduct another structured deliberative process, this time on AI chatbots. 1,545 people from the USA, Germany, Spain, and Brazil engage in two online sessions with AI-moderated small-group deliberation. Participants across all four countries want developers to build chatbots with transparency and control features. Results are publicly released.",,,#/case/meta-youth/timeline
Youth Mental Health & Addiction on Meta Platforms,Timeline entry,,,,,,participation (timeline),,10/2023,"Meta, Stanford DDL, Behavioral Insights Team",Democracy Technologies,https://democracy-technologies.org/ai-data/meta-community-forums-generative-ai-data/,"Stanford DDL, Meta, and the Behavioural Insights Team conduct another structured deliberative process, this time on AI chatbots. 1,545 people from the USA, Germany, Spain, and Brazil engage in two online sessions with AI-moderated small-group deliberation. Participants across all four countries want developers to build chatbots with transparency and control features. Results are publicly released.",,,#/case/meta-youth/timeline
Youth Mental Health & Addiction on Meta Platforms,Timeline entry,,,,,,participation (timeline),,10/2023,"Meta, Stanford DDL, Behavioral Insights Team",Meta Newsroom,https://about.fb.com/news/2024/04/leading-the-way-in-governance-innovation-with-community-forums-on-ai/,"Stanford DDL, Meta, and the Behavioural Insights Team conduct another structured deliberative process, this time on AI chatbots. 1,545 people from the USA, Germany, Spain, and Brazil engage in two online sessions with AI-moderated small-group deliberation. Participants across all four countries want developers to build chatbots with transparency and control features. Results are publicly released.",,,#/case/meta-youth/timeline
Youth Mental Health & Addiction on Meta Platforms,Timeline entry,,,,,,,,10/2023,"Pew Research Center, 8,842 US adults, 1,453 US teens surveyed",Pew Research,https://www.pewresearch.org/short-reads/2023/10/31/81-of-us-adults-versus-46-of-teens-favor-parental-consent-for-minors-to-use-social-media/,"Pew Research finds 81% support requiring parental consent for minors to create social media accounts. 71% favor age verification. 69% favor time limits for minors. Support is consistent across party lines. Young adults (18–29) show 67% support. Teens show 46% support parental consent; 56% support age verification; split on time limits (34% support, 36% oppose).",,,#/case/meta-youth/timeline
Youth Mental Health & Addiction on Meta Platforms,Timeline entry,,,,,,,,12/2023,FTC,FTC,https://www.ftc.gov/news-events/news/press-releases/2023/12/ftc-proposes-strengthening-childrens-privacy-rule-further-limit-companies-ability-monetize-childrens,"The FTC proposed amendments to the Children’s Online Privacy Protection Rule (COPPA) and opened a 60-day public comment window, which drew nearly 300 comments. The proposal carried three concrete new requirements: a separate, unbundled opt-in consent specifically for targeted advertising (meaning a parent could consent to an app while refusing ad monetization of their child's data), a mandatory written data retention policy prohibiting indefinite storage of children’s personal information, and expanded definitions of ""personal information"" to include biometric identifiers. The Commission voted 5–0 to finalize the rule in January 2025.",,,#/case/meta-youth/timeline
Youth Mental Health & Addiction on Meta Platforms,Timeline entry,,,,,,,,12/2023,FTC,FTC,https://www.ftc.gov/news-events/news/press-releases/2025/01/ftc-finalizes-changes-childrens-privacy-rule-limiting-companies-ability-monetize-kids-data,"The FTC proposed amendments to the Children’s Online Privacy Protection Rule (COPPA) and opened a 60-day public comment window, which drew nearly 300 comments. The proposal carried three concrete new requirements: a separate, unbundled opt-in consent specifically for targeted advertising (meaning a parent could consent to an app while refusing ad monetization of their child's data), a mandatory written data retention policy prohibiting indefinite storage of children’s personal information, and expanded definitions of ""personal information"" to include biometric identifiers. The Commission voted 5–0 to finalize the rule in January 2025.",,,#/case/meta-youth/timeline
Youth Mental Health & Addiction on Meta Platforms,Timeline entry,,,,,,,,07/2024,Senate,Reuters,https://www.reuters.com/world/us/us-senate-set-pass-major-online-child-safety-reforms-2024-07-30/,"Senate voted 91–3 to pass the Kids Online Safety Act (KOSA). It was the first major federal tech regulation to advance in the Senate since 1998, w hen the original Children’s Online Privacy Protection Rule (COPPA) passed.",,,#/case/meta-youth/timeline
Youth Mental Health & Addiction on Meta Platforms,Timeline entry,,,,,,,,10/2024,"Pew Research Center, 1,391 US Teens and Parents",Pew Research,https://www.pewresearch.org/wp-content/uploads/sites/20/2025/04/PI_2025.04.22_teens-social-media-mental-health_REPORT.pdf,"Pew Research found that 48% of teens say social media has a mostly negative effect on people their age, up from 32% in 2022. Only 11% view it as mostly positive for peers. Parents share the worry. A 2023 Harris Poll for Nationwide Children's Hospital found that 50% of parents believe their child's mental health suffered in the past 12 months because of social media use. In the same poll, the share of Americans saying children's social media use has a positive influence on their mental health fell to 35%, down from 43% in 2022.",,,#/case/meta-youth/timeline
Youth Mental Health & Addiction on Meta Platforms,Timeline entry,,,,,,,,10/2024,"Pew Research Center, 1,391 US Teens and Parents",Nationwide Children's,https://www.nationwidechildrens.org/newsroom/news-releases/2023/05/oos_socialmedia_mmr,"Pew Research found that 48% of teens say social media has a mostly negative effect on people their age, up from 32% in 2022. Only 11% view it as mostly positive for peers. Parents share the worry. A 2023 Harris Poll for Nationwide Children's Hospital found that 50% of parents believe their child's mental health suffered in the past 12 months because of social media use. In the same poll, the share of Americans saying children's social media use has a positive influence on their mental health fell to 35%, down from 43% in 2022.",,,#/case/meta-youth/timeline
Youth Mental Health & Addiction on Meta Platforms,Timeline entry,,,,,,,,09/2024,Meta/Instagram,Meta Newsroom,https://about.fb.com/news/2024/09/instagram-teen-accounts,"Meta launched Instagram Teen Accounts with private defaults, messaging restrictions, sensitive-content limits, time reminders, sleep mode, and parental supervision features.",,,#/case/meta-youth/timeline
Youth Mental Health & Addiction on Meta Platforms,Timeline entry,,,,,,,,01/2025,FTC,FTC Final Rule,https://www.ftc.gov/system/files/ftc_gov/pdf/coppa_sbp_1.16_0.pdf,"FTC finalized COPPA amendments strengthening child-data protections. The final rule strengthened targeted-advertising consent, data retention, data security, and transparency requirements, but did not adopt the proposed push-notification limits.",,,#/case/meta-youth/timeline
Youth Mental Health & Addiction on Meta Platforms,Timeline entry,,,,,,,,04/2025,Meta,Meta Newsroom,https://about.fb.com/news/2025/04/introducing-new-built-in-restrictions-instagram-teen-accounts-expanding-facebook-messenger,"Meta expands Teen Account protections across Instagram, Facebook, and Messenger. Platform self-regulation shifting from Instagram-only defaults to cross-platform youth safety settings.",,,#/case/meta-youth/timeline
Youth Mental Health & Addiction on Meta Platforms,Timeline entry,,,,,,,,02/2026,"National PTA, Meta, Google, ConnectSafely, Family Online Safety Institute",The Next Web,https://thenextweb.com/news/meta-google-fund-us-kids-groups-conflict-of-interest,"The National Parents Teacher Association (PTA) broke partnership with Meta in February 2026, ending 15 years of corporate sponsorship, after internal documents exposed in the Los Angeles trial revealed the full extent of what Meta knew about teen mental health. For over a decade, Meta and Google quietly funded a network of US child-safety and parent organizations, including the National PTA, ConnectSafely, and the Family Online Safety Institute, then cited those same groups as independent third-party endorsers in regulatory filings and congressional testimony, without disclosing the funding relationship.",,,#/case/meta-youth/timeline
Youth Mental Health & Addiction on Meta Platforms,Timeline entry,,,,,,,,02/2026,"National PTA, Meta, Google, ConnectSafely, Family Online Safety Institute",Reuters,https://www.reuters.com/legal/litigation/meta-google-fund-us-kids-groups-critics-warn-social-media-risk-2026-05-14/,"The National Parents Teacher Association (PTA) broke partnership with Meta in February 2026, ending 15 years of corporate sponsorship, after internal documents exposed in the Los Angeles trial revealed the full extent of what Meta knew about teen mental health. For over a decade, Meta and Google quietly funded a network of US child-safety and parent organizations, including the National PTA, ConnectSafely, and the Family Online Safety Institute, then cited those same groups as independent third-party endorsers in regulatory filings and congressional testimony, without disclosing the funding relationship.",,,#/case/meta-youth/timeline
Youth Mental Health & Addiction on Meta Platforms,Timeline entry,,,,,,,,03/2026,"Jury, Meta, Google, Plaintiff KGM",NPR,https://www.npr.org/2026/03/25/nx-s1-5746125/meta-youtube-social-media-trial-verdict,"A Los Angeles jury found Meta and Google negligent in a social-media harms trial and awarded $6 million, treating platform design features as defective-product issues. This validates the frame and may affect thousands of pending cases.",,,#/case/meta-youth/timeline
