URL,Domain,Labels Used,Citations,Cases,Record Types,Verbatim Quotes,Deep Links,HTTP Status,Page Exists,Claim Supported,Verdict,Notes
https://portcitydaily.com/local-news/2022/06/24/brunswick-officials-celebrate-low-pfas-in-water-typically-achieved-through-reverse-osmosis/,portcitydaily.com,Port City Daily,1,GenX Contamination in the Cape Fear River,Impact evidence,0,#/case/genx-pfas/spine/i/3,404,no,unknown,FABRICATED,"Live URL returns 404. Searches for the headline, the slug phrase 'typically achieved through reverse osmosis', the date path, and the specific figures ($82.8M CFPUA / 8% rate increase / $158.7M Brunswick) return no trace of this article on portcitydaily.com or elsewhere. Headline is also implausible for June 2022, when Brunswick's RO plant was still years from completion."
https://actionnetwork.org/petitions/sign-our-letter-telling-congress-enough-stop-harmful-spread-of-pfas,actionnetwork.org,Action Network,1,GenX Contamination in the Cape Fear River,Timeline entry,0,#/case/genx-pfas/timeline,200,yes,partial,CLAIM UNSUPPORTED,"Action Network petition sponsored by Clean Cape Fear, created by Emily Donovan (c. 2019). Supports Clean Cape Fear/Donovan and two of the four demands (regulate PFAS as a class; make manufacturers/Chemours pay for cleanup via CERCLA). Unsupported on this page: Kemp Burdette co-founding, the 'Stop GenX in Our Water' Facebook group and 9,000 members, Cape Fear River Watch, Brunswick Environmental Action Team, NAACP chapter, and the demands that the state replace voluntary agreements with binding limits and provide full transparency on health effects. (Most of the group-formation detail is instead supported by the co-cited Coastal Review Aug 2017 article.)"
https://deliberation.stanford.edu/meta-community-forum-generative-ai-results,deliberation.stanford.edu,Stanford Deliberation,1,Youth Mental Health & Addiction on Meta Platforms,Timeline entry,0,#/case/meta-youth/timeline,200,yes,partial,CLAIM UNSUPPORTED,"Page (Stanford DDL, 'Meta Community Forum on Generative AI: 2023 Results Announced') confirms 1,545 participants from Brazil, Germany, Spain and US on Oct 28-29 2023 and that results were released. It does NOT state: two online sessions, AI-moderated small-group deliberation, 'human override' preference, or concern about AI chatbots giving emotional support to children. Meta's newsroom post (about.fb.com, Apr 2024) corroborates a preference for 'transparency and control features' but not human override or the children/emotional-support concern. Also note the finding calls it 'another' process and pairs 'Meta's Behavioral Insights Team' with DDL, which the page does not mention."
https://ehp.niehs.nih.gov/doi/10.1289/EHP6837,ehp.niehs.nih.gov,Kotlarz et al. 2020,6,GenX Contamination in the Cape Fear River,Impact evidence | Proposal chain evidence,0,#/case/genx-pfas/spine/i/1 | #/case/genx-pfas/spine/pr/0/l/3 | #/case/genx-pfas/spine/pr/1/l/2 | #/case/genx-pfas/spine/pr/2/l/3 | #/case/genx-pfas/spine/pr/3/l/2 | #/case/genx-pfas/spine/pr/6/l/2,EHP host unreachable from fetcher (DNS/robots); verified via PMC7375159 open-access copy,yes,partial,CLAIM UNSUPPORTED,"Label correct: Kotlarz et al. 2020, EHP, GenX Exposure Study, 344 Wilmington residents. SUPPORTED: 'the median decrease in fluoroether levels ranged from 34% for Nafion byproduct 2 to 65% for PFO4DA in 6 months'. UNSUPPORTED: Kotlarz 2020 did NOT measure PFMOAA (authors explicitly 'moved forward without measuring samples for PFMOAA'), measured only 10 fluoroethers + 10 legacy PFAS (not 56), used no 2010-2016 stored samples (comparison samples were 20 sera from 2008-2009 Raleigh-area women). The 'PFMOAA median 42 ng/mL, highest of 56 PFAS, stored 2010-2016 samples' figures come from a different paper: Knappe/Hoppin group, Environmental Science & Technology, Oct 2025 ('Historical Blood Serum Samples from Wilmington, NC', PMC12593338). The PFOA 3.26-year half-life is also not in Kotlarz 2020 (it is from Olsen/Bartell half-life literature). Claims at spine/i/1 and pr/3/l/2 misattribute."
https://genxstudy.ncsu.edu/study-overview,genxstudy.ncsu.edu,GenX Exposure Study | GenX Study,2,GenX Contamination in the Cape Fear River,Proposal chain counter-evidence | Timeline entry,0,#/case/genx-pfas/spine/pr/4/l/2 | #/case/genx-pfas/timeline,200,yes,partial,CLAIM UNSUPPORTED,"Page confirms study began Nov 2017 after GenX found in Wilmington water, >1,000 participants in three regions, blood/urine/water collection. Not on this page: the 344 New Hanover participant figure, NIEHS funding, community-input design, and the commitment to return results at community meetings first (these live on other genxstudy.ncsu.edu pages/FAQ). The counter-evidence claim ('no study attributes growth 344->1,020 to communication design') is a negative assertion the page cannot support."
https://journals.sagepub.com/doi/pdf/10.1177/23328584221074337,journals.sagepub.com,"Marianno, Power in a Pandemic (AERA Open) | Marianno et al., Power in a Pandemic (AERA Open)",2,COVID-19 School Closures and Reopenings,Evidence | Participation instance,1,#/case/covid-schools/chain/schools-legitimacy/S1 | #/case/covid-schools/chain/schools-legitimacy/S2/p/0,200,yes,partial,CLAIM UNSUPPORTED,"Marianno et al. 2022, 'Power in a Pandemic: Teachers' Unions and Their Responses to School Reopening', AERA Open. Claim 1 (collective bargaining channel) supported and quote verbatim. Claim 2 unsupported: the article (PDF and full-text HTML checked) contains no mention of the AFT July 2020 convention/executive-council 'safety strikes' resolution, the Detroit August strike-authorization vote, or the UFT president threatening litigation and a strike; it only notes that the UFT 'organized a protest against New York's plan to return to in-person instruction'. The AFT/Detroit/UFT details come from news coverage, not this source."
https://news.gallup.com/poll/317018/one-three-americans-not-covid-vaccine.aspx,news.gallup.com,Gallup,1,COVID-19 Vaccine Mandates,Timeline entry,0,#/case/covid-vaccines/timeline,200,yes,no,CLAIM UNSUPPORTED,"Gallup, Aug 7 2020 (July 2020 poll). Page says 65% would get a free FDA-approved vaccine, not 'only 50%'. No comparison to flu vaccine uptake (only a 1954 polio comparison). Partisan gap is on page (81% Dem vs 47% Rep), but the stated reasons (Democrats fearing FDA political interference, Republicans fearing overreach) are not on the page."
https://pmc.ncbi.nlm.nih.gov/articles/PMC10294999/,pmc.ncbi.nlm.nih.gov,PudMed,1,Youth Mental Health & Addiction on Meta Platforms,Timeline entry,0,#/case/meta-youth/timeline,200 (captcha on pmc host; fetched via ncbi.nlm.nih.gov/pmc mirror),yes,no,CLAIM UNSUPPORTED,"Page is Azem et al. 2023, 'Social Media Use and Depression in Adolescents: A Scoping Review' (Behavioral Sciences), covering 43 papers from 2012-Aug 2022. It contains none of the finding's specifics: no ~17,000-person cohort from 2001, no 73%->62% figure for young women 15-24, no 11,876-child study (that is Nagata et al. 2025, after the review's cutoff), and no 'early 2010s inflection point' analysis. Label 'PudMed' is also a typo."
https://portcitydaily.com/local-news/2017/06/22/cfpua-wraps-review-of-communication-practices-doesnt-talk-to-former-communication-chief-news,portcitydaily.com,Port City Daily,1,GenX Contamination in the Cape Fear River,Timeline entry,0,#/case/genx-pfas/timeline,200,yes,partial,CLAIM UNSUPPORTED,"Port City Daily, June 22 2017, correctly labeled. Page covers only the internal communication review (Jennifer Adams / Robin Smith concluding CFPUA acted in an 'appropriate, professional, timely and scientific manner', and not interviewing ex-comms chief Mike McGill). Unsupported: the special board meeting and two unanimous resolutions (Chemours must remove GenX; CFPUA may sue) are not on this page, nor is the 'widely criticized' characterization."
https://portcitydaily.com/local-news/2022/10/11/cfpua-reports-pfas-free-water-with-new-filtration-system-online/,portcitydaily.com,Port City Daily,1,GenX Contamination in the Cape Fear River,Evidence,1,#/case/genx-pfas/chain/pfas-harm/R6,HTTP 200,yes,partial,CLAIM UNSUPPORTED,"Port City Daily, Brenna Flanagan, 11 Oct 2022. Both quoted phrases verbatim; $43M cost, 8% rate increase, 2017 suit against Chemours/DuPont and no-PFAS test result are supported. Unsupported by this page: 'costs since grown to $82.8 million for building and maintaining the eight filters' and 'Brunswick County separately spent $158.7 million on a reverse osmosis plant' - neither figure appears in the article."
https://searchlightnm.org/toxic-timeline-a-brief-history-of-pfas,searchlightnm.org,SearchlightNM,1,GenX Contamination in the Cape Fear River,Timeline entry,0,#/case/genx-pfas/timeline,200,yes,partial,CLAIM UNSUPPORTED,"Searchlight New Mexico timeline exists and is correctly labeled. Page only states '1951: DuPont starts using PFOA to make Teflon.' Unsupported by this page: Washington Works/West Virginia location, C8 alias, 3M as chief supplier, start of Ohio River discharge, absence of disclosure requirements, and downstream communities knowing nothing."
https://ssrga.com/bresky_blog/recent-litigation-concerning-covid-19-vaccination-mandates-and-religious-exemptions/,ssrga.com,SSRGA,1,COVID-19 Vaccine Mandates,Timeline entry,0,#/case/covid-vaccines/timeline,200,yes,partial,CLAIM UNSUPPORTED,"SSRGA law-firm blog, Nov 16 2021, correctly labeled. Supports religious-exemption litigation wave, Jacobson (1905), and Title VII accommodation. Unsupported: no mention of EUA status, and Does v. Mills is discussed only at the First Circuit (Oct 20 2021) level; the Supreme Court's 6-3 refusal to block Maine's mandate (which actually occurred Oct 29 2021, not November) is not on the page."
https://stacks.cdc.gov/view/cdc/11425,stacks.cdc.gov,CDC,1,COVID-19 School Closures and Reopenings,Timeline entry,0,#/case/covid-schools/timeline,200,yes,no,CLAIM UNSUPPORTED,"Page is CDC 'Interim Pre-Pandemic Planning Guidance: Community Strategy for Pandemic Influenza Mitigation in the United States' (Feb 2007, superseded 2017). It does not mention Fauci, flattening the curve, deferring to governors, 'not definitive evidence' on children as vectors, or 6-foot distancing in all 50 states' school plans. Unsupported claim: 'Fauci repeatedly emphasized flattening the curve... deferred to governors... School planning documents in all 50 states built in the 6-foot social distancing guidance, which later proved to have no clinical trial basis.'"
https://www.cdc.gov/covid/php/surveillance/index.html,cdc.gov,CDC,1,COVID-19 Vaccine Mandates,Timeline entry,0,#/case/covid-vaccines/timeline,200,yes,no,CLAIM UNSUPPORTED,"Page is a CDC COVID-19 surveillance hub (overview/links to data systems). It contains none of the cited figures (323.3M doses, 179.3M/54% at least one dose, 153M/46% fully vaccinated, 87% of adults 65+). Those numbers correspond to the CDC COVID Data Tracker snapshot around June 28, 2021, which this page does not reproduce. Unsupported claim: 'By late June, the US had administered 323.3 million total doses. 179.3 million people (54%) had at least one dose and 153 million (46%) were fully vaccinated. Among adults 65+, 87% had at least one dose.'"
https://www.cleancapefear.org/,cleancapefear.org,Clean Cape Fear,1,GenX Contamination in the Cape Fear River,Participation instance,0,#/case/genx-pfas/chain/pfas-harm/R5/p/1,200,yes,partial,CLAIM UNSUPPORTED,"Homepage confirms Clean Cape Fear is an all-volunteer grassroots group and features Emily Donovan, but contains nothing about the 2026 EMC PFAS-minimization proceedings or the quote 'There's no due date that says, you've got to stop these releases by this point in time.' That quote is real but appears in WUNC, 14 May 2026 (https://www.wunc.org/environment/2026-05-14/pfas-dioxane-water-pollution-monitoring-minimization-emc-deq), which identifies Donovan as leading Clean Cape Fear, not as co-founder."
https://www.commerce.senate.gov/meetings/subcommittee-protecting-kids-online-facebook-instagram-and-mental-health-harms/,commerce.senate.gov,Senate Commerce,2,Youth Mental Health & Addiction on Meta Platforms,Timeline entry,0,#/case/meta-youth/timeline,200,yes,partial,CLAIM UNSUPPORTED,"Hearing page confirms title, Sept 30 2021, Subcommittee on Consumer Protection, Product Safety, and Data Security chaired by Blumenthal, witness Antigone Davis (Global Head of Safety, Facebook). 'First Facebook executive compelled to testify on teen mental health' is not stated. Unsupported claim: the KIDS Act timeline entry (Markey/Blumenthal bill, 2020 introduction, Sept 2021 reintroduction, never advanced) - the page does not mention the KIDS Act or Sen. Markey at all."
https://www.csresources.org/our-history,csresources.org,Citizen Science Community Resources,1,GenX Contamination in the Cape Fear River,Comparable case,0,#/case/genx-pfas/spine/pr/1,200,yes,partial,CLAIM UNSUPPORTED,"Page supports 2005 bucket brigade, benzene, indictment on 19 counts and conviction on 14, $12.5M fines, and 86% benzene reduction at the facility. Page does NOT mention formaldehyde, the 68% residential-monitor reduction, or the cancer-risk drop from 75-in-a-million to 11-in-a-million (page cites 92%/95% community reductions instead). Those figures are not on the cited page."
https://www.deq.nc.gov/news/key-issues/genx-investigation/chemours-consent-order,deq.nc.gov,DEQ Consent Order page | North Carolina Department of Environmental Quality | NC DEQ,3,GenX Contamination in the Cape Fear River,Participation instance | Mechanism that should have worked | Timeline entry,0,#/case/genx-pfas/chain/pfas-harm/R4/p/0 | #/case/genx-pfas/spine/m/7 | #/case/genx-pfas/timeline,200,yes,partial,CLAIM UNSUPPORTED,"Unsupported by this page: the SELC/Cape Fear River Watch public information session in Wilmington on Dec 12, 2018 (true, but sourced from WECT: https://www.wect.com/2018/12/12/public-invited-information-session-about-chemours-consent-order-hosted-by-cape-fear-river-watch-selc/), DEQ amending its complaint after discovering air emissions, the citizen-suit strategy narrative, and the $12 million penalty figure. The page does confirm the comment period (Nov 22, 2018 to Jan 7, 2019), a summary response to comments, Cape Fear River Watch/SELC as parties, and 99%/99.9% reduction requirements."
https://www.ftc.gov/news-events/news/press-releases/2023/12/ftc-proposes-strengthening-childrens-privacy-rule-further-limit-companies-ability-monetize-childrens,ftc.gov,FTC,1,Youth Mental Health & Addiction on Meta Platforms,Timeline entry,0,#/case/meta-youth/timeline,200,yes,partial,CLAIM UNSUPPORTED,"Page (Dec 20 2023 NPRM press release) supports the 60-day comment window and the three proposed requirements (separate consent for third-party disclosure/targeted ads, written data retention policy, biometric identifiers in 'personal information'). It does NOT support: 'drew approximately 300 formal comments' (page only mentions 175,000+ comments from the 2019 review) or 'The Commission voted to finalize COPPA' (page reports a 3-0 vote to publish the proposal). The finalization (5-0 vote, ~300 comments / 279 unique comments) happened Jan 16 2025 and is documented at https://www.ftc.gov/news-events/news/press-releases/2025/01/ftc-finalizes-changes-childrens-privacy-rule-limiting-companies-ability-monetize-kids-data, not on the cited page."
https://www.justice.gov/archives/opa/pr/tonawanda-coke-and-manager-sentenced-violating-clean-air-act-and-resource-conservation-and,justice.gov,US Department of Justice,1,GenX Contamination in the Cape Fear River,Comparable case,0,#/case/genx-pfas/spine/pr/1,200,yes,partial,CLAIM UNSUPPORTED,"DOJ press release (Mar 19 2014) supports the jury conviction (corporation convicted on 11 CAA + 3 RCRA counts = 14) and the $12.5 million penalty (plus $12.2 million community service). Unsupported by the page: residents' bucket sampling starting in 2005 finding benzene/formaldehyde, the state follow-up study, benzene falling 86% at the industrial monitor and 68% at the residential monitor, and excess cancer risk falling from 75 in a million to 11 in a million (these figures come from NYSDEC/Clean Air Coalition material, not the cited DOJ page)."
https://www.nacwa.org/news-publications/news-detail/2022/02/22/the-c.d.c.-isn-t-publishing-large-portions-of-the-covid-data-it-collects,nacwa.org,New York Times,2,COVID-19 Vaccine Mandates,Mechanism that should have worked | Comparable case,0,#/case/covid-vaccines/spine/m/8 | #/case/covid-vaccines/spine/pr/0,200,yes,partial,CLAIM UNSUPPORTED,"Page is a NACWA (National Association of Clean Water Agencies) news item dated 2022-02-22 that excerpts and links the NYT article of the same title; label 'New York Times' is loose (underlying article is NYT by Apoorva Mandavilli). Excerpt supports CDC withholding hospitalization-by-vaccination-status data for over a year and booster data for 18-49. Unsupported on this page: the CDC's 'could be misinterpreted' rationale (that is in the full NYT piece, not the excerpt), and the entire second claim (NYT/JHU/COVID Tracking Project running national case data, Times ending its tracker in 2023) - nothing on the page about trackers."
https://www.nbcnews.com/news/us-news/san-francisco-sues-its-own-school-district-demands-restart-person-n1256639,nbcnews.com,NBC News,3,COVID-19 School Closures and Reopenings,Participation instance | Mechanism that should have worked | Timeline entry,0,#/case/covid-schools/chain/schools-legitimacy/S5/p/0 | #/case/covid-schools/spine/m/5 | #/case/covid-schools/timeline,200,yes,partial,CLAIM UNSUPPORTED,"Article confirms Herrera sued the Board, SFUSD and Supt. Matthews to 'demand the restart of in-person instruction for more than 52,000 students' and calls it possibly 'the first such case in the nation'. Unsupported: the National School Boards Association quotation ('the first civil action filed by a city against a district over Covid-19 closings') does not appear anywhere in the NBC article (it appears to originate from other coverage, e.g. WSJ via Slashdot), and the later expansion with state constitutional claims is not in this article."
https://www.npr.org/2021/03/18/978840432/biden-administration-to-meet-goal-of-100-million-vaccine-doses-on-friday,npr.org,NPR,1,COVID-19 Vaccine Mandates,Timeline entry,0,#/case/covid-vaccines/timeline,200,yes,partial,CLAIM UNSUPPORTED,"Article confirms 100M doses reached on day 58, 42 days early. It contains no '2.5 million shots per day' figure and no daily-average statistic at all (100M/58 days is ~1.7M/day)."
https://www.nytimes.com/article/flatten-curve-coronavirus.html,nytimes.com,NYT,1,COVID-19 School Closures and Reopenings,Timeline entry,0,#/case/covid-schools/timeline,blocked (proxy 403),yes,no,CLAIM UNSUPPORTED,"Page exists: 'Flattening the Coronavirus Curve' by Siobhan Roberts, 27 March 2020 (confirmed via NLM research-news index). It is a single-chart explainer on why slowing spread matters. It does not cover Fauci deferring school policy to governors, the 'not definitive evidence' remark on children as vectors, or 6-foot distancing in 50 states' school plans. Cited page does not support the finding."
https://www.pewresearch.org/internet/2015/10/08/social-networking-usage-2005-2015/,pewresearch.org,Pew Research,1,Youth Mental Health & Addiction on Meta Platforms,Timeline entry,0,#/case/meta-youth/timeline,200,yes,no,CLAIM UNSUPPORTED,"Page is Pew 'Social Media Usage: 2005-2015' (Andrew Perrin, Oct 8 2015) on adoption rates only. It contains nothing about a ~17,000-person longitudinal study from 2001, young women 15-24 good mental health falling 73% to 62% by 2022, an 11,876-child study on social media and depressive symptoms, or an early-2010s inflection point for Instagram/Snapchat. Every substantive claim in the finding comes from elsewhere."
https://www.pewresearch.org/wp-content/uploads/sites/20/2025/04/PI_2025.04.22_teens-social-media-mental-health_REPORT.pdf,pewresearch.org,Pew Research,1,Youth Mental Health & Addiction on Meta Platforms,Timeline entry,0,#/case/meta-youth/timeline,200,yes,partial,CLAIM UNSUPPORTED,"Pew 'Teens, Social Media and Mental Health' (Apr 22 2025) confirms 48% mostly negative for peers (up from 32% in 2022) and 11% mostly positive. NOT in the report: '50% of parents believe their child's mental health suffered in the past 12 months because of social media' and '35% of Americans say social media has a positive influence on children's mental health, down from 43% in 2022' (these are from other polls, not this Pew report)."
https://www.reuters.com/legal/litigation/meta-google-fund-us-kids-groups-critics-warn-social-media-risk-2026-05-14/,reuters.com,Reuters,1,Youth Mental Health & Addiction on Meta Platforms,Timeline entry,0,#/case/meta-youth/timeline,"proxy 403; verified via Reuters syndications (KSL, The Star)",yes,partial,CLAIM UNSUPPORTED,"Reuters, Courtney Rozen, May 14 2026, exists and covers Meta/Google funding of kids' groups (Sesame Workshop, Girl Scouts, Highlights, FOSI) and critics' concerns. NOT in the Reuters story per two full syndicated copies: the National PTA ending a 15-year Meta partnership in February 2026, ConnectSafely, and the claim that companies cited these groups as independent endorsers in regulatory filings and congressional testimony without disclosing funding. Those points appear in a separate The Next Web piece, not Reuters."
https://yaleclimateconnections.org/2025/12/the-epa-let-companies-estimate-their-own-pollution-levels-we-discovered-real-emissions-are-far-worse/,yaleclimateconnections.org,Yale Climate Connections,1,GenX Contamination in the Cape Fear River,Participation instance,0,#/case/genx-pfas/chain/pfas-harm/R5/p/2,robots.txt disallowed; article confirmed via search and ProPublica/Inside Climate News original,yes,no,CLAIM UNSUPPORTED,"Page is a Yale Climate Connections republication of Lisa Song's ProPublica piece (Nov 2025) on EPA fenceline monitors vs. company emission estimates. It does not mention the Louisiana Bucket Brigade, Anne Rolfes, the $75 bucket/$2,000 summa canister quote, Edward Masry/Contra Costa 1995, the Chalmette Air Monitoring Project, 'every single minute', or bucket sampling contributing to EPA fenceline standards. Those quotes match Louisiana Bucket Brigade's own website, not this article."
https://journals.sagepub.com/doi/10.1177/08959048231174881,journals.sagepub.com,Singer et al. 2023,1,COVID-19 School Closures and Reopenings,Impact counter-evidence,0,#/case/covid-schools/spine/i/2,200,yes,no,WRONG LABEL,"DOI resolves to Michael W. Apple, 'STEM Education and the Contradictory Realities of School Policies' (Educational Policy, essay review), which has nothing to do with parent views of pandemic handling. No 'Singer et al. 2023' article matching the claim could be located; the claim about parents supporting schools in 2020-21 is unsupported by this URL."
https://pmc.ncbi.nlm.nih.gov/articles/PMC10591865/,pmc.ncbi.nlm.nih.gov,"Wilkie et al. 2023, Environmental Research (PMC)",1,GenX Contamination in the Cape Fear River,Evidence,0,#/case/genx-pfas/chain/pfas-harm/D5,"captcha/robots on all NCBI hosts; identified via PubMed 37673120, Crossref and OpenAlex (DOI 10.1016/j.envres.2023.117020)",yes,partial,WRONG LABEL,"Paper exists: 'Factors associated with per- and polyfluoroalkyl substances (PFAS) serum concentrations in residents of New Hanover County, North Carolina: The GenX Exposure Study', Environmental Research 2023 (PMC10591865, PMID 37673120). But first author is Michael Cuffney (author order: Cuffney, Wilkie, Kotlarz, Knappe, Lea, Collier, DeWitt, Hoppin), so 'Wilkie et al. 2023' misattributes it. Title supports the described topic (factors associated with serum PFAS in the GenX Exposure Study cohort); abstract could not be retrieved to confirm the 'exceeded national reference levels' sentence, though that is established in Kotlarz et al. 2020 for the same cohort."
https://tera.org/Alliance%20for%20Risk/Workshop%20Xll/CaseSummaryPFOA.pdf,tera.org,Brede et al. 2010,1,GenX Contamination in the Cape Fear River,Impact evidence,1,#/case/genx-pfas/spine/i/1,200,yes,yes,WRONG LABEL,"Page is a TERA (Gadagbui & Onyema, Dourson) Alliance for Risk Assessment workshop case summary on the PFOA half-life, not Brede et al. 2010 itself; it summarizes Brede et al. 2010 (Arnsberg, 3.26-year GM half-life). Quote appears verbatim: 'PFOA levels decreased in all study participants from Arnsberg; five residents in the reference areas had increasing PFOA concentrations.' Claim supported, but the label attributes a secondary summary to the primary authors."
http://www.c8sciencepanel.org/pdfs/Probable_Link_C8_Cancer_16April2012_v2.pdf,c8sciencepanel.org,C8 Science Panel,4,GenX Contamination in the Cape Fear River,Impact evidence | Proposal chain evidence | Comparable case,2,#/case/genx-pfas/spine/i/2 | #/case/genx-pfas/spine/pr/0/l/3 | #/case/genx-pfas/spine/pr/4/l/0 | #/case/genx-pfas/spine/pr/4,200,yes,partial,QUOTE MISMATCH,"C8 Science Panel 'Probable Link Evaluation of Cancer' (April 15/16, 2012) exists. Second quote is verbatim: 'we conclude that there is a probable link between exposure to C8 (also known as PFOA) and testicular cancer and kidney cancer but not any of the other cancers that were considered.' First quote 'limited evidence for cancer in humans (renal cell carcinoma and testicular cancer)' does NOT appear anywhere in this document - it is IARC Monograph 135 (2023) language, and the document never mentions IARC. Document gives n=69,030 C8 Health Project participants; the 'six conditions', class-member legal consequence and medical monitoring claims are not in this cancer-only report."
https://ajph.aphapublications.org/doi/full/10.2105/AJPH.2023.307517,ajph.aphapublications.org,AJPH 2024 (DOI 10.2105/AJPH.2023.307517),1,COVID-19 Vaccine Mandates,Evidence,1,#/case/covid-vaccines/chain/vax-total/V4,HTTP 403 (publisher blocks fetch); abstract confirmed via PubMed listing and two ResearchGate abstract copies,yes,yes,QUOTE MISMATCH,"Paper exists: Ferg, Opsomer et al., 'Effectiveness of Community-Engaged Research Strategies in Increasing COVID-19 Vaccinations in Targeted Communities: The CEAL Regional Teams', AJPH 114(S1), 2024. Abstract supports finding (nonequivalent control group design, counties matched on SVI components). Actual abstract wording: 'The mean percentage of vaccinated adults was significantly higher in CEAL counties than in matched non-CEAL counties.' The tool's quote inserts '(social vulnerability index) comparison counties', which is not the page text."
https://collaboratory.unc.edu/news/2018/08/01/n-c-policy-collaboratory-launches-new-statewide-study-on-genx-with-5-million-state-appropriation/,collaboratory.unc.edu,NC Policy Collaboratory,1,GenX Contamination in the Cape Fear River,Evidence,1,#/case/genx-pfas/chain/pfas-harm/R5,200,yes,partial,QUOTE MISMATCH,"Aug 2018 Collaboratory press release confirms $5,013,000 appropriation and six universities, and plans for statewide sampling of public water sources. It does not contain the quoted sentence about '190 surface water intakes, 158 municipal groundwater wells, and 57 county or regional water supplies' and does not use the name 'PFAST Network'; those figures/quote come from the later PFAST Network reports to the NC General Assembly (e.g. https://webservices.ncleg.gov/ViewDocSiteFile/50796). Page's closest wording: 'Sampling public water sources statewide to establish a baseline and monitoring protocol moving forward.'"
https://digitalcommons.law.ou.edu/cgi/viewcontent.cgi?article=1510&context=onej,digitalcommons.law.ou.edu,"ONE J (Oil and Gas, Natural Resources, and Energy Journal) case note",1,GenX Contamination in the Cape Fear River,Evidence,1,#/case/genx-pfas/chain/pfas-harm/R2,200,yes,yes,QUOTE MISMATCH,"Huckabay, 'Liability in the Pipeline: The Expanding Scope of PFAS Litigation and Regulation', ONE J 11(1), 2025. Discusses the June 2018 draft Proposed Order, air emissions, wastewater prohibition and CFRW's May 7 2018 NOI. The quoted sentence does not appear; nearest page wording: 'With two remaining contamination pathways left unaddressed—the release of PFAS into surface waters and groundwaters—CFRW sought judicial review of NCDEQ's decision.'"
https://home.watson.brown.edu/news/2021-08-06/does-meeting-style-matter-effects-exposure-participatory-and-deliberative-school,home.watson.brown.edu,Collins 2021,1,COVID-19 School Closures and Reopenings,Proposal chain evidence,1,#/case/covid-schools/spine/pr/0/l/2,200,yes,partial,QUOTE MISMATCH,"Watson Institute news piece on Collins (APSR 2021) confirms exposure to participatory/deliberative school board meetings 'led to increased trust in local officials'. The attached quote ('Mini-publics increase legitimacy perceptions...recommendations are honored') is from Germann, Marien & Muradova (Political Studies 2024), not this page; Germann et al. are not mentioned on the page."
https://ideas.repec.org/a/bla/socsci/v102y2021i5p2266-2284.html,ideas.repec.org,"DeAngelis & Makridis, Social Science Quarterly 102(5), 2266-2284",1,COVID-19 School Closures and Reopenings,Evidence,1,#/case/covid-schools/chain/schools-legitimacy/S2,200,yes,yes,QUOTE MISMATCH,"DeAngelis & Makridis, SSQ 102(5) 2021, 2266-2284; 835 districts, four union measures, 'uncorrelated with the actual incidence of the virus'/'strongly associated with unionization' all present. But the page abstract reads 'We find that school districts in locations with stronger teachers' unions are less likely to reopen in person even after we control semiparametrically for differences in local demographic characteristics' and 'We do not find evidence that measures of COVID-19 risk are correlated with school reopening decisions' - the tool's quote ('semi-parametrically', 'We also do not find evidence to suggest that') matches the 2020 working-paper wording, not this page."
https://jamanetwork.com/journals/jamanetworkopen/fullarticle/2787869,jamanetwork.com,JAMA Network Open,1,COVID-19 Vaccine Mandates,Evidence,1,#/case/covid-vaccines/chain/vax-fair/F3,CAPTCHA / could not fetch; article ID not found by search,unknown,partial,QUOTE MISMATCH,"The JAMA Netw Open FQHC study (Cole, Raifman, Assoumou, Kim 2022) is article 2787771 (PMC8749468), not 2787869 - the cited ID is likely a typo/wrong article. The study does report 1,096 FQHCs, 25.9M patients, 61.4% vs 40%. But the quote ('Health centers have administered nearly 19 million COVID-19 vaccine doses... 68 percent has gone to racial and/or ethnic minority patients as of January 14, 2022') is HHS press-release language and does not appear in the JAMA article. Correct URL: https://jamanetwork.com/journals/jamanetworkopen/fullarticle/2787771"
https://link.springer.com/article/10.1007/s11292-018-9338-2,link.springer.com,Walters and Bolger 2019,2,COVID-19 School Closures and Reopenings | COVID-19 Vaccine Mandates,Proposal chain counter-evidence | Proposal chain evidence,1,#/case/covid-schools/spine/pr/0/l/3 | #/case/covid-vaccines/spine/pr/1/l/1,200 (abstract only; full text paywalled),yes,partial,QUOTE MISMATCH,"Walters & Bolger 2019, 'Procedural justice perceptions, legitimacy beliefs, and compliance with the law: a meta-analysis', J Exp Criminology 15:341-372. Abstract confirms 64 studies/95 samples/196 effect sizes and legitimacy-compliance link (supports the meta-analysis part of both claims). The quote 'normative concerns regarding duty to support the authorities dominated compliance decisions' and the 1,595-Australian COVID lockdown survey are NOT from this paper (they come from Murphy et al. 2020, Australian J. Criminology); this 2019 paper predates COVID."
https://overdeck.org/research-repository/chronic-absenteeism/connection-trust-learning-student-attendance-in-the-middle-and-high-school-grades-following-the-covid-19-pandemic/,overdeck.org,Overdeck Family Foundation research summary,1,COVID-19 School Closures and Reopenings,Evidence,1,#/case/covid-schools/chain/schools-legitimacy/S6,HTTP 200,yes,partial,QUOTE MISMATCH,"Overdeck summary page exists and is correctly labelled, but the quoted sentence does not appear on it. Overdeck page wording: 'Chronic absenteeism increased dramatically post-pandemic, rising by roughly 20 percentage points, with nearly half of CPS students chronically absent in 2022' and 'School climate factors-especially student safety, relationships, and connectedness-were strongly linked to attendance, with stronger effects in post-pandemic years.' The quoted sentence (24% to 45%) and the high-school connectedness sentence appear verbatim only in the underlying UChicago Consortium report PDF (consortium.uchicago.edu/sites/default/files/2026-01/Connection,%20Trust,%20and%20Learning-Jan26-Consortium.pdf), which should be cited instead."
https://pdkpoll.org/wp-content/uploads/2020/10/PDKPoll2019Topline.pdf,pdkpoll.org,PDK 2019 topline,1,COVID-19 School Closures and Reopenings,Counter-evidence,1,#/case/covid-schools/chain/schools-legitimacy/S4,HTTP 200 (PDF),yes,partial,QUOTE MISMATCH,"2019 PDK Poll Appendix B topline. Page supports only the 2013 = 53% A/B figure (trend table, Q2; 2019 = 44%). It predates 2022/2025 and does not contain the quote '43 percent of Americans give their local schools an A or B grade (down from 54 percent in 2022)' - that wording is from the CSBA 2025 blog post, which was reused here."
https://pubmed.ncbi.nlm.nih.gov/32205438/,pubmed.ncbi.nlm.nih.gov,van der Bles et al. 2020,2,COVID-19 School Closures and Reopenings,Proposal chain evidence | Comparable case,1,#/case/covid-schools/spine/pr/3/l/1 | #/case/covid-schools/spine/pr/3,"reCAPTCHA block on PubMed; verified via Crossref, Groningen repository and press coverage",yes,yes,QUOTE MISMATCH,"PMID 32205438 = van der Bles, van der Linden, Freeman & Spiegelhalter 2020, 'The effects of communicating uncertainty on public trust in facts and numbers', PNAS. Five experiments, n=5,780, BBC News field experiment confirmed. Quote 2 ('These results could help reassure all communicators...') is verbatim from the abstract. Quote 1 ('little to no negative effect on levels of trust in the data itself, those who provided it (e.g. civil servants) or those reporting it (e.g. journalists)') is NOT in the paper/abstract; it is wording from the University of Cambridge press release (cam.ac.uk, 23 Mar 2020). The abstract actually says: 'we observed only a small decrease in trust in numbers and trustworthiness of the source, and mostly for verbal uncertainty communication.'"
https://pubmed.ncbi.nlm.nih.gov/39181556/,pubmed.ncbi.nlm.nih.gov,BMJ Open protocol (NCT05822219),1,COVID-19 Vaccine Mandates,Counter-evidence,1,#/case/covid-vaccines/chain/vax-total/V4,PubMed captcha; verified via PMC11344519,yes,yes,QUOTE MISMATCH,"Sirek et al. 2024, BMJ Open, doi 10.1136/bmjopen-2024-087918, NCT05822219; POL cluster RCT among Black adults with rheumatic conditions. Actual abstract wording: ""This trial began recruitment in February 2024 in Boston, Massachusetts and Chicago, Illinois, USA."" The tool's quote inserts 'cluster randomised controlled' (""This cluster randomised controlled trial began recruitment...""), which is not on the page. Body text says: ""Recruitment began in February 2024, and we plan to complete data collection over the course of 1.5 years."" Finding itself is supported."
https://scholarworks.boisestate.edu/polsci_facpubs/146/,scholarworks.boisestate.edu,Touchton and Wampler 2014,2,COVID-19 School Closures and Reopenings,Proposal chain evidence | Comparable case,1,#/case/covid-schools/spine/pr/4/l/1 | #/case/covid-schools/spine/pr/4,200,yes,partial,QUOTE MISMATCH,"Page is Touchton & Wampler 2014, 'Improving Social Well-Being Through New Democratic Institutions', Comparative Political Studies (Brazil PB, health spending, infant mortality) - this supports the Brazil claim. The quoted NYC sentence ('...increased individuals' probability of voting by an average of 8.4 percentage points') is NOT in this paper; it comes from Johnson, Carlson & Reynolds, 'Testing the Participation Hypothesis: Evidence from Participatory Budgeting', Political Behavior (2021), https://link.springer.com/article/10.1007/s11109-021-09679-w. Also 'two independent teams' is not established by this single source."
https://static.ewg.org/reports/2019/pfa-timeline/3M-DuPont-Timeline_sm.pdf,static.ewg.org,EWG 3M/DuPont timeline,1,GenX Contamination in the Cape Fear River,Evidence,1,#/case/genx-pfas/chain/pfas-harm/D1,200,yes,partial,QUOTE MISMATCH,"EWG PDF is a year-by-year timeline (1950-2000) plus reproduced historical documents. The quoted sentence does not appear; the only 1961 entry reads: '1961 - DuPont toxicologist warns that PFAS chemicals enlarge rat and rabbit livers.' No 1980 entry, no 'Washington Works', no mention of EPA's 2004 TSCA 8(e) action (nearest: '1979 - DuPont survey of employees in its Parkersburg, W.Va., Teflon plant finds possible evidence of liver damage.'). The quoted wording appears to come from 2004-2005 news coverage/EWG summaries of the EPA complaint, not this page."
https://static.ewg.org/reports/2020/pfas-epa-timeline/EPA-PFAS-Timeline-10-21.pdf,static.ewg.org,EWG EPA PFAS timeline | EWG EPA Timeline,3,GenX Contamination in the Cape Fear River,Evidence | Timeline entry,1,#/case/genx-pfas/chain/pfas-harm/D1 | #/case/genx-pfas/timeline,200,yes,partial,QUOTE MISMATCH,"EWG PDF 'For 20-Plus Years, EPA Has Failed To Regulate Forever Chemicals' with appended EPA/3M documents exists. The quote 'As early as 1961, DuPont scientists issued internal warnings about the health risks of PFOA [...] by 1980 had found elevated levels of the chemical in workers at the DuPont Washington Works plant' does NOT appear in this PDF (no '1961' anywhere); it is the Levin Law page's wording. What the EWG PDF does say: EPA's 2004 complaint that DuPont 'had studied PFOA in pregnant workers and their offspring as early as May, 1981' and failed to report; 3M's 'epidemiological study of its own workers indicate[d] no adverse effects at parts per million levels'; June 1999 3M Audit Agreement with EPA covering 'over 700 studies'. The two timeline-entry claims (3M no-adverse-effects framing; EPA audit of 3M / 700 studies) are supported; the 1961/1980 worker-blood claim is not on this page."
https://www.aeaweb.org/articles?id=10.1257%2Faer.20121656,aeaweb.org,Currie et al. 2015,2,GenX Contamination in the Cape Fear River,Proposal chain evidence | Proposal chain counter-evidence,1,#/case/genx-pfas/spine/pr/2/l/1,200,yes,partial,QUOTE MISMATCH,"Currie, Davis, Greenstone & Walker 2015, 'Environmental Health Risks and Housing Values: Evidence from 1,600 Toxic Plant Openings and Closings', AER 105(2). Abstract supports the 11% housing-value decline within 0.5 mile and the within-1-mile concentration of effects. The bottled-water quote ('an increase in bottled water sales of 22 percent from violations due to microorganisms and 17 percent from violations due to elements and chemicals') is not in this paper; it is from Zivin, Neidell & Schlenker 2011, 'Water Quality Violations and Avoidance Behavior: Evidence from Bottled Water Consumption' (AER P&P). The avoidance-cost/poor-household burden point is also not addressed here."
https://www.aeaweb.org/articles?id=10.1257/aeri.20210748,aeaweb.org,"Jack et al., AER: Insights 2023 | Jack et al. 2023",2,COVID-19 School Closures and Reopenings,Evidence | Impact evidence,1,#/case/covid-schools/chain/schools-legitimacy/S8 | #/case/covid-schools/spine/i/3,200,yes,yes,QUOTE MISMATCH,"Jack, Halloran, Okun & Oster 2023, 'Pandemic Schooling Mode and Student Test Scores: Evidence from US School Districts', AER: Insights 5(2). Findings (11 states, 12.8/6.8 pp declines, smaller declines with full in-person, larger value for districts with more Black students) all supported. Quote is a light paraphrase, not verbatim. Actual abstract: 'Pass rates declined from 2019 to 2021: an average of 12.8 percentage points in math and 6.8 in English language arts (ELA). ... we estimate that districts with full in-person learning had significantly smaller declines (13.4 pp in math, 8.3 in ELA).' The quote inserts 'decline', 'in pass rates', and writes 'p.p.'/'8.3 p.p. in ELA'."
https://www.bladenjournal.com/news/21094/chemours-ordered-to-reduce-emissions-pay-fine,bladenjournal.com,Bladen Journal,1,GenX Contamination in the Cape Fear River,Evidence,1,#/case/genx-pfas/chain/pfas-harm/R3,200,yes,partial,QUOTE MISMATCH,"Bladen Journal, 'Chemours hit with largest DEQ fine', Nov 23 2018. The quote is consent-order language ('By no later than thirty (30) days... Chemours shall pay...') that does not appear in the article. Article wording: 'Chemours has agreed to pay a $12 million penalty, plus $1 million for investigative costs' and 'cut air emissions by at least 92 percent from last year's level, and by 99 percent by the end of next year'. Article does not mention 82% by Oct 2018, thermal oxidizer 99.99%, 9-month connection deadline, or 20-year filtration minimum."
https://www.brookings.edu/articles/how-misinformation-is-distorting-covid-policies-and-behaviors/,brookings.edu,Brookings Institution,2,COVID-19 School Closures and Reopenings,Proposal chain evidence | Proposal chain counter-evidence,1,#/case/covid-schools/spine/pr/3/l/2,200,yes,yes,QUOTE MISMATCH,"Rothwell & Desai, Brookings, Dec 22 2020. Findings supported (Biden voters 43%-60% depending on news segment; 18% correctly estimate hospitalization rate). But the phrase 'a 17-point swing' does not appear; actual wording: 'The percentage of Biden voters who support re-opening schools to in-person learning is as low as 43% to as high as 60%, depending on which news segment we assigned them to read.' The page speaks of 'a 37 percentage point gap' between Biden and Trump voters under opposite framings."
https://www.bu.edu/sph/news/articles/2022/health-centers-are-improving-covid-19-vaccine-equity-among-people-of-color,bu.edu,BU School of Public Health summary,1,COVID-19 Vaccine Mandates,Evidence,1,#/case/covid-vaccines/chain/vax-fair/F3,200,yes,partial,QUOTE MISMATCH,"BU SPH article, Jan 10 2022, supports the JAMA Network Open figures (1,096 FQHCs, 25.9M patients, 61.4% vs 40%, Jan 8-Jul 2 2021). The quote ('Health centers have administered nearly 19 million COVID-19 vaccine doses [...] Overall, 68 percent has gone to racial and/or ethnic minority patients as of January 14, 2022') does not appear on the page; it is HHS/HRSA press-release wording, and the 19M/68% figures are absent from the BU page."
https://www.cdc.gov/mmwr/volumes/70/wr/mm7022e1.htm,cdc.gov,MMWR 70(22),1,COVID-19 Vaccine Mandates,Evidence,1,#/case/covid-vaccines/chain/vax-fair/F1,200,yes,yes,QUOTE MISMATCH,"MMWR 70(22), June 4 2021. Figures (49.0% vs 59.3%, disparities increased) are correct, but the quote silently drops a clause with no ellipsis. Actual wording: 'By May 1, 2021, after states opened eligibility to all adults, vaccination coverage was lower among adults living in counties with the highest overall SVI (Q4 coverage = 49.0% versus Q1 coverage = 59.3%)' ... 'Disparities in vaccination coverage by SVI increased over time, especially in large fringe metropolitan and nonmetropolitan counties'. Minor: omitted phrase 'after states opened eligibility to all adults'."
https://www.chalkbeat.org/chicago/2022/9/1/23333494/chicago-public-schools-local-school-councils-vacancies-raise-your-hand/,chalkbeat.org,Chalkbeat Chicago,2,COVID-19 School Closures and Reopenings,Proposal chain counter-evidence | Comparable case,1,#/case/covid-schools/spine/pr/4/l/0 | #/case/covid-schools/spine/pr/4,200,yes,partial,QUOTE MISMATCH,"Chalkbeat Chicago, Mauricio Pena, 1 Sep 2022, supports the 1,400 vacant seats: 'After high voter turnout in the April election, more than 1,400 LSC seats remain empty at hundreds of schools.' The attached quote about 'More than a fifth of the 72 schools with police officers...quorum' does not appear on this page; it appears only in the WBEZ 14 Jul 2020 article (npr.org/local/309/...). No mention of police or quorum on the Chalkbeat page."
https://www.cnbc.com/2021/12/08/biden-vaccine-mandate-senate-votes-to-overturn-osha-rule.html,cnbc.com,CNBC (Senate vote),1,COVID-19 Vaccine Mandates,Evidence,1,#/case/covid-vaccines/chain/vax-total/V5,200,yes,partial,QUOTE MISMATCH,"CNBC Dec 8 2021 article supports the 52-48 Senate vote ('The Senate approved the measure in a 52-48 vote. Sens. Joe Manchin, D-W.V., and Jon Tester, D-Mont., joined every Republican in supporting it.'). The quote is from the Supreme Court's Jan 13 2022 NFIB v. OSHA order and does not appear on this page; the article predates the Supreme Court ruling."
https://www.deq.nc.gov/genx/2019-02-20-final-deq-response-comments-proposed-consent/download,deq.nc.gov,DEQ Response to Public Comment,1,GenX Contamination in the Cape Fear River,Evidence,1,#/case/genx-pfas/chain/pfas-harm/R4,200,yes,yes,QUOTE MISMATCH,"DEQ 'Summary of Revised Proposed Consent Order and Response to Public Comment', Feb 20 2019. All facts supported (approx. 380 comments, >200 supportive; new 11.1, 11.2, 12(e) three to four times, 20-year minimum, 25.1 split sampling). Second quote fragment is verbatim ('a minimum of 20 years or until such time as Chemours demonstrates that each PFAS in Attachment C is below an applicable health advisory, whichever is later'), but the first fragment differs: page says 'Chemours must submit an analysis of the Facility's contributions of PFAS to the raw water intakes of downstream public utilities' (not 'analyze the Facility's contribution of PFAS to raw water intakes of downstream public utilities')."
https://www.deq.nc.gov/news/press-releases/2018/11/21/release-state-officials-require-chemours-provide-permanent-drinking,deq.nc.gov,"NC DEQ press release, Nov. 21, 2018",1,GenX Contamination in the Cape Fear River,Evidence,1,#/case/genx-pfas/chain/pfas-harm/R3,200,yes,partial,QUOTE MISMATCH,"NC DEQ press release Nov 21 2018 exists and confirms $12M civil penalty + $1M investigative costs, 92% (end-2018) and 99% (end-2019) GenX air emission reductions, thermal oxidizer 99.99% efficiency, permanent drinking water. The quoted text ('By no later than thirty (30) days following entry of this Order, Chemours shall pay ... civil penalty in the amount of $12,000,000 and investigative costs in the amount of $1,000,000') is consent-order language (paragraph 33 of the proposed consent order PDF), not on the press release page. Press release also does not state 'largest fine ever', the 82% Oct 2018 milestone, the 9-month deadline, or the 20-year filtration minimum."
https://www.ednc.org/08-21-2025-how-do-people-feel-about-public-schools-and-education-policy-national-survey-gives-insight/,ednc.org,PDK 2025 results,1,COVID-19 School Closures and Reopenings,Counter-evidence,1,#/case/covid-schools/chain/schools-legitimacy/S4,200,yes,partial,QUOTE MISMATCH,"EdNC, Aug 21 2025, on PDK 2025 poll. Actual wording: 'Forty-three percent of respondents gave their local schools a letter grade of A or B - a ten percentage-point drop from 2013.' Page compares to 2013 (implying 53%), not to 54% in 2022; the parenthetical '(down from 54 percent in 2022)' is not on the page."
https://www.epa.gov/sites/default/files/2019-09/documents/_epaoig_notificationmemo_9-23-19_dupont.pdf,epa.gov,"EPA OIG notification memo, Sept. 23, 2019",1,GenX Contamination in the Cape Fear River,Evidence,1,#/case/genx-pfas/chain/pfas-harm/D2,200,yes,partial,QUOTE MISMATCH,"URL is the EPA OIG project notification memo of Sept 23 2019, which only announces the evaluation of the 2009 TSCA consent order; it contains neither the quoted sentence nor the 99% efficiency requirement. The quote appears verbatim in the OIG final report 20-E-0177 (May 28 2020), 'EPA Toxic Substances Control Act Consent Orders Need Better Coordination': https://www.epa.gov/sites/production/files/2020-05/documents/_epaoig_20200528-20-e-0177_1.pdf , which also has 'recover and capture (destroy) or recycle the [premanufacture notice] substances at an overall efficiency of 99%'. Citation should point to the 2020 report, as the finding text itself says."
https://www.kff.org/covid-19/kff-covid-19-vaccine-monitor-dashboard/,kff.org,KFF Vaccine Monitor | KFF,2,COVID-19 Vaccine Mandates,Evidence | Timeline entry,1,#/case/covid-vaccines/chain/vax-total/V5 | #/case/covid-vaccines/timeline,200,yes,partial,QUOTE MISMATCH,"KFF COVID-19 Vaccine Monitor Dashboard exists (last modified Sep 2025) and carries some CDC-trust data (e.g. Republicans 40%), but the quoted sentence and the 59%/70% v 88%/51% v 40% figures are not on the dashboard. They appear verbatim on the KFF Tracking Poll on Health Information and Trust: Vaccine Safety and Trust (6 May 2025): https://www.kff.org/health-information-trust/kff-tracking-poll-on-health-information-and-trust-vaccine-safety-and-trust/ . Timeline claim of CDC trust at 50% down from 63% in Sep 2024 is not on either page checked."
https://www.mdpi.com/1660-4601/21/7/905,mdpi.com,Rochester et al. 2024,1,GenX Contamination in the Cape Fear River,Proposal chain evidence,1,#/case/genx-pfas/spine/pr/4/l/1,200,yes,partial,QUOTE MISMATCH,"Rochester et al. 2024, IJERPH 21(7):905 (Healthy Nevada Project report-back). The quoted phrase 'report-back increased concern for consumer product chemicals' does not appear anywhere on the page; the only 'concern' sentence is 'Of particular concern are the harmful effects these chemicals can have on fertility.' The study is explicitly 'Non-Randomized' (n=424 pre, 174 post), not 'a randomized study of 135 cohort members', and PFAS is never mentioned. The 79%->35% and monobutyl phthalate (p<0.001) decrease figures are correct. The randomized/135/PFAS/quote elements appear to come from a different report-back study."
https://www.nature.com/articles/s41562-022-01363-1,nature.com,Nature Human Behaviour 2022 | Karaivanov et al. 2022,3,COVID-19 Vaccine Mandates,Evidence | Impact evidence | Proposal chain evidence,1,#/case/covid-vaccines/chain/vax-total/V5 | #/case/covid-vaccines/spine/i/3 | #/case/covid-vaccines/spine/pr/1/l/2,200,yes,yes,QUOTE MISMATCH,"Karaivanov, Kim, Lu & Shigeoka 2022, Nature Human Behaviour 6:1615-1624. Findings all confirmed (DiD across ten Canadian provinces; France/Italy/Germany time series; up to +5/+8/+12/+4.7 points by Oct 31 2021). Actual page wording: 'a mandate announcement is associated with an average increase of about 66% (50.6 log points; P = 0.001; 95% CI, 25-77; in column 2) in weekly first doses.' Tool's quote drops 'average' and 'in column 2' - minor trimming, meaning unchanged."
https://www.nature.com/articles/s41586-024-07591-x,nature.com,Nature 2024 (nudge megastudy),1,COVID-19 Vaccine Mandates,Counter-evidence,1,#/case/covid-vaccines/chain/vax-total/V4,200,yes,partial,QUOTE MISMATCH,"Milkman et al. 2024, Nature, 'Megastudy shows that reminders boost vaccination but adding free rides does not'. The 3,662,548 CVS patients and 1.05 percentage point (21%) booster uptake figures are on the page. The quote 'The vaccination rate in the sample of the treatment group surpassed the rate in the control group by a factor of 3.4 (+9.0 percentage points) over 3 weeks.' does NOT appear on this page; it describes the mobile-vaccination-unit cluster RCT, a different paper. The NHB 2022 mandate figures are also not from this page."
https://www.nature.com/articles/s41598-022-20312-6,nature.com,Scientific Reports 12 | Yueh et al. 2022,2,COVID-19 Vaccine Mandates,Evidence | Comparable case,1,#/case/covid-vaccines/chain/vax-total/V2 | #/case/covid-vaccines/spine/pr/0,200,yes,yes,QUOTE MISMATCH,"Yueh, Wang & Lee 2022, 'The cognition, information behaviors, and preventive behaviors of Taiwanese people facing COVID-19', Scientific Reports 12. 610 responses Feb 27-Mar 4 2020, CECC daily press conferences, and government-highest-credibility finding confirmed. First half of the stitched quote is verbatim; the second half ('When people trust the government and its information, they also take more precautionary behaviors.') does not appear. Nearest page wording: 'Social trust, information credibility, and personal protective measures were positively correlated.'"
https://www.nature.com/articles/s41598-024-54441-x,nature.com,Dong et al. 2024,1,COVID-19 Vaccine Mandates,Proposal chain counter-evidence,1,#/case/covid-vaccines/spine/pr/0/l/1,200,yes,partial,QUOTE MISMATCH,"Dong, Nixon & Gardner 2024, Scientific Reports. The 2,885-county / Republican vote share strongest-association finding is on the page. The quote 'the campaign increased the number of vaccines in the average treated county by 103' does NOT appear; nor do 2,032 counties, Trump endorsement ad, or cost per dose. That material comes from a different study (Larsen et al., the Trump ad RCT)."
https://www.niehs.nih.gov/news/factor/2023/1/feature/3-feature-genx-exposure-study,niehs.nih.gov,NIEHS Environmental Factor,2,GenX Contamination in the Cape Fear River,Evidence | Participation instance,1,#/case/genx-pfas/chain/pfas-harm/R5 | #/case/genx-pfas/chain/pfas-harm/R5/p/0,200,yes,partial,QUOTE MISMATCH,"Environmental Factor, Jan 2023, 'GenX Exposure Study reports results back to the community'. Confirmed: 1,020 participants sampled 2020-2021 across three communities; Oct 2022 community meeting; verbatim '11-page letter including an overview of the overall study findings, individual blood PFAS results, and NASEM recommendations'. NOT on page: the quoted sentence 'The plan for this study is to follow people for at least five years and up to 20 years...' - actual wording is 'We plan to follow people for up to 20 years to identify how GenX exposure can result in changes in health.' Also not on page: 344 participants / Nov 2017 enrollment, and 'All results from the study will be shared with both the community as a whole and each individual participant' (that sentence is from the GenX study FAQ at genxstudy.ncsu.edu/faq/)."
https://www.northcarolinahealthnews.org/2020/09/09/nc-getting-tougher-on-pfas-polluters-but-researchers-say-more-action-is-needed/,northcarolinahealthnews.org,NC Health News,1,GenX Contamination in the Cape Fear River,Evidence,1,#/case/genx-pfas/chain/pfas-harm/R4,200,yes,no,QUOTE MISMATCH,"NC Health News, Greg Barnes, Sep 9 2020, exists and discusses DEQ's planned additional action against Chemours, but contains no barrier wall, 1.5 miles, 99%, four seeps, $150,000/$20,000-per-week, March 2023 or 30-day-comment language. The quote is verbatim from the NC DEQ press release of Aug 13 2020 (https://www.deq.nc.gov/news/press-releases/2020/08/13/deq-orders-additional-pfas-reductions-chemours): 'The permanent measure is the construction of a subsurface barrier wall approximately 1.5 miles long and groundwater extraction system that will remove at least 99% of PFAS to be completed by March 2023.' Page wording on this URL is limited to e.g. 'significant additional action against Chemours to compel the company to rid PFAS from the groundwater at the chemical company's plant'."
https://www.pewresearch.org/science/2023/11/14/americans-trust-in-scientists-positive-views-of-science-continue-to-decline/,pewresearch.org,Pew 2023,2,COVID-19 School Closures and Reopenings,Counter-evidence,2,#/case/covid-schools/chain/schools-legitimacy/S7,200,yes,partial,QUOTE MISMATCH,"Pew 14 Nov 2023 page exists and supports 73% (Oct 2023) and the 'meeting the needs of K-12 students' wording. Neither attached quote is on this page. Quote 1 ('At the onset of the COVID-19 pandemic in April 2020, 87%... 77% of U.S. adults now say...') is verbatim from Pew's 15 Jan 2026 report https://www.pewresearch.org/science/2026/01/15/americans-confidence-in-scientists/ . Quote 2 ('The strongest predictor of trust change was the source of scientific information...') is from the PLOS One 2025 article https://journals.plos.org/plosone/article?id=10.1371/journal.pone.0328075 , not Pew."
https://www.researchgate.net/publication/384897615_Correlates_of_public_compliance_with_COVID-19_regulations_in_Taiwan,researchgate.net,Policing: An International Journal 2024,1,COVID-19 Vaccine Mandates,Evidence,1,#/case/covid-vaccines/chain/vax-total/V2,429 (rate-limited); Emerald origin returned CAPTCHA,yes,partial,QUOTE MISMATCH,"The paper exists (Policing: An International Journal, 2024, DOI 10.1108/pijpsm-07-2024-0109) and the label is correct, but the quoted sentences are not from it. They are verbatim from a different source, the Scientific Reports 2022 paper 'The cognition, information behaviors, and preventive behaviors of Taiwanese people facing COVID-19' (https://www.nature.com/articles/s41598-022-20312-6): 'Information from the government and research institutes had higher credibility than that from other sources, with the government having the highest score' and 'When people trust the government and its information, they also take more precautionary behaviors' (610 responses, Feb 27-Mar 4 2020 confirmed there). This ResearchGate URL supports at most the caveat about compliance confounders; the credibility/precaution findings are attributed to other papers."
https://www.sciencedirect.com/science/article/abs/pii/S1061951818301496,sciencedirect.com,Verboon and Goslinga 2018,1,COVID-19 School Closures and Reopenings,Proposal chain evidence,1,#/case/covid-schools/spine/pr/0/l/3,robots-blocked (resolved via RePEc/Leiden repository),yes,no,QUOTE MISMATCH,"PII S1061951818301496 is Siglé, Goslinga, Speklé, van der Hel & Veldhuizen 2018, 'Corporate tax compliance: Is a change towards trust-based tax strategies justified?', J. Int. Accounting, Auditing and Taxation 32:3-16 (doi 10.1016/j.intaccaudtax.2018.06.003), a Dutch survey (n=271) on trust/power and corporate tax compliance. Label 'Verboon and Goslinga 2018' is wrong (Verboon is not an author). The quote 'legitimacy - typically operationalized as the perceived obligation to obey and trust and confidence in the relevant institutions - plays an important role in achieving such compliance' does not appear in the abstract and is Tyler/Jackson-style wording about US legal institutions (likely Tyler & Jackson 2014). Neither the 'national US survey of legal institutions' finding nor the 'fair process raised acceptance of changes leaving respondent worse off' finding is supported by this paper's abstract."
https://www.supremecourt.gov/opinions/21pdf/21a240_d18e.pdf,supremecourt.gov,Biden v. Missouri | SCOTUS,2,COVID-19 Vaccine Mandates,Evidence | Timeline entry,1,#/case/covid-vaccines/chain/vax-total/V5 | #/case/covid-vaccines/timeline,200,yes,partial,QUOTE MISMATCH,"Document is Biden v. Missouri / Becerra v. Louisiana, Nos. 21A240 & 21A241, Jan 13 2022 (CMS mandate allowed to take effect; supports the SCOTUS timeline entry). The quoted stay language about OSHA's ETS, 86 Fed. Reg. 61402, is NOT in this opinion; it is from NFIB v. OSHA, No. 21A244 (https://www.supremecourt.gov/opinions/21pdf/21a244_hgci.pdf). The Senate 52-48 vote is not in this document. Closest wording here: 'The District Court for the Eastern District of Missouri's November 29, 2021, order granting a preliminary injunction is stayed...'"
https://www.theguardian.com/environment/2023/jun/07/pfas-3m-dupont-chemical-industry-health-toxic-study,theguardian.com,The Guardian,1,GenX Contamination in the Cape Fear River,Evidence,1,#/case/genx-pfas/chain/pfas-harm/D1,403 (proxy blocked; archive copies also blocked),yes,partial,QUOTE MISMATCH,"The Guardian URL is real (linked verbatim from thecooldown.com and cited by EcoWatch as The Guardian, June 7 2023, on the Gaber/Bero/Woodruff Annals of Global Health study), but the page could not be fetched. The quote as given is verbatim from the Annals of Global Health paper (https://annalsofglobalhealth.org/articles/10.5334/aogh.4013): 'In a 1970 internal information request, W.E. Hilton of the Fluorocarbons Division at the Washington Works plant notes that studies by Haskell Laboratory had already found C8 to be ""highly toxic when inhaled and moderately toxic when ingested.""' The tool's own caveat concedes the quote is from the study, not the Guardian page. Guardian coverage of the study likely supports the general finding, but the quote should be attributed to the paper."
https://www.turi.org/wp-content/uploads/2024/03/TURAOverview.June2018.pdf,turi.org,Toxics Use Reduction Institute,2,GenX Contamination in the Cape Fear River,Proposal chain evidence | Comparable case,1,#/case/genx-pfas/spine/pr/2/l/2 | #/case/genx-pfas/spine/pr/2,200,yes,partial,QUOTE MISMATCH,"TURI 'Massachusetts Toxics Use Reduction Act' overview PDF, revised June 2018. Supports the Massachusetts figures: 'From 1990 to 2016, Massachusetts companies reduced toxic chemical use by 66 percent, byproduct by 72 percent, and on-site releases by 92 percent'. The attached quote 'reduced total violations by between 30% and 44%' (mailed water quality reports) does not appear in this document; it derives from the Bennear & Olmstead drinking-water disclosure study. German REACH 61% figure also not on this page."
https://www.wect.com/story/35728729/cfpua-staff-acted-in-appropriate-manner-in-involvement-with-genx-study/,wect.com,WECT,1,GenX Contamination in the Cape Fear River,Evidence,1,#/case/genx-pfas/chain/pfas-harm/D3,200,yes,partial,QUOTE MISMATCH,"WECT, Brandon Wissbaum, June 22 2017. The page supports the November 2016 part of the finding ('Knappe's report was published two months later in November 2016, and he later forwarded the paper to multiple individuals within NCDEQ and various cities'; 'A week after Knappe's email, a UNCW professor sent the published paper to CFPUA, along with several other public entities'). The attached quote about the McCrory administration in May/June 2016 and utilities not publicizing is not on this page; it is from the NC Health News Aug 17 2017 article."
https://www.wunc.org/environment/2025-09-11/emc-nc-pfas-deq-genx-pfoa-pfos-wetlands-e-coli,wunc.org,"WUNC, September 2025",1,GenX Contamination in the Cape Fear River,Evidence,1,#/case/genx-pfas/chain/pfas-harm/R6,200,yes,partial,QUOTE MISMATCH,"WUNC, Celeste Guajardo, Sep 11 2025. Page supports EMC adopting groundwater standards for PFOA, PFOS and GenX, narrowed from DEQ's eight proposed compounds. It does not contain the quote or the monitoring-rule details (one year of monitoring, facility-authored reduction plans, no deadline). The quote is verbatim from a later WUNC article, May 14 2026: https://www.wunc.org/environment/2026-05-14/pfas-dioxane-water-pollution-monitoring-minimization-emc-deq ('Under the proposal, certain wastewater treatment plants and industrial facilities will monitor their PFAS and 1,4 dioxane discharges for one year. Then, based on those results, certain plants and facilities will come up with their own reduction plan.')."
https://www.wunc.org/politics/2025-05-09/chemours-pay-pfas-removal-nc-house-bill,wunc.org,WUNC,2,GenX Contamination in the Cape Fear River,Evidence,2,#/case/genx-pfas/chain/pfas-harm/R6,200,yes,partial,QUOTE MISMATCH,"WUNC, Adam Wagner, 9 May 2025. Supports: $82.8 million for eight GAC filters, $158.7 million Brunswick RO plant, 104-3 House vote, $50 million eligibility amendment, costs since 2017. Not on page: 'the costs of the Sweeney Plant filtration improvements are currently falling on taxpayers' and 'No PFAS whatsoever detected' (appear to be CFPUA website wording), the $43 million build cost, the 8% rate increase, Sept/Oct 2022 dates, and the NC General Assembly bill-history text 'Re-ref to Agriculture, Energy, and Environment. If fav, re-ref to Judiciary...' which is from ncleg.gov, not WUNC."
https://www.wunc.org/environment/2025-06-09/chemours-genx-cape-fear-river-pollution-pfas-wilmington,wunc.org,WUNC,1,GenX Contamination in the Cape Fear River,Impact evidence,0,#/case/genx-pfas/spine/i/3,404,no,partial,MOVED,"No WUNC article exists at this slug/date. The dollar figures appear in WUNC, Apr 17 2025: https://www.wunc.org/politics/2025-04-17/wilmington-ted-davis-chemours-pfas-cape-fear ('$82.8 million to build and maintain eight granular activated carbon filters' at CFPUA; '$158.7 million' Brunswick County RO plant). That article does not mention an 8 percent customer rate increase; a WUNC Feb 27 2025 piece gives Brunswick's cost as $167.3 million."
https://academic.oup.com/jpart/article-abstract/24/1/137/916830,academic.oup.com,Grimmelikhuijsen and Meijer 2014,1,COVID-19 School Closures and Reopenings,Proposal chain evidence,0,#/case/covid-schools/spine/pr/3/l/3,200 (abstract page; full text paywalled),yes,yes,PAYWALLED,"Grimmelikhuijsen & Meijer 2014, 'Effects of Transparency on the Perceived Trustworthiness of a Government Organization: Evidence from an Online Experiment', JPART 24(1):137-157. Abstract supports the claim: online experiment; transparency effects on perceived competence/benevolence occur only in particular citizen groups (defined by predisposition to trust and prior knowledge). The '187 studies' systematic review is a different source (Cucciniello, Porumbescu & Grimmelikhuijsen 2017), not this page, but the claim does not attribute it here."
https://nepis.epa.gov/Exe/ZyNET.exe/901S0J00.TXT?ZyActionD=ZyDocument&Client=EPA&Index=2006+Thru+2010&Docs=&Query=&Time=&EndTime=&SearchMethod=1&TocRestrict=n&Toc=&TocEntry=&QField=&QFieldYear=&QFieldMonth=&QFieldDay=&IntQFieldOp=0&ExtQFieldOp=0&XmlQuery=&File=D%3A%5Czyfiles%5CIndex%20Data%5C06thru10%5CTxt%5C00000001%5C901S0J00.txt&User=ANONYMOUS&Password=anonymous&SortMethod=h%7C-&MaximumDocuments=1&FuzzyDegree=0&ImageQuality=r75g8/r75g8/x150y150g16/i425&Display=hpfr&DefSeekPage=x&SearchBack=ZyActionL&Back=ZyActionS&BackDesc=Results%20page&MaximumPages=1&ZyEntry=1&SeekPage=x&ZyPURL,nepis.epa.gov,EPA,1,GenX Contamination in the Cape Fear River,Timeline entry,0,#/case/genx-pfas/timeline,403 (WebFetch proxy and curl both blocked),unknown,unknown,PAYWALLED,"NEPIS document could not be retrieved. The underlying work exists: EPA SAB 'Review of EPA's Draft Risk Assessment of Potential Human Health Effects Associated with PFOA and Its Salts' (EPA-SAB-06-006, final May 30 2006; draft circulated Jan 2006 and widely reported, e.g. NBC 'EPA board: Teflon chemical a likely carcinogen'). SAB majority did recommend 'likely to be carcinogenic to humans'. Claim's 'released April 2006' date is imprecise (draft Jan 2006, final May 2006). Could not confirm that NEPIS id 901S0J00 is that report."
https://onlinelibrary.wiley.com/doi/abs/10.1111/puar.12685,onlinelibrary.wiley.com,Cucciniello et al. 2017,1,COVID-19 School Closures and Reopenings,Proposal chain evidence,0,#/case/covid-schools/spine/pr/3/l/3,403 (Wiley blocks fetcher); abstract verified via Edinburgh repository,yes,yes,PAYWALLED,"Cucciniello, Porumbescu & Grimmelikhuijsen 2017, PAR, '25 Years of Transparency Research'. Abstract confirms systematic review of 187 studies (1990-2015) and calls for investigating how 'contextual conditions shape transparency outcomes' - abstract supports the claim of mixed, context-dependent effects."
https://pubs.acs.org/doi/10.1021/acs.estlett.6b00398,pubs.acs.org,Sun et al. 2016 | ACS,2,GenX Contamination in the Cape Fear River,Impact evidence | Timeline entry,0,#/case/genx-pfas/spine/i/0 | #/case/genx-pfas/timeline,403,yes,yes,PAYWALLED,"Sun et al. 2016, Environ. Sci. Technol. Lett. 3(12):415-419, confirmed via NSF PAR, EPA Science Inventory and HERO listings. Abstract reports mean GenX 631 ng/L downstream of a fluorochemical manufacturer and that PFECAs/GenX were not removed by conventional or advanced treatment and were present in finished drinking water; NCSU coverage confirms the treatment finding. Abstract supports the claims."
https://www.nytimes.com/2016/01/10/magazine/the-lawyer-who-became-duponts-worst-nightmare.html,nytimes.com,NYT,3,GenX Contamination in the Cape Fear River,Timeline entry,0,#/case/genx-pfas/timeline,403 (proxy rejected),yes,yes,PAYWALLED,"Nathaniel Rich, NYT Magazine, Jan 10 2016, confirmed via Longform and syndicated reprint (transcend.org). Reprint confirms Tennant contacting Bilott with videotapes of dead cattle at the Dry Run landfill; the discovery/EPA letter, DuPont tap-water testing on both sides of the Ohio River and placenta/cord-blood findings are in the well-documented body of the article beyond the excerpt fetched. Abstract/excerpt supports the claims."
https://www.nytimes.com/2020/06/29/insider/coronavirus-cases-new-york-times.html,nytimes.com,NYT,1,COVID-19 Vaccine Mandates,Participation instance,0,#/case/covid-vaccines/chain/vax-total/V1/p/0,blocked (proxy 403),yes,partial,PAYWALLED,"Could not fetch (proxy blocks nytimes.com and archive). Existence confirmed by Storybench linking this exact URL as the NYT Insider piece on the tracking project; Storybench confirms the single-reporter (Mitch Smith) spreadsheet origin. Billion-view/160-person/Pulitzer figures are actually from the 2023 nytco.com statement, not this 2020 piece."
https://www.nytimes.com/2021/10/25/nyregion/nypd-police-covid-vaccine-mandate-deblasio.html,nytimes.com,New York Times,3,COVID-19 Vaccine Mandates,Participation instance | Mechanism that should have worked | Timeline entry,0,#/case/covid-vaccines/chain/vax-total/V5/p/0 | #/case/covid-vaccines/spine/m/5 | #/case/covid-vaccines/timeline,403 (proxy rejected),yes,yes,PAYWALLED,"Existence confirmed: CIDRAP (Oct 2021) cites this exact NYT URL for the PBA lawsuit over insufficient time for religious exemptions, and its summary also covers the Chicago/Washington state standoffs and NRF/ATA requests to delay the private-employer mandate past the holiday rush. Summary supports the claims."
https://www.nytimes.com/live/2021/10/05/technology/facebook-whistleblower-frances-haugen,nytimes.com,New York Times,1,Youth Mental Health & Addiction on Meta Platforms,Timeline entry,0,#/case/meta-youth/timeline,blocked (proxy 403),yes,unknown,PAYWALLED,"NYT live blog of the 5 Oct 2021 Haugen hearing; could not fetch. A scraped mirror titled 'Facebook Senate Hearing: The Effect of Instagram on Teenage Girls - The New York Times' indicates a live entry with student interviews exists, and Iris Tsouris is a real Yale student (Yale Daily News author), so the claim is plausible but the 'didn't surprise' quote could not be checked."
https://www.tandfonline.com/doi/abs/10.1080/17544750.2021.2011343,tandfonline.com,Chinese Journal of Communication,1,COVID-19 Vaccine Mandates,Evidence,1,#/case/covid-vaccines/chain/vax-total/V2,403 (abstract via Semantic Scholar),yes,partial,PAYWALLED,"Lin 2022, 'Establishing legitimacy through the media and combating fake news on COVID-19: a case study of Taiwan', Chinese Journal of Communication. Abstract confirms Taiwan government used various media formats to communicate guidelines and build trust; it does not specifically mention CECC daily press conferences or Line app daily updates (plausibly in full text, unverified). The quote in this claim is attributed to the Scientific Reports survey, not this page."
https://www.tandfonline.com/doi/full/10.1080/01616846.2023.2197842,tandfonline.com,Public Library Quarterly,1,COVID-19 Vaccine Mandates,Participation instance,0,#/case/covid-vaccines/chain/vax-total/V4/p/1,403 (abstract via Semantic Scholar),yes,yes,PAYWALLED,"Ma, Wang & Lund 2023, 'Analyzing Public Libraries as Civic Agents in Advocating for COVID-19 Vaccine Uptake', Public Library Quarterly 43(4). Abstract: 80 libraries' webpages and Facebook postings; six information types contributed to higher vaccination rates including 'local organization partnerships' and 'vaccine accessibility discussions'. Abstract supports the claim."
https://about.fb.com/news/2018/01/news-feed-fyi-bringing-people-closer-together,about.fb.com,Meta Newsroom,1,Youth Mental Health & Addiction on Meta Platforms,Timeline entry,0,#/case/meta-youth/timeline,200,yes,partial,VERIFIED,"Meta Newsroom 'Bringing People Closer Together', Jan 11, 2018. Supports prioritizing posts that spark comments/interactions and reducing public content from publishers/Pages. The 'well-being' framing appears only as the announcement's rationale (the Zuckerberg-era post frames it around meaningful interaction being good for people); the claim's statement that Meta did not disclose internal research on teens is an absence claim - consistent with the page (no such disclosure) but not something the page itself asserts."
https://about.fb.com/news/2021/09/pausing-instagram-kids-building-parental-supervision-tools,about.fb.com,Meta Newsroom,1,Youth Mental Health & Addiction on Meta Platforms,Timeline entry,0,#/case/meta-youth/timeline,200,yes,yes,VERIFIED,"Adam Mosseri post, Sep 27, 2021. Supports pause of Instagram Kids, continuation of parental supervision tools, and framing about working with parents, experts, policymakers and regulators."
https://about.fb.com/news/2021/09/research-teen-well-being-and-instagram,about.fb.com,Meta Newsroom,1,Youth Mental Health & Addiction on Meta Platforms,Timeline entry,0,#/case/meta-youth/timeline,200,yes,partial,VERIFIED,"Pratiti Raychoudhury post 'What Our Research Really Says About Teen Well-Being and Instagram', Sep 26, 2021. It is Meta's rebuttal to the WSJ Facebook Files and quotes the 'one in three teen girls' slide, discussing body image, anxiety, depression and social comparison. It supports the existence of the slide and the research topics but disputes the WSJ framing; the timeline entry's event (WSJ publishing) is documented only indirectly through Meta's response."
https://about.fb.com/news/2024/09/instagram-teen-accounts,about.fb.com,Meta Newsroom,1,Youth Mental Health & Addiction on Meta Platforms,Timeline entry,0,#/case/meta-youth/timeline,200,yes,yes,VERIFIED,"Meta Newsroom, Sep 17, 2024. Describes private defaults, messaging restrictions, sensitive content limits, 60-minute time reminders, sleep mode, parental supervision."
https://about.fb.com/news/2025/04/introducing-new-built-in-restrictions-instagram-teen-accounts-expanding-facebook-messenger,about.fb.com,Meta Newsroom,1,Youth Mental Health & Addiction on Meta Platforms,Timeline entry,0,#/case/meta-youth/timeline,200,yes,yes,VERIFIED,"Meta Newsroom, Apr 8, 2025. Announces new Teen Account restrictions and expansion to Facebook and Messenger."
https://academic.oup.com/jpubhealth/article/46/1/151/7434434,academic.oup.com,J Public Health 2024 (mobile units RCT) | J Public Health 46(1):151,2,COVID-19 Vaccine Mandates,Counter-evidence | Evidence,2,#/case/covid-vaccines/chain/vax-total/V4 | #/case/covid-vaccines/chain/vax-fair/F2,200,yes,yes,VERIFIED,"Kulle, Schumacher & von Bieberstein, J Public Health 46(1):151 (2024; online Nov 2023), Swiss cluster RCT, 20 communities, 20,414 unvaccinated adults, 12.8% vs 3.8%, 2.7% vs 2.8% at vaccination centers. Quote verbatim in abstract. CVS text-reminder and mandate figures in V4 are separate sources."
https://academic.oup.com/pnasnexus/article/2/12/pgad411/7459517,academic.oup.com,PNAS Nexus 2023 | Mazar et al. 2023,2,COVID-19 Vaccine Mandates,Evidence | Proposal chain evidence,1,#/case/covid-vaccines/chain/vax-fair/F2 | #/case/covid-vaccines/spine/pr/2/l/1,200,yes,yes,VERIFIED,"Mazar, Jaro, Tomaino, Carmon & Wood 2023, PNAS Nexus 2(12). 6,096 regressions, 98% negative / 86% significant, Chicago 560/768 models (73%), seniors 96% significant, robust to partisanship; both quoted fragments present (stitched with [...] marker, which is transparent)."
https://academic.oup.com/pnasnexus/article/4/9/pgaf267/8238990,academic.oup.com,Schiff et al. 2025,2,COVID-19 School Closures and Reopenings,Proposal chain counter-evidence | Comparable case,1,#/case/covid-schools/spine/pr/4/l/1 | #/case/covid-schools/spine/pr/4,200,yes,yes,VERIFIED,"Schiff, Schiff, Moy, McCrain, Mourtgos & Adams 2025, PNAS Nexus 4(9), 'Does civilian oversight impact police legitimacy?'. N=2,503, preregistered; quote present; legitimacy drops when CRB conflicts with chief."
https://academic.oup.com/publius/article/54/1/34/7191229,academic.oup.com,Tselios 2024,1,COVID-19 School Closures and Reopenings,Comparable case,0,#/case/covid-schools/spine/pr/2,200,yes,yes,VERIFIED,"Tselios, 'The Timing of Implementation of COVID-19 Lockdown Policies: Does Decentralization Matter?', Publius 54(1):34-58 (online June 2023, issue Winter 2024). Abstract: 'more decentralized countries delayed the start of containment measures'; cross-national sample (93 countries) consistent with the page."
https://aftmichigan.org/executive-order-closing-public-schools-for-remainder-of-19-20-school-year,aftmichigan.org,AFT Michigan,1,COVID-19 School Closures and Reopenings,Timeline entry,0,#/case/covid-schools/timeline,200,yes,partial,VERIFIED,"AFT Michigan post, Apr 2, 2020, on Executive Order 2020-35 closing K-12 buildings for the rest of the school year - supports the closure. The May Return to School Advisory Council and later criticism are not on this page (they come from later events/sources)."
https://ag.ny.gov/press-release/2023/attorney-general-james-and-multistate-coalition-sue-meta-harming-youth,ag.ny.gov,NY AG,1,Youth Mental Health & Addiction on Meta Platforms,Timeline entry,0,#/case/meta-youth/timeline,200,yes,yes,VERIFIED,"NY AG press release Oct 24 2023; 42 AGs (33 federal, 9 state courts); infinite scroll, algorithms, incessant alerts, likes/social comparison, deception of parents/public all confirmed. 'Adolescent brain development' language and 'as of 2026 no settlement' are not on the page."
https://airmonitorchalmette.com/,airmonitorchalmette.com,Chalmette Air Monitoring Project,1,GenX Contamination in the Cape Fear River,Participation instance,0,#/case/genx-pfas/chain/pfas-harm/R5/p/2,200,yes,yes,VERIFIED,"Chalmette Air Monitoring Project (CHAMP) site run by St. Bernard Citizens for Environmental Quality and Louisiana Bucket Brigade, across from ExxonMobil Chalmette Refining; contains 'updated every single minute'. Supports the CHAMP portion of the finding."
https://annalsofglobalhealth.org/articles/10.5334/aogh.4013,annalsofglobalhealth.org,"Gaber et al. 2023, Annals of Global Health",1,GenX Contamination in the Cape Fear River,Evidence,1,#/case/genx-pfas/chain/pfas-harm/D1,HTTP 200,yes,yes,VERIFIED,"Gaber, Bero, Woodruff 2023, Annals of Global Health, 'The Devil they Knew'. Quote appears verbatim; 1961-1994 unpublished/unreported-to-EPA finding confirmed."
https://arxiv.org/abs/2203.02625,arxiv.org,Larsen et al. 2022,1,COVID-19 Vaccine Mandates,Proposal chain counter-evidence,1,#/case/covid-vaccines/spine/pr/0/l/1,200,yes,yes,VERIFIED,"Larsen, Ryan, Greene, Hetherington, Maxwell & Tadelis 2022, 'Using Donald Trump's COVID-19 Vaccine Endorsement to Give Public Health a Shot in the Arm: A Large-Scale Ad Experiment', arXiv:2203.02625. Quote verbatim from abstract; cost about $1 or less per vaccine confirmed. Abstract cites 1,014 treated counties (the 2,032 figure is the full experimental sample of treated plus control counties in the paper)."
https://base.socioeco.org/docs/effects_of_participatory_budgeting.pdf,base.socioeco.org,Gonçalves 2014,1,COVID-19 School Closures and Reopenings,Proposal chain evidence,1,#/case/covid-schools/spine/pr/0/l/1,HTTP 200 (PDF),yes,yes,VERIFIED,"Sonia Goncalves, 'The Effects of Participatory Budgeting on Municipal Expenditures and Infant Mortality in Brazil'. Quote is a verbatim substring of the abstract sentence 'My findings suggest that municipalities that adopted participatory budgeting registered a significant drop in infant mortality of between 1 and 2 infants for every 1,000 resident infants...'. Health/sanitation spending shift confirmed. Minor: the hosted PDF is the 2013 working-paper version (published in World Development 2014, as labelled)."
https://bellona.org/news/nuclear-issues/radioactive-waste-and-spent-nuclear-fuel/2016-08-21710,bellona.org,Bellona,3,COVID-19 School Closures and Reopenings | GenX Contamination in the Cape Fear River,Comparable case | Proposal chain evidence,0,#/case/covid-schools/spine/pr/2 | #/case/genx-pfas/spine/pr/6/l/0 | #/case/genx-pfas/spine/pr/6,200,yes,yes,VERIFIED,"Bellona, Andrei Ozharovsky, Aug 2016, 'When haste makes risky waste'. Confirms municipal consent requirement, Nuclear Waste Fund paying Osthammar staff, SKB claim of strong local support, Eurajoki 'satisfactory' quote, Finland first repository, and the existing-infrastructure caveat."
https://blog.csba.org/pdk-poll-25/,blog.csba.org,CSBA on PDK 2025,1,COVID-19 School Closures and Reopenings,Counter-evidence,1,#/case/covid-schools/chain/schools-legitimacy/S4,HTTP 200,yes,partial,VERIFIED,"CSBA blog, Heather Kemp, 9 Sep 2025, 'Survey shows drop in how Americans grade their local schools'. Quote verbatim. Page supports 43% (2025) and 54% (2022); the 2013 53% figure in the finding comes from the separately cited PDK 2019 topline, not this page."
https://capefearriverwatch.org/wp-content/uploads/2020/07/Consent-Order-file-stamped-and-fully-executed-b-w-.pdf,capefearriverwatch.org,Cape Fear River Watch | Consent Order,3,GenX Contamination in the Cape Fear River,Mechanism that should have worked | Impact evidence | Timeline entry,0,#/case/genx-pfas/spine/m/8 | #/case/genx-pfas/spine/i/4 | #/case/genx-pfas/timeline,200,yes,partial,VERIFIED,"Consent Order, NC DEQ / Cape Fear River Watch / Chemours, Bladen County 17 CVS 580. Confirms $12M penalty, 99% emission reduction, no process wastewater discharge until NPDES permit, groundwater corrective action, replacement drinking water, 47-day public notice and comment. The '~380 comments' and itemized changes come from DEQ's response-to-comments document, not this order."
https://caselaw.findlaw.com/court/nc-court-of-appeals/2176275.html,caselaw.findlaw.com,"State ex rel. Biser v. Chemours, COA21-225",1,GenX Contamination in the Cape Fear River,Counter-evidence,1,#/case/genx-pfas/chain/pfas-harm/R3,HTTP 200,yes,yes,VERIFIED,"NC Court of Appeals COA21-225, decided 21 June 2022 (State ex rel. Biser / Cape Fear River Watch v. Chemours). CFPUA motion to intervene filed 8 Sep 2020, denied as untimely, affirmed. Quote appears verbatim (trial court's reasoning quoted in the opinion)."
https://cddrl.fsi.stanford.edu/news/results-first-global-deliberative-pollr-announced-stanfords-deliberative-democracy-lab,cddrl.fsi.stanford.edu,Stanford CDDRL,1,Youth Mental Health & Addiction on Meta Platforms,Timeline entry,0,#/case/meta-youth/timeline,200,yes,partial,VERIFIED,"Stanford CDDRL, June 22 2023: 6,300+ deliberators, 32 countries, 23 languages, Metaverse Community Forum on bullying/harassment with Meta, support for accountability measures rose. Page calls it 'first-of-its-kind' but does not say 'largest deliberative exercise ever conducted', and the specific Meta commitment to incorporate results into metaverse governance is not quoted on the page."
https://cepr.harvard.edu/news/2026/05/why-us-test-scores-are-generation-long-decline,cepr.harvard.edu,Harvard Center for Education Policy Research,1,COVID-19 School Closures and Reopenings,Impact counter-evidence,1,#/case/covid-schools/spine/i/3,200,yes,yes,VERIFIED,"CEPR repost of NYT piece by Miller, Paris, Mervosh (May 13 2026). Quote appears verbatim as the first clause of: 'From 2017 to 2019, students lost as much ground in reading as they did during the pandemic, and reading scores continued to fall at a similar rate through 2024.' Mid-2010s stall and Education Recovery Scorecard referenced."
https://chhe.research.ncsu.edu/wordpress/wp-content/uploads/2017/08/PFECAs_Sun_ESTL2016-2.pdf,chhe.research.ncsu.edu,"Sun et al. 2016 (open copy, NC State CHHE)",1,GenX Contamination in the Cape Fear River,Evidence,1,#/case/genx-pfas/chain/pfas-harm/D3,200,yes,yes,VERIFIED,"Sun et al., Environ. Sci. Technol. Lett., published Nov 10 2016; quote verbatim; up to ~4500 ng/L; sampling June 14-Dec 2 2013 plus Aug 18 2014; EPA NERL co-authors Strynar and Lindstrom confirmed."
https://chhe.research.ncsu.edu/wordpress/wp-content/uploads/2018/05/Ethers_Strynar_EST2015.pdf,chhe.research.ncsu.edu,"Strynar et al. 2015 (open copy, NC State CHHE)",2,GenX Contamination in the Cape Fear River,Evidence | Timeline entry,1,#/case/genx-pfas/chain/pfas-harm/D3 | #/case/genx-pfas/timeline,200,yes,yes,VERIFIED,"Strynar et al., Environ. Sci. Technol. 2015; EPA NERL affiliation confirmed. Both quoted sentences appear verbatim (12 novel PFECAs/PFESAs; summer 2012 Cape Fear sampling). The 'no one notified utilities/public' assertion in the timeline entry is interpretive, not stated in the paper."
https://civicscience.com/trust-issues-sour-outlook-for-meta-facebook-popularity-falls/,civicscience.com,CivicScience,1,Youth Mental Health & Addiction on Meta Platforms,Timeline entry,0,#/case/meta-youth/timeline,200,yes,yes,VERIFIED,"CivicScience, Nov 2, 2021. Page gives 73% don't trust Meta with data, 13% do, 33% expect Facebook to become much less popular, Facebook lowest favorability among major tech companies (58% unfavorable). 'All-time recorded low' is a fair paraphrase of the page's favorability finding."
https://coastalreview.org/2017/07/genx-unknowns-frustrate-folks-forum/,coastalreview.org,Coastal Review,1,GenX Contamination in the Cape Fear River,Participation instance,0,#/case/genx-pfas/chain/pfas-harm/R1/p/1,200,yes,yes,VERIFIED,"Coastal Review, Allison Ballard, Jul 3, 2017. Confirms WHQR/WWAY/StarNews hosted forum at UNCW Kenan Auditorium, about 450 attendees, 16-member panel."
https://coastalreview.org/2017/08/genx-response-activists-rally-clean-water/,coastalreview.org,Coastal Review,1,GenX Contamination in the Cape Fear River,Timeline entry,0,#/case/genx-pfas/timeline,200,yes,partial,VERIFIED,"Coastal Review 'GenX Response: Activist Groups Unite Forces', Allison Ballard, Aug 30, 2017. Confirms Emily Donovan/Clean Cape Fear, Kemp Burdette/Cape Fear River Watch, 'Stop GenX in Our Water' Facebook group with more than 9,000 members, Brunswick Environmental Action Team, NAACP Environmental Climate Justice chapter. The page does not enumerate the 'four demands' as such (it mentions clean water access and transparency/open meetings); the four-demand list appears synthesized, partly from the co-cited Action Network petition."
https://coastalreview.org/2022/06/vaughn-hagerty-the-reporter-who-broke-the-genx-story/,coastalreview.org,Coastal Review profile of the reporting | Coastal Review,9,GenX Contamination in the Cape Fear River,Evidence | Participation instance | Mechanism that should have worked | Proposal chain counter-evidence | Proposal chain evidence | Comparable case | Timeline entry,3,#/case/genx-pfas/chain/pfas-harm/D4 | #/case/genx-pfas/chain/pfas-harm/D4/p/0 | #/case/genx-pfas/spine/m/3 | #/case/genx-pfas/spine/pr/0/l/2 | #/case/genx-pfas/spine/pr/1/l/2 | #/case/genx-pfas/spine/pr/3/l/0 | #/case/genx-pfas/spine/pr/3 | #/case/genx-pfas/timeline,200,yes,partial,VERIFIED,"Trista Talton, Coastal Review, June 7, 2022 - label correct. Both quotes verbatim (headline ran front page Wednesday, June 7, 2017; UCMR browsing / 'There were some local hits'). Page supports the reporter-discovery narrative and links the StarNews story. Not on this page: the June 14, 2017 DEQ/DHHS investigation date, '250,000 people / three counties / 100 miles upstream', and the '99.8 percent in five weeks' figure; those parts of the D4/pr/3/timeline findings rest on the co-cited WRAL timeline. Page describes the paper only as by 'North Carolina university-based professors', not 'Sun et al.'"
https://consortium.uchicago.edu/publications/removing-police-officers-from-Chicago-schools,consortium.uchicago.edu,University of Chicago Consortium on School Research,2,COVID-19 School Closures and Reopenings,Proposal chain evidence | Comparable case,1,#/case/covid-schools/spine/pr/4/l/0 | #/case/covid-schools/spine/pr/4,200,yes,yes,VERIFIED,"UChicago Consortium report 'Removing Police Officers from Chicago Schools: Trends and Outcomes' (June 2024). Key-findings sentence appears verbatim. The comparable-case entry's quorum (>1/5 of schools) and 1,400 empty seats (2022) details are not on this page and must come from other sources."
"https://consortium.uchicago.edu/sites/default/files/2026-01/Connection,%20Trust,%20and%20Learning-Jan26-Consortium.pdf",consortium.uchicago.edu,"UChicago Consortium, Connection, Trust, and Learning | University of Chicago Consortium on School Research",3,COVID-19 School Closures and Reopenings,Evidence | Impact evidence,3,#/case/covid-schools/chain/schools-legitimacy/S6 | #/case/covid-schools/spine/i/1,200,yes,yes,VERIFIED,"Allensworth, Antony, Delgado & de la Torre, UChicago Consortium, Jan 2026. All quoted sentences verbatim; connectedness finding, 5Essentials 2017-2024 (excluding pandemic years), grades 6-11 confirmed."
https://content.govdelivery.com/attachments/MIEOG/2020/05/15/file_attachments/1452673/EO%202020-88.pdf,content.govdelivery.com,Michigan Executive Order 2020-88 | Executive Order 2020-88,3,COVID-19 School Closures and Reopenings,Mechanism that should have worked | Timeline entry,0,#/case/covid-schools/spine/m/1 | #/case/covid-schools/timeline,200,yes,partial,VERIFIED,"Michigan EO 2020-88, May 15 2020, creates the COVID-19 Return to School Advisory Council (advisory only; educators, public health experts, parent and student). Claim's 'Return to Learn Advisory Council' name and the 'Return to School Roadmap' are not in the order; critics' reaction is from other sources."
https://dankennedy.net/woburn-files/a-civil-action-the-real-story/,dankennedy.net,"Dan Kennedy, Woburn Files",2,GenX Contamination in the Cape Fear River,Proposal chain evidence | Comparable case,0,#/case/genx-pfas/spine/pr/1/l/0 | #/case/genx-pfas/spine/pr/1,200,yes,yes,VERIFIED,"Dan Kennedy, 'A Civil Action: The real story' (Boston Phoenix 1998, republished). Confirms parents (Anne Anderson) counting cases, Harvard study finding leukemia four times expected, wells G and H, settlement, and state Superfund program and cancer registry."
https://debeaumont.org/news/2024/poll-most-americans-think-key-covid-policies-were-a-good-idea,debeaumont.org,De Beaumont,1,COVID-19 School Closures and Reopenings,Timeline entry,0,#/case/covid-schools/timeline,200,yes,yes,VERIFIED,"de Beaumont Foundation, Jun 17, 2024 (Harvard/de Beaumont poll). Supports 56% good idea for school closures, 97% learning harm and 91% mental health harm among opponents, 'went on too long' (84-87%) and political motivation (60-81%). The final sentences about voters agreeing students are behind and experts' retrospective judgment are editorial context, not from this page."
https://dmeo.gov.in/sites/default/files/2021-08/Package2_WCD_CaseStudy19.pdf,dmeo.gov.in,"Development Monitoring and Evaluation Office, NITI Aayog",1,COVID-19 Vaccine Mandates,Comparable case,0,#/case/covid-vaccines/spine/pr/3,200,yes,partial,VERIFIED,"NITI Aayog 'Best Practices: Women and Child Development Sector' case study on Progresa/Oportunidades. Supports: consumption +22%, malnourished children -17.2%, secondary enrolment +11% girls / +7.5% boys, randomized trials, political commitment surviving election cycles. Does not name IFPRI as evaluator nor give benefit-cost ratios of the evaluation (those come from other sources)."
https://doi.org/10.1289/EHP11033,doi.org,"Rosen et al., Environ Health Perspect 130(9)",1,GenX Contamination in the Cape Fear River,Evidence,1,#/case/genx-pfas/chain/pfas-harm/D5,EHP site 403 to fetcher; verified via Crossref and OpenAlex abstract,yes,yes,VERIFIED,"Rosen, Kotlarz, Knappe, Lea, Collier, Richardson & Hoppin 2022, 'Drinking Water-Associated PFAS and Fluoroethers and Lipid Outcomes in the GenX Exposure Study', Environ Health Perspect 130(9) (PMID 36069575, PMC9450637). Abstract: cross-sectional, 326 participants; 'For PFOS and PFNA, non-HDL cholesterol was approximately 5mg/dL higher per exposure quartile increase'; 'In age-stratified analyses, associations were strongest among the oldest participants.' Quote verbatim (ellipsis after 'quartile' drops the word 'increase')."
https://doi.org/10.1289/EHP6837,doi.org,"Kotlarz et al., Environ Health Perspect 128(7)",1,GenX Contamination in the Cape Fear River,Evidence,1,#/case/genx-pfas/chain/pfas-harm/D5,EHP site 403 to fetcher; verified via PMC7375159 full text,yes,yes,VERIFIED,"Kotlarz et al. 2020, 'Measurement of Novel, Drinking Water-Associated PFAS in Blood from Adults and Children in Wilmington, North Carolina', Environ Health Perspect 128(7). 344 participants, six fluoroethers, Nafion by-product 2 and PFO4DA in >99%, four legacy PFAS in >=97% above NHANES 2015-16, 23% fluoroether share (median 25.0 ng/mL), 34-65% six-month declines, GenX not detected above 2 ng/mL all confirmed; both quoted sentences verbatim in abstract."
https://doi.org/10.3390/vaccines12091011,doi.org,Vaccines 12(9):1011,1,COVID-19 Vaccine Mandates,Participation instance,0,#/case/covid-vaccines/chain/vax-total/V4/p/1,"302 -> https://www.mdpi.com/2076-393X/12/9/1011, 200",yes,yes,VERIFIED,"Mundagowa et al. 2024, 'Exploring the Views of Barbers and Stylists on the Acceptability of Delivering Community-Based Interventions to Promote COVID-19 Testing and Vaccination in South Carolina', Vaccines 12(9):1011. Sixteen interviewees; 'Acceptability was influenced by strong trust relationships with clients, perceived community influence...' verbatim in abstract. The library (Public Library Quarterly 2023) portion of the finding is a separate source not on this page."
https://education.jhu.edu/edpolicy/policy-research-initiatives/homeschool-hub/homeschool-growth-2024-2025/,education.jhu.edu,Johns Hopkins Homeschool Hub,1,COVID-19 School Closures and Reopenings,Evidence,1,#/case/covid-schools/chain/schools-legitimacy/S3,200,yes,yes,VERIFIED,"Quote verbatim in opening paragraph; 36% of reporting states at record highs exceeding pandemic peaks; 30 reporting states (incl. DC), 28 with 2024-25 data."
https://edworkingpapers.com/ai22-605,edworkingpapers.com,Singer et al. (EdWorkingPaper ai22-605),1,COVID-19 School Closures and Reopenings,Evidence,1,#/case/covid-schools/chain/schools-legitimacy/S1,200 (PDF ai22-605.pdf also fetched),yes,yes,VERIFIED,"Singer, Marsh, Menefee-Libey, Alonso, Bradley & Tracy, 'The Politics of School Reopening during COVID-19: A Multiple Case Study of Five Urban Districts in the 2020-21 School Year', EdWorkingPaper 22-605 (rev. 04/2023). Districts: Denver, Detroit, New Orleans, Portland, Washington DC. Quote appears verbatim in the PDF, attributed to a Portland district leader (page text begins 'Well, I don't need the community thinking...'); leaders citing public health guidance as basis for decisions confirmed."
https://edworkingpapers.com/ai24-1102,edworkingpapers.com,"Holman, Johnson & Simko (EdWorkingPaper)",2,COVID-19 School Closures and Reopenings,Evidence | Mechanism that should have worked,1,#/case/covid-schools/chain/schools-legitimacy/S5 | #/case/covid-schools/spine/m/0,200,yes,partial,VERIFIED,"Holman, Johnson & Simko, 'Measuring Conflict in Local Politics', EdWorkingPaper 24-1102. Quote verbatim (p. 23 of PDF). ~100,000 videos, 1,594 districts, 48 states, 6% never high conflict, second half 2021 peak, larger urban/suburban districts with more White students and political competition all confirmed. NOT in this paper: 'share of students in high-participation districts rose from 6% to 49% between 2020 and 2022' (m/0) - that figure must come from another source."
https://edworkingpapers.com/sites/default/files/ai20-304.pdf,edworkingpapers.com,Hartney and Finger 2020,5,COVID-19 School Closures and Reopenings,Mechanism that should have worked | Proposal chain counter-evidence | Comparable case,2,#/case/covid-schools/spine/m/2 | #/case/covid-schools/spine/m/6 | #/case/covid-schools/spine/pr/1/l/2 | #/case/covid-schools/spine/pr/2/l/1 | #/case/covid-schools/spine/pr/2,200,yes,partial,VERIFIED,"Hartney & Finger, 'Politics, Markets, and Pandemics', EdWorkingPaper 20-304, Oct 2020. Quote 'the COVID case rate, while statistically significant, is substantively trivial in its effect on a district's course of action' present verbatim (lowercase 'the'). 'over 10,000 (or ~75%) of the nation's public school districts' and 40%->60% Trump vote = 17 point shift confirmed. The second quote 'decisions were more tied to local political partisanship and union strength than to COVID-19 severity' is NOT in this paper; it is the abstract of Grossmann et al. 2021 (Educational Researcher), which is co-cited at the same deep link (pr/2/l/1), so attribution is recoverable. KFF/Gallup survey figures, AAP guidance, and '48 states delegated' (m/2, m/6, pr/2) are not in this paper; they come from other co-cited sources (Grossmann et al. gives 25+23=48 states)."
https://edworkingpapers.com/sites/default/files/ai21-355.pdf,edworkingpapers.com,Ed Working Papers,2,COVID-19 School Closures and Reopenings,Timeline entry,0,#/case/covid-schools/timeline,200,yes,yes,VERIFIED,"This PDF is the working-paper version of Grossmann, Reckhow, Strunk & Turner, 'All States Close but Red Districts Reopen' (EdWorkingPaper 21-355, 2021); label 'Ed Working Papers' is only a publisher name. Text confirms 'schools in forty-nine states completely suspended in-person instruction' with Montana the exception, and '25 states with Republican governors and 23 states with Democratic governors' (=48) left fall 2020 modality to districts."
https://edworkingpapers.com/sites/default/files/ai24-906.pdf,edworkingpapers.com,Jacob (EdWorkingPaper ai24-906),1,COVID-19 School Closures and Reopenings,Evidence,1,#/case/covid-schools/chain/schools-legitimacy/S5,200,yes,yes,VERIFIED,"Jacob (2024), 'How Did the COVID-19 Pandemic Influence School Board Elections?', EdWorkingPaper 24-906. Quote found verbatim; 11pp/~25% contested, 25% turnout, 27% through 2022, and insignificant incumbent win-rate changes all in paper."
https://edworkingpapers.com/sites/default/files/ai25_1196_v4.pdf,edworkingpapers.com,EdWorkingPaper ai25-1196 | Singer 2026,2,COVID-19 School Closures and Reopenings,Evidence | Impact evidence,2,#/case/covid-schools/chain/schools-legitimacy/S6 | #/case/covid-schools/spine/i/1,200,yes,yes,VERIFIED,"Jeremy Singer, 'Remote Learning in 2020-21 and Student Attendance Since the COVID-19 Pandemic', EdWorkingPaper 25-1196 (2026 version). Quote verbatim in abstract; 1-3 months no significant decline, 4-6 months ~2 pp, 7-9 months ~3.5-5 pp confirmed."
https://ehp.niehs.nih.gov/doi/10.1289/EHP12565,ehp.niehs.nih.gov,Boronow et al. 2023,1,GenX Contamination in the Cape Fear River,Proposal chain evidence,1,#/case/genx-pfas/spine/pr/4/l/1,fetch blocked (robots/403); verified via Crossref + OpenAlex abstract,yes,partial,VERIFIED,"Boronow, Cohn, Havas, Plumb, Brody 2023, EHP 131(9):097005. Abstract wording: '...concern was higher for legacy pollutants, but report-back increased concern for consumer product chemicals.' Randomized individual vs study-wide report-back and PFAS exposure-reduction actions supported. The Nevada cohort (79%->35%) and urinary-marker decline are NOT in this paper; they come from a different study, and n=135 could not be checked (full text blocked)."
https://electoral-reform.org.uk/the-irish-abortion-referendum-how-a-citizens-assembly-helped-to-break-years-of-political-deadlock/,electoral-reform.org.uk,Electoral Reform Society,1,COVID-19 School Closures and Reopenings,Comparable case,0,#/case/covid-schools/spine/pr/0,200,yes,partial,VERIFIED,"Electoral Reform Society, Michela Palese, May 29, 2018. Supports 99 randomly selected members, five sessions, 64% turnout, and the final Referendum Bill following the Assembly's 'repeal and replace' wording rather than the Joint Committee's simple repeal. Not on this page: the 66% yes figure (page says all constituencies but Donegal voted yes) and the coding of 3,981 speech acts (that is from Suiter et al.'s academic study, not this source)."
https://en.wikipedia.org/wiki/2022_San_Francisco_Board_of_Education_recall_elections,en.wikipedia.org,2022 SF Board of Education recall,2,COVID-19 School Closures and Reopenings,Participation instance | Timeline entry,0,#/case/covid-schools/chain/schools-legitimacy/S5/p/2 | #/case/covid-schools/timeline,200,yes,yes,VERIFIED,"Confirms Collins 76.28%, Lopez 72.06%, Moliga 68.87%, turnout 36.01%, reasons (closures 2020-21, renaming, Lowell admissions). National 84/16/1 figures are from Ballotpedia, not this page."
https://eric.ed.gov/?id=ED476943,eric.ed.gov,Designs for Change 2002,2,COVID-19 School Closures and Reopenings,Proposal chain evidence | Comparable case,1,#/case/covid-schools/spine/pr/4/l/0 | #/case/covid-schools/spine/pr/4,200,yes,yes,VERIFIED,"ERIC ED476943: Moore, D.R., 'Chicago's Local School Councils: What the Research Says' (Designs for Change, 2002). Quote appears verbatim in abstract; 10-15% with serious inadequacies, principal hiring on performance contracts and budget authority confirmed. '500+ schools' not on the ERIC page."
https://escholarship.org/uc/item/40k8998w,escholarship.org,Prev Med Rep 2022,1,COVID-19 Vaccine Mandates,Counter-evidence,1,#/case/covid-vaccines/chain/vax-total/V4,HTTP 200,yes,yes,VERIFIED,"Reddinger, Levine, Charness, 'Can targeted messages reduce COVID-19 vaccination hesitancy? A randomized trial', Prev Med Rep 2022 (doi 10.1016/j.pmedr.2022.101903). 4,190 unvaccinated, April 7-27 2021. Both quoted sentences verbatim in abstract."
https://experts.arizona.edu/en/publications/us-state-vaccine-mandates-did-not-influence-covid-19-vaccination-/,experts.arizona.edu,Rains et al. 2024,3,COVID-19 Vaccine Mandates,Impact counter-evidence | Proposal chain counter-evidence,2,#/case/covid-vaccines/spine/i/3 | #/case/covid-vaccines/spine/pr/1/l/1 | #/case/covid-vaccines/spine/pr/1/l/2,200,yes,yes,VERIFIED,"University of Arizona experts abstract page for Rains & Richards, PNAS 2024. Quote verbatim in abstract; lower booster and adult/child flu uptake confirmed. Existence of a reply letter is not on this page."
https://extapps.dec.ny.gov/docs/air_pdf/tonfact1011.pdf,extapps.dec.ny.gov,New York State Department of Environmental Conservation,1,GenX Contamination in the Cape Fear River,Comparable case,0,#/case/genx-pfas/spine/pr/1,200,yes,partial,VERIFIED,"NYSDEC 'Tonawanda Community Air Quality Study: Monitoring Data Shows Further Benzene Reductions' (Oct 2011). Supports benzene -86% at industrial (Grand Island Blvd) and -68% at residential (Brookside Terrace) monitors and cancer risk 75-in-a-million to 11-in-a-million. Does not cover the 2005 bucket brigade sampling, the jury conviction on 14 of 19 counts, or the $12.5M penalty (those are from the 2013-2014 Tonawanda Coke prosecution, other sources)."
https://files.eric.ed.gov/fulltext/EJ1383169.pdf,files.eric.ed.gov,"Singer et al., Reopening in Five Districts (ERIC) | Singer et al., published version (ERIC) | Singer et al. (ERIC)",4,COVID-19 School Closures and Reopenings,Evidence | Counter-evidence,4,#/case/covid-schools/chain/schools-legitimacy/S1 | #/case/covid-schools/chain/schools-legitimacy/S2 | #/case/covid-schools/chain/schools-legitimacy/S4,200,yes,yes,VERIFIED,"Singer, Marsh, Menefee-Libey, Alonso, Bradley & Tracy (2023), Educational Administration Quarterly, five districts (Denver, Detroit, New Orleans, Portland, DC). All seven quoted phrases appear verbatim (bracketed ellipses mark real gaps). Detroit strike authorization confirmed."
https://files.nc.gov/ncdeq/GenX/Consent-order-11212018.pdf,files.nc.gov,Consent Order (NC DEQ),3,GenX Contamination in the Cape Fear River,Evidence,3,#/case/genx-pfas/chain/pfas-harm/R3,200,yes,yes,VERIFIED,"Proposed Consent Order (Nov 21, 2018 version), Bladen County 17 CVS 580. All three quotes verbatim; paragraph 33 penalty, paragraph 38 enforceable paragraphs list, paragraph 40 meeting, paragraph 29 public meeting with four-week notice, 82/92/99% air targets, 99.99% thermal oxidizer, 9-month well connection and 20-year provisions confirmed. The Feb 25, 2019 entry date and 'largest DEQ fine' characterization come from other sources."
https://files.nc.gov/ncdeq/GenX/Letter%20November%2011-16-17.pdf,files.nc.gov,North Carolina Department of Environmental Quality,3,GenX Contamination in the Cape Fear River,Mechanism that should have worked | Proposal chain evidence | Proposal chain counter-evidence,0,#/case/genx-pfas/spine/m/2 | #/case/genx-pfas/spine/pr/0/l/2 | #/case/genx-pfas/spine/pr/2/l/2,200,yes,partial,VERIFIED,"DEQ DWR letter to Chemours, Nov 16, 2017, Notice of Partial Suspension of NPDES NC0003573 effective Nov 30, 2017. Confirms permit renewal applications contain no reference to GenX or any chemical name, formula, or CAS number. Not on this page: retired DEQ supervisor remark, 2019 order 99% reductions, Toxics Release Inventory Dec 2019, 2020 permit process."
https://finance.yahoo.com/blogs/breakout/facebook-snaps-instagram-1-billion-deal-193538763.html,finance.yahoo.com,Yahoo Finance,1,Youth Mental Health & Addiction on Meta Platforms,Timeline entry,0,#/case/meta-youth/timeline,200,yes,yes,VERIFIED,"Yahoo Finance Breakout, Apr 9, 2012, 'Facebook Snaps Up Instagram in $1 Billion Deal'. Supports the acquisition; the 'mass adolescent adoption' framing is the tool's interpretation, not the article's."
https://flintwaterstudy.org/information-for-flint-residents/results-for-citizen-testing-for-lead-300-kits/,flintwaterstudy.org,Flint Water Study,1,GenX Contamination in the Cape Fear River,Comparable case,0,#/case/genx-pfas/spine/pr/1,200,yes,yes,VERIFIED,"Flint Water Study, Aug 24, 2015. Page gives 300 kits, 84% returned, 252 samples analyzed, 90th percentile 25.2 ppb vs 15 ppb action level; also mentions 277 kits received of which 269 legitimate, matching the claim's 269 figure. Federal emergency/$600M relief are later events not on the page."
https://genxstudy.ncsu.edu/study-timeline/,genxstudy.ncsu.edu,GenX Exposure Study timeline,1,GenX Contamination in the Cape Fear River,Evidence,1,#/case/genx-pfas/chain/pfas-harm/R5,200,yes,yes,VERIFIED,"344 New Hanover participants enrolled Nov 2017; 'over 1000' recruited Nov 2020-Nov 2021 (page does not give the exact 1,020 figure); quote appears verbatim."
https://genxstudy.ncsu.edu/wp-content/uploads/sites/149/2025/11/Deidentified_2024_PFAS_ReportBack.pdf,genxstudy.ncsu.edu,GenX Exposure Study,1,GenX Contamination in the Cape Fear River,Impact evidence,1,#/case/genx-pfas/spine/i/2,200,yes,yes,VERIFIED,"2024 GenX Exposure Study participant report-back letter. Quote appears verbatim ('...the NASEM published recommendations for medical monitoring of PFAS-exposed people based on the total (sum) concentration of 7 specific PFAS in blood: PFOS, PFOA...'). 97% above 2 ng/mL and 12% above 20 ng/mL confirmed."
https://ideas.repec.org/a/eee/jeeman/v56y2008i2p117-130.html,ideas.repec.org,Bennear and Olmstead 2008,3,GenX Contamination in the Cape Fear River,Proposal chain evidence | Proposal chain counter-evidence,1,#/case/genx-pfas/spine/pr/2/l/2 | #/case/genx-pfas/spine/pr/3/l/1 | #/case/genx-pfas/spine/pr/5/l/2,200,yes,partial,VERIFIED,"Bennear & Olmstead 2008, JEEM 56(2):117-130. Abstract contains 'reduced total violations by between 30% and 44%' and 'reduced the more severe health violations by 40-57%' verbatim. Massachusetts TURA 92% and German REACH 61% figures at pr/2/l/2 are from other sources, not this paper."
https://ideas.repec.org/a/eee/jeeman/v59y2010i3p235-249.html,ideas.repec.org,Langpap and Shimshack 2010,1,GenX Contamination in the Cape Fear River,Proposal chain counter-evidence,0,#/case/genx-pfas/spine/pr/5/l/1,200,yes,yes,VERIFIED,"Langpap & Shimshack 2010, JEEM 59(3):235-249. Abstract: private citizen suits 'crowd in public monitoring but significantly crowd out public sanctions' - supports the counter-evidence statement."
https://ideas.repec.org/a/eee/wdevel/v38y2010i10p1473-1485.html,ideas.repec.org,Behrman 2010,1,COVID-19 Vaccine Mandates,Comparable case,0,#/case/covid-vaccines/spine/pr/3,200,yes,partial,VERIFIED,"Behrman 2010, World Development 38(10). Abstract confirms IFPRI as external evaluator and 'estimated benefit-cost ratios of IFPRI's evaluation of PROGRESA considerably exceed one'. The specific impact numbers (22% consumption, 17.2% malnutrition, 11%/7.5% enrollment) are not on the abstract page; they are standard IFPRI evaluation figures but unverified here."
https://ideas.repec.org/a/eee/wdevel/v53y2014icp94-110.html,ideas.repec.org,Gonçalves 2014,1,COVID-19 School Closures and Reopenings,Comparable case,0,#/case/covid-schools/spine/pr/4,200,yes,yes,VERIFIED,"Goncalves 2014, World Development 53:94-110. Abstract: PB municipalities 'channeled a larger fraction of their budgets to investments in sanitation and health services... accompanied by a reduction in infant mortality rates.'"
https://ideas.repec.org/p/cep/cepdps/dp1903.html,ideas.repec.org,"Colmer, Evans and Shimshack 2023",1,GenX Contamination in the Cape Fear River,Proposal chain evidence,1,#/case/genx-pfas/spine/pr/6/l/1,200,yes,yes,VERIFIED,"Colmer, Evans & Shimshack 2023, CEP DP1903 'Environmental citizen complaints'. Quote verbatim in abstract; 130,000+ Texas complaints; complaint-triggered investigations find more and more severe violations."
https://ideas.repec.org/p/wbk/wbrwps/5190.html,ideas.repec.org,Basinga et al. 2011,1,COVID-19 Vaccine Mandates,Proposal chain evidence,1,#/case/covid-vaccines/spine/pr/3/l/2,200,yes,partial,VERIFIED,"Basinga et al., World Bank Policy Research WP 5190 - dated 2010 on this page (label says 2011, the Lancet version's year). Quote verbatim in abstract; institutional deliveries and preventive child visits confirmed. Note the WP abstract describes the design as 'prospective quasi-experimental', not 'randomized rollout' (the Lancet paper describes random district assignment)."
https://journals.plos.org/plosone/article?id=10.1371/journal.pone.0257111,journals.plos.org,PLOS ONE | Marquez et al. 2021,4,COVID-19 Vaccine Mandates,Participation instance | Proposal chain evidence | Proposal chain counter-evidence | Timeline entry,1,#/case/covid-vaccines/chain/vax-total/V4/p/0 | #/case/covid-vaccines/spine/pr/2/l/0 | #/case/covid-vaccines/timeline,fetcher returned wrong/garbled content (an unrelated 2025 article) twice; DOI confirmed via PubMed 34543291 and eScholarship full text (PMC8452046 captcha-blocked),yes,yes,VERIFIED,"Marquez et al. 2021, PLOS ONE 16(9): 'A multi-component, community-based strategy to facilitate COVID-19 vaccine uptake among Latinx populations'. All figures confirmed: 20,792 doses; 11,098 unique people; 16 weeks (Feb 1-May 19, 2021); 98.4% second-dose completion; 70.5% Latinx vs 13.3% citywide vaccinated; uninsured 47.3% vs 16.0%; no PCP 62.4% vs 36.2%; 58.3% able to vaccinate earlier. The 'neighborhood task force' quote at pr/2/l/0 is NOT from this paper; it is from Johnson et al. 2023 (Public Health Reports, Protect Chicago Plus), which is co-cited at the same deep link and where it is verbatim. Recommend the quote be attached only to the Johnson URL."
https://journals.plos.org/plosone/article?id=10.1371/journal.pone.0328075,journals.plos.org,PLOS One 2025,1,COVID-19 School Closures and Reopenings,Counter-evidence,1,#/case/covid-schools/chain/schools-legitimacy/S7,200,yes,yes,VERIFIED,"Abi-Rizk 2025, PLOS ONE. Quote verbatim (page adds '(p < 0.001)' at end); 10,000 respondents, 25+ countries; education policy not examined."
https://journals.sagepub.com/doi/10.1177/00323217221137444,journals.sagepub.com,Germann et al. 2024,4,COVID-19 School Closures and Reopenings | COVID-19 Vaccine Mandates,Proposal chain evidence | Proposal chain counter-evidence,2,#/case/covid-schools/spine/pr/0/l/2 | #/case/covid-vaccines/spine/pr/1/l/0,200,yes,yes,VERIFIED,"Germann, Marien & Muradova, 'Scaling Up? Unpacking the Effect of Deliberative Mini-Publics on Legitimacy Perceptions', Political Studies 72(2) 2024 (online Dec 2022). Ireland scenario experiment N=1,309. Abstract quote verbatim. Results-section wording is 'the legitimacy-generating effects of mini-publics and, to a lesser extent, referendums are driven by citizens with low political trust' - tool's quote omits the 'and, to a lesser extent, referendums' clause but the retained span is verbatim and meaning intact. Fairness +0.7 (27% SD), acceptance +0.4 (14% SD), referendums outperform (1.5 / 1.1), effects largely disappear when recommendations rejected - all confirmed. Collins APSR 2021 sentence is a separate source."
https://journals.sagepub.com/doi/10.1177/00333549231186606,journals.sagepub.com,Public Health Reports 138(6),1,COVID-19 Vaccine Mandates,Evidence,1,#/case/covid-vaccines/chain/vax-fair/F3,200,yes,yes,VERIFIED,"Kim et al. 2023, Public Health Reports 138(6), Federal Retail Pharmacy Program. Both quoted sentences verbatim; 44.5%, 46.5%, 26.6%->50.9% confirmed."
https://journals.sagepub.com/doi/10.3102/0013189X211048840,journals.sagepub.com,Grossmann et al. | Grossmann et al. 2021,3,COVID-19 School Closures and Reopenings,Mechanism that should have worked | Proposal chain counter-evidence,2,#/case/covid-schools/spine/m/6 | #/case/covid-schools/spine/pr/1/l/2 | #/case/covid-schools/spine/pr/2/l/1,200,yes,yes,VERIFIED,"Grossmann, Reckhow, Strunk & Turner 2021, Educational Researcher, 'All States Close but Red Districts Reopen'. Abstract contains 'decisions were more tied to local political partisanship and union strength than to COVID-19 severity' verbatim. The other quote ('COVID case rate ... substantively trivial') and the 10,000-district / 17-point figures are from Hartney & Finger 2020, co-cited at the same deep link (pr/1/l/2); Grossmann's district analysis is Michigan-only."
https://journals.sagepub.com/doi/full/10.1177/0004865820954484,journals.sagepub.com,Murphy et al. 2020,1,COVID-19 Vaccine Mandates,Proposal chain evidence,1,#/case/covid-vaccines/spine/pr/1/l/1,200,yes,yes,VERIFIED,"Murphy, Williamson, Sargeant, McCarthy 2020, ANZ Journal of Criminology; N=1,595 Australians; quote verbatim in abstract. (The 64-study meta-analysis sentence refers to a different source.)"
https://journals.sagepub.com/doi/full/10.1177/0032321719852254,journals.sagepub.com,"Knobloch, Barthel, and Gastil 2020",1,COVID-19 School Closures and Reopenings,Comparable case,0,#/case/covid-schools/spine/pr/4,200,yes,partial,VERIFIED,"Knobloch, Barthel & Gastil 2020, Political Studies. 2010 panel N=971, 2012 N=1,539, Voters' Pamphlet >80% confirmed; awareness raises external efficacy confirmed. However the paper also finds that USE of the CIR statements increases internal efficacy, so 'left internal efficacy unchanged' is only accurate for awareness alone and omits that result."
https://journals.sagepub.com/doi/full/10.1177/00333549221143093,journals.sagepub.com,Johnson et al. 2023,2,COVID-19 Vaccine Mandates,Proposal chain evidence | Comparable case,1,#/case/covid-vaccines/spine/pr/2/l/0 | #/case/covid-vaccines/spine/pr/2,200,yes,yes,VERIFIED,"Johnson, Smith, Hunt, Jacobs & Roesch 2023, Public Health Reports, 'Chicago's Citywide COVID-19 Vaccine Equity Program: Protect Chicago Plus'. Quote verbatim (page has lowercase 'the'); 13 zip codes, rate ratio 0.58 to 0.92 over ~8 weeks, interrupted time series (no randomization) confirmed. Unidos en Salud figures in the same finding are from Marquez et al. 2021, co-cited."
https://journals.sagepub.com/doi/full/10.1177/14789299211020909,journals.sagepub.com,Suiter et al. 2022,2,COVID-19 School Closures and Reopenings,Comparable case | Proposal chain evidence,1,#/case/covid-schools/spine/pr/0 | #/case/covid-schools/spine/pr/1/l/0,200,yes,yes,VERIFIED,"Suiter, Farrell, Harris & Murphy, 'Measuring Epistemic Deliberation on Polarized Issues: The Case of Abortion Provision in Ireland', Political Studies Review (online 2021, print 2022). Full text open. 99 members, 3,981 speech acts, 66% repeal on 64% turnout, government adopting Assembly wording all confirmed. Quote appears verbatim in conclusion (only difference: lower-case 'members' mid-sentence)."
https://labucketbrigade.org/pollution-tools-resources/the-bucket/,labucketbrigade.org,Louisiana Bucket Brigade,1,GenX Contamination in the Cape Fear River,Participation instance,0,#/case/genx-pfas/chain/pfas-harm/R5/p/2,200,yes,yes,VERIFIED,"Louisiana Bucket Brigade 'The Bucket' page. Both embedded quoted phrases ('a $75 version of a much more expensive device, a $2,000 summa canister' and 'got sick from fumes from a petroleum refinery he was suing on behalf of residents of Contra Costa County, Calif.') appear verbatim; Masry/1995/Erin Brockovich/EPA-approved/Rolfes 2000 all present."
https://levinlaw.com/dupont-c8-and-health,levinlaw.com,Levin Law,5,GenX Contamination in the Cape Fear River,Evidence | Participation instance | Proposal chain evidence | Timeline entry,1,#/case/genx-pfas/chain/pfas-harm/D1 | #/case/genx-pfas/chain/pfas-harm/D1/p/0 | #/case/genx-pfas/spine/pr/1/l/0 | #/case/genx-pfas/timeline,200,yes,partial,VERIFIED,"Levin Papantonio page 'DuPont C8 and Health'. Quote verbatim ('As early as 1961, DuPont scientists issued internal warnings about the health risks of PFOA ... by 1980 had found elevated levels of the chemical in workers at the DuPont Washington Works plant'). Supports 1961/1980, 'continued exposure ... is not tolerable', two of seven children with birth defects 1979-81, 50 women reassigned from Teflon division, 3M rat study. Not on this page: EPA 2004 TSCA 8(e) action (that is from the co-cited EWG PDF), Wilbur Tennant / Leach settlement / C8 Science Panel details."
https://link.springer.com/article/10.1007/s10654-023-01006-3,link.springer.com,Jia et al. 2023,4,COVID-19 Vaccine Mandates,Impact evidence | Proposal chain evidence,0,#/case/covid-vaccines/spine/i/1 | #/case/covid-vaccines/spine/pr/0/l/2 | #/case/covid-vaccines/spine/pr/1/l/3 | #/case/covid-vaccines/spine/pr/2/l/3,200,yes,partial,VERIFIED,"Jia, Hanage, Lipsitch et al. 2023, European Journal of Epidemiology, 'Estimated preventable COVID-19-associated deaths due to non-vaccination in the United States'. 'approximately 232,000 (214,000-250,000) deaths in unvaccinated adults were preventable' confirmed. CAVEAT: the paper's study period is May 30, 2021 to Sept 3, 2022, not 'June 2021 to March 2022' as the tool states (that window is the Peterson-KFF period); the two estimates are not for the same window and the paper does not mention Peterson-KFF. Preventable deaths are reported by age and week (Appendix), not by race - consistent with pr/2/l/3."
https://link.springer.com/article/10.1007/s11013-023-09835-3,link.springer.com,"Culture, Medicine & Psychiatry",1,COVID-19 Vaccine Mandates,Evidence,1,#/case/covid-vaccines/chain/vax-fair/F1,200,yes,yes,VERIFIED,"Cheney et al., 'Continuum of Trauma', Culture, Medicine, and Psychiatry (online 2023, issue 2024). Quote verbatim; 11 focus groups with Black, Latinx/Indigenous Latin American and Native American participants in Inland Southern California."
https://link.springer.com/article/10.1007/s11109-021-09679-w,link.springer.com,"Johnson, Carlson, and Reynolds 2023",1,COVID-19 School Closures and Reopenings,Proposal chain evidence,1,#/case/covid-schools/spine/pr/4/l/1,200,yes,yes,VERIFIED,"Johnson, Carlson & Reynolds, Political Behavior (online 2021, issue 2023), NYC PB. Quote verbatim; larger effects for low-propensity groups confirmed. (Brazil sentence refers to other sources.)"
https://link.springer.com/content/pdf/10.1186/1476-069X-13-40.pdf,link.springer.com,Brody et al. 2014,1,GenX Contamination in the Cape Fear River,Proposal chain evidence,1,#/case/genx-pfas/spine/pr/4/l/1,200,yes,yes,VERIFIED,"Brody et al. 2014, Environmental Health 13:40. Quote verbatim; 'strengthens relationships with participants and can support recruitment, retention, and trust in science' present."
https://manhattan.institute/article/cdcs-covid-19-communication-failures,manhattan.institute,Manhattan Institute,1,COVID-19 Vaccine Mandates,Evidence,1,#/case/covid-vaccines/chain/vax-total/V1,HTTP 200,yes,yes,VERIFIED,"Randall Lutter, Manhattan Institute, 6 Oct 2022. Both quoted sentences verbatim."
https://mdpi.com/2227-9032/9/2/151/htm,mdpi.com,Healthcare 9(2):151,1,COVID-19 Vaccine Mandates,Evidence,1,#/case/covid-vaccines/chain/vax-total/V2,200,yes,yes,VERIFIED,"Saechang, Yu & Li 2021, Healthcare 9(2):151, Thailand N=809. Quote verbatim; beta=0.133 for government trust confirmed."
https://medium.com/sidewalk-talk/how-open-data-and-civic-participation-helped-taiwan-slow-covid-b1449bab5841,medium.com,Sidewalk Labs,1,COVID-19 School Closures and Reopenings,Comparable case,0,#/case/covid-schools/spine/pr/3,200,yes,yes,VERIFIED,"Sidewalk Talk (Medium), Eric Jaffe, Mar 27, 2020. Supports open mask-inventory API, g0v civic maps, BuyFaceMask receiving nearly 1 million inquiries on day one, and the unmeasured anxiety/trust claims."
https://millercenter.org/the-presidency/presidential-speeches/september-9-2021-remarks-fighting-covid-19-pandemic,millercenter.org,Miller Center,1,COVID-19 Vaccine Mandates,Timeline entry,0,#/case/covid-vaccines/timeline,200,yes,yes,VERIFIED,"Miller Center transcript of Biden's Sep 9, 2021 remarks. Includes OSHA rule for 100+ employers (vaccinate or weekly test), healthcare worker mandate, federal employees/contractors, Head Start staff, ~100 million Americans."
https://minnesotareformer.com/2022/12/15/toxic-3m-knew-its-chemicals-were-harmful-decades-ago-but-didnt-tell-the-public-government/,minnesotareformer.com,Minnesota Reformer,2,GenX Contamination in the Cape Fear River,Participation instance | Comparable case,0,#/case/genx-pfas/chain/pfas-harm/D1/p/1 | #/case/genx-pfas/spine/pr/0,200,yes,yes,VERIFIED,"Minnesota Reformer, Deena Winter, Dec 15 2022. All quoted phrases ('had been found in the blood of animals', 'For 20 years the division has been stalling...', 'engaged in a campaign to hide its own studies') appear verbatim; EPA investigation in 1999 and PFOS phaseout in 2000 confirmed."
https://missionspubliques.org/pf/le-collectif-citoyen-sur-la-campagne-vaccinale-covid-19,missionspubliques.org,Missions Publiques,1,COVID-19 Vaccine Mandates,Comparable case,0,#/case/covid-vaccines/spine/pr/1,200,yes,yes,VERIFIED,"Missions Publiques project page. Confirms 35 randomly selected citizens, 7 working sessions from Jan 2021, topics include mandatory vaccination. Page links a final report (not an outcome evaluation), consistent with the finding."
https://nces.ed.gov/programs/coe/indicator/cga/public-school-enrollment,nces.ed.gov,NCES Condition of Education | National Center for Education Statistics,2,COVID-19 School Closures and Reopenings,Evidence | Impact evidence,1,#/case/covid-schools/chain/schools-legitimacy/S3 | #/case/covid-schools/spine/i/0,200,yes,yes,VERIFIED,"Quote appears verbatim (preceded by 'During the coronavirus pandemic,'). Caveat about projected 2022-2031 decline due to school-age population also confirmed."
https://ncnewsline.com/briefs/former-wilmington-mayor-express-outrage-genx-contamination-drinking-water-cape-fear/,ncnewsline.com,NC Newsline,1,GenX Contamination in the Cape Fear River,Participation instance,0,#/case/genx-pfas/chain/pfas-harm/R1/p/0,fetch returned NC Newsline homepage (likely bot redirect); egress proxy blocks curl,yes,yes,VERIFIED,"Exact URL is indexed in search with matching headline; syndicated copy (rainsoftcarolinas.com) confirms Cape Fear River Watch forum day after Chemours cessation announcement, closed meeting with one pool reporter, 300+ attendees, and Kemp Burdette quote verbatim: 'they chose not to tell the communities downstream. Clean water is our right.'"
https://news.ballotpedia.org/2021/11/08/school-board-recalls-in-2021/,news.ballotpedia.org,Ballotpedia,4,COVID-19 School Closures and Reopenings,Participation instance | Mechanism that should have worked | Proposal chain counter-evidence | Timeline entry,0,#/case/covid-schools/chain/schools-legitimacy/S5/p/1 | #/case/covid-schools/spine/m/4 | #/case/covid-schools/spine/pr/4/l/3 | #/case/covid-schools/timeline,200 (JS redirect wall; content not rendered by WebFetch),yes,partial,VERIFIED,"Page confirmed to exist via search and secondary citations (NEPC newsletter, Yahoo/Ballotpedia News: '84 school board recall efforts lodged against 215 board members in 2021', over half pandemic-related, only one member removed). Ballotpedia's year-end wiki page gives final 2021 totals of 92 efforts/237 members and 17 recall elections, so the 84/215/16 figures reflect the Nov 8 snapshot. Could not directly confirm 57.1% and the '119 efforts died' figure (119 likely refers to board members, not efforts, since only 84 efforts existed)."
https://news.gallup.com/poll/316412/fewer-parents-full-time-person-fall-schooling.aspx,news.gallup.com,Gallup,1,COVID-19 School Closures and Reopenings,Timeline entry,0,#/case/covid-schools/timeline,200,yes,yes,VERIFIED,"Gallup, Aug 3 2020. 36/28/36 split, 64% worried, differences by concern/region/party (Republicans 68% in-person vs Democrats 13%) all on page."
https://news.gallup.com/poll/354506/update-american-public-opinion-vaccination-requirements.aspx,news.gallup.com,Gallup,1,COVID-19 Vaccine Mandates,Timeline entry,0,#/case/covid-vaccines/timeline,200,yes,yes,VERIFIED,"Gallup, Sept 3 2021 (six days before Biden's Sept 9 announcement). Majorities favor proof-of-vaccination for air travel (61%), events (58%), workplace (56%), hotels/restaurants (53%). Page itself does not mention Biden's mandate; the timing framing is the tool's synthesis but factually consistent."
https://news.gallup.com/poll/394784/confidence-public-schools-turns-partisan.aspx,news.gallup.com,Gallup,2,COVID-19 School Closures and Reopenings,Evidence | Impact evidence,1,#/case/covid-schools/chain/schools-legitimacy/S4 | #/case/covid-schools/spine/i/2,200,yes,partial,VERIFIED,"Gallup, July 14, 2022. Quote verbatim; all trend figures (29/41/32/28; R 34/20/14; D 48/43) on page. The i/2 claim that 'parents rated their own schools far better than the institution nationally throughout' is not from this page - this page says confidence is 'not related to parental status' (29% parents vs 28% non-parents); the parents-own-school contrast comes from the co-cited Gallup 2025 satisfaction poll."
https://news.gallup.com/poll/695174/record-low-satisfied-education-quality.aspx,news.gallup.com,Gallup 2025,2,COVID-19 School Closures and Reopenings,Evidence | Counter-evidence,2,#/case/covid-schools/chain/schools-legitimacy/S4,200,yes,yes,VERIFIED,"Gallup, Sept 16, 2025. Both quotes verbatim (the first bridges two consecutive sentences with an explicit [...] elision). Series figures 51/43/35 and parents 82/72/70/74 on page."
https://news.ncsu.edu/2017/11/genx-study/,news.ncsu.edu,NC State launch,1,GenX Contamination in the Cape Fear River,Participation instance,0,#/case/genx-pfas/chain/pfas-harm/R5/p/0,200,yes,yes,VERIFIED,"NC State news, Nov 1 2017, 'Researchers Receive Grant to Study GenX Exposure...'. Launch commitment quote appears verbatim. The October 2022 letter/meeting details in the finding come from other sources (page is from 2017), as expected for a launch citation."
https://news.ncsu.edu/2025/10/high-levels-of-short-chain-pfas-found-in-wilmington-residents-blood/,news.ncsu.edu,NC State summary,1,GenX Contamination in the Cape Fear River,Evidence,1,#/case/genx-pfas/chain/pfas-harm/D5,200,yes,yes,VERIFIED,"119 samples 2010-2016, PFMOAA median 42 ng/mL highest of 56 PFAS, quote verbatim (Jane Hoppin)."
https://oes.gsa.gov/vaccines/,oes.gsa.gov,Office of Evaluation Sciences,3,COVID-19 Vaccine Mandates,Proposal chain evidence | Comparable case,1,#/case/covid-vaccines/spine/pr/3/l/0 | #/case/covid-vaccines/spine/pr/3/l/1 | #/case/covid-vaccines/spine/pr/3,200,yes,partial,VERIFIED,"OES vaccines portfolio page. Quote verbatim; 'in many cases over 55,000 recipients' and effects 0.27 to 0.7 percentage points confirmed. The CVS megastudy (+1.05 points, 3.66 million patients) is not on this page (it is Milkman et al. 2022, PNAS)."
https://papers.ssrn.com/sol3/papers.cfm?abstract_id=2292517,papers.ssrn.com,Tyler and Jackson 2013,1,COVID-19 School Closures and Reopenings,Proposal chain evidence,1,#/case/covid-schools/spine/pr/0/l/3,200,yes,yes,VERIFIED,"Tyler & Jackson 2013, 'Popular Legitimacy and the Exercise of Legal Authority: Motivating Compliance, Cooperation and Engagement'. Quote appears in the abstract; only difference is the page uses en dashes where the tool uses hyphens. The taxation sentence in the finding is from another source, not this page."
https://papers.ssrn.com/sol3/papers.cfm?abstract_id=3684867,papers.ssrn.com,DeAngelis & Makridis (SSRN),1,COVID-19 School Closures and Reopenings,Evidence,1,#/case/covid-schools/chain/schools-legitimacy/S2,200,yes,yes,VERIFIED,"DeAngelis & Makridis 2020, 'Are School Reopening Decisions Related to Union Influence?'. 835 districts, four measures of union strength, no correlation with COVID-19 risk all in abstract; the two quoted sentences are verbatim abstract sentences joined with [...]. The 'uncorrelated with the actual incidence of the virus' / 'strongly associated with unionization' wording is attributed to the published SSQ version and is not on the SSRN page."
https://participedia.net/case/6875,participedia.net,Participedia,1,COVID-19 Vaccine Mandates,Comparable case,0,#/case/covid-vaccines/spine/pr/1,200,yes,yes,VERIFIED,"Participedia case on 2017 Shin-Kori 5&6 deliberative poll. 471 participants, 20,000 pool, 160 strata, Sept 13-Oct 15 2017, 59.5% resume, 53.2% reduce nuclear long-term, Moon accepted within a week (Oct 22). All confirmed."
https://perma.cc/M2H9-BDVC,perma.cc,Perma.cc,2,COVID-19 School Closures and Reopenings,Participation instance | Timeline entry,0,#/case/covid-schools/chain/schools-legitimacy/S1/p/1 | #/case/covid-schools/timeline,robots.txt disallowed (WebFetch blocked),yes,yes,VERIFIED,"Perma link could not be fetched, but the archived source is evidently the CMU News story 'CMU Computer Scientists Use Algorithm To Innovate Roots of Democracy' (Aug 13 2021), which contains verbatim '30 Michiganders... convened last fall to draw up recommendations for tackling COVID-19' and 'crafted 12 recommendations and offered them to local, state and national policymakers'. Original: https://www.cmu.edu/news/stories/archives/2021/august/citizens-assembly-algorithm.html"
https://pmc.ncbi.nlm.nih.gov/articles/PMC2799461,pmc.ncbi.nlm.nih.gov,PMC,2,GenX Contamination in the Cape Fear River,Timeline entry,0,#/case/genx-pfas/timeline,reCAPTCHA block on PMC; identified via OpenAlex/Crossref/LSHTM repository,yes,partial,VERIFIED,"PMC2799461 = Frisbee et al. 2009, 'The C8 Health Project: Design, Methods, and Participants', Environ Health Perspect 117(12):1873-82 (PMID 20049206). Abstract confirms settlement in Jack W. Leach et al. v. E.I. du Pont (Wood County WV Circuit Court, filed 2002), PFOA contamination of six water districts in two states, 69,030 participants; the paper describes the settlement-created C8 Health Project and Science Panel. Discrepancy: the timeline names the lead plaintiff 'Joseph K. Leach'; the source says 'Jack W. Leach'. Label 'PMC' is uninformative but not wrong."
https://pmc.ncbi.nlm.nih.gov/articles/PMC2799461/,pmc.ncbi.nlm.nih.gov,PMC,1,GenX Contamination in the Cape Fear River,Timeline entry,0,#/case/genx-pfas/timeline,200 (via ncbi.nlm.nih.gov/pmc mirror),yes,partial,VERIFIED,"Frisbee et al. 2009, 'The C8 Health Project: Design, Methods, and Participants', Environmental Health Perspectives. Confirms Brookmar Inc. created to run the Project under court supervision, 69,030 participants enrolled over 13 months in 2005-2006. The claim that the dataset was transferred to West Virginia University is not stated: page says Brookmar filed the data set with the Wood County Court in May 2008 and a mechanism (likely a federal agency) was being sought to maintain a deidentified data set."
https://pmc.ncbi.nlm.nih.gov/articles/PMC3855507,pmc.ncbi.nlm.nih.gov,PMC,1,GenX Contamination in the Cape Fear River,Timeline entry,0,#/case/genx-pfas/timeline,200 (via ncbi.nlm.nih.gov/pmc mirror),yes,partial,VERIFIED,"Nicole 2013, 'PFOA and Cancer in a Highly Exposed Community: New Findings from the C8 Science Panel', EHP news article. Confirms three court-appointed epidemiologists and the six probable-link outcomes (kidney cancer, testicular cancer, ulcerative colitis, thyroid disease, hypercholesterolemia, pregnancy-induced hypertension); names Kyle Steenland (Emory). Does not state the London/Brown affiliations or that DuPont paid the panel."
https://pmc.ncbi.nlm.nih.gov/articles/PMC7375159/,pmc.ncbi.nlm.nih.gov,Kotlarz et al. (PubMed Central),1,GenX Contamination in the Cape Fear River,Evidence,1,#/case/genx-pfas/chain/pfas-harm/D5,200,yes,yes,VERIFIED,"Kotlarz et al. 2020, EHP, 'Measurement of Novel, Drinking Water-Associated PFAS in Blood from Adults and Children in Wilmington, North Carolina'. Both quoted sentences appear verbatim; 344 participants, six fluoroethers, Nafion by-product 2 and PFO4DA >99%, four legacy PFAS >=97% above NHANES 2015-2016, 34-65% declines all confirmed."
https://pmc.ncbi.nlm.nih.gov/articles/PMC7752102,pmc.ncbi.nlm.nih.gov,PMC,1,COVID-19 School Closures and Reopenings,Timeline entry,0,#/case/covid-schools/timeline,200,yes,partial,VERIFIED,"Karcioglu et al. 2020, Turkish Thoracic Journal, 'Covid-19: The Biggest Threat of the 21st Century' (April 2020 review). Supports droplet transmission, higher risk for older adults/comorbidities, milder disease in children, and uncertainty about asymptomatic cases. Does not discuss schools' contribution to spread or long-term effects; those parts of the timeline entry are not sourced to this page."
https://pmc.ncbi.nlm.nih.gov/articles/PMC8224863/,pmc.ncbi.nlm.nih.gov,PMC,1,COVID-19 Vaccine Mandates,Timeline entry,0,#/case/covid-vaccines/timeline,200,yes,yes,VERIFIED,"Diesel et al. 2021, MMWR, 'COVID-19 Vaccination Coverage Among Adults - United States, December 14, 2020-May 22, 2021'. Reports weekly initiation peaked in the weeks before expanded eligibility and decreased for all age groups during April 19-May 22, 2021."
https://pmc.ncbi.nlm.nih.gov/articles/PMC8474804/,pmc.ncbi.nlm.nih.gov,PMC,1,COVID-19 Vaccine Mandates,Timeline entry,0,#/case/covid-vaccines/timeline,200,yes,yes,VERIFIED,"King et al. 2021, Preventive Medicine Reports, 'COVID-19 vaccine hesitancy January-May 2021 among 18-64 year old US adults by employment and occupation'. 3,179,174 responses; hesitancy ~26% in January falling to 19% by May; >35% in construction/extraction, installation/maintenance/repair, farming; top reasons side effects (51.7%), not trusting COVID-19 vaccines (51.3%), and over a third not believing they needed it. Claim's 'lack of trust in the process' is a loose gloss of 'not trusting COVID-19 vaccines/government'."
https://pmc.ncbi.nlm.nih.gov/articles/PMC8938683,pmc.ncbi.nlm.nih.gov,Honein et al. 2021 | PMC,3,COVID-19 School Closures and Reopenings,Proposal chain evidence | Timeline entry,0,#/case/covid-schools/spine/pr/2/l/0 | #/case/covid-schools/timeline,"PMC/PubMed/JAMA all captcha-blocked from fetcher; existence confirmed by search index (title 'Data and Policy to Guide Opening Schools Safely to Limit the Spread of SARS-CoV-2 Infection', JAMA 2021, Honein, Barrios, Brooks)",yes,yes,VERIFIED,"Search index matches this PMC page for the 24%/51%/17% district-modality figures and 'congregate living facilities'/'high-density worksites' wording; the JAMA Viewpoint (Jan 26, 2021) is the CDC-authored piece summarizing evidence that in-person schooling with mitigation had not produced the rapid spread seen in congregate settings, and lists masks, distancing, ventilation, hybrid, screening testing and limits on high-risk extracurriculars. Could not read page text directly; no quote to verify."
https://pmc.ncbi.nlm.nih.gov/articles/PMC9176070/,pmc.ncbi.nlm.nih.gov,PMC,1,Youth Mental Health & Addiction on Meta Platforms,Timeline entry,0,#/case/meta-youth/timeline,200 (via ncbi.nlm.nih.gov/pmc mirror),yes,partial,VERIFIED,"Twenge 2020, Psychiatric Research and Clinical Practice, 'Increases in Depression, Self-Harm, and Suicide Among U.S. Adolescents After 2012 and Links to Technology Use'. Documents rises in depression, anxiety, self-harm, suicidal ideation and suicide; says self-harm hospital admissions tripled and suicide doubled among 10-14-year-old girls (claim's 'ER visits more than doubled since 2009 per CDC' is consistent but not the page's exact framing). Page does not say researchers lack access to platform data."
https://pmc.ncbi.nlm.nih.gov/articles/PMC9663766/,pmc.ncbi.nlm.nih.gov,McLaren et al. 2022,1,COVID-19 Vaccine Mandates,Comparable case,0,#/case/covid-vaccines/spine/pr/1,200,yes,partial,VERIFIED,"McLaren et al. 2022, Canadian Journal of Public Health, 'Fluoridation cessation and oral health equity: a 7-year post-cessation study of Grade 2 schoolchildren in Alberta, Canada'. Confirms Calgary cessation in 2011 and deft prevalence 64.8% (Calgary) vs 55.1% (Edmonton) in 2018/2019. The 2021 plebiscite (62%) and 2025 reinstatement are not in the paper."
https://portal.ct.gov/-/media/departments-and-agencies/dph/dph/environmental_health/eoha/pdf/cancerclustertechbrieffinalpdf.pdf,portal.ct.gov,Connecticut Department of Public Health,1,GenX Contamination in the Cape Fear River,Proposal chain counter-evidence,1,#/case/genx-pfas/spine/pr/1/l/0,200,yes,yes,VERIFIED,"CT DPH EOHA technical brief 'Cancer Clusters', Issue #7, April 2012; quote verbatim on p.2."
https://press.uchicago.edu/ucp/books/book/chicago/P/bo22879533.html,press.uchicago.edu,University of Chicago Press,1,COVID-19 Vaccine Mandates,Evidence,1,#/case/covid-vaccines/chain/vax-total/V1,200,yes,yes,VERIFIED,"UCP page for Cramer, The Politics of Resentment (2016). Quote appears verbatim in the book description. Page does not state the 2007-2012 fieldwork dates (those are from the book itself)."
https://progressivereform.org/cpr-blog/north-carolina-v-chemours-early-reflections-on-an-ongoing-state-environmental-enforcement-case/,progressivereform.org,Center for Progressive Reform,1,GenX Contamination in the Cape Fear River,Evidence,1,#/case/genx-pfas/chain/pfas-harm/R1,HTTP 200,yes,yes,VERIFIED,"Joel A. Mintz, Center for Progressive Reform blog, 27 Nov 2017. Quote verbatim; 'dilatory and lax' phrase present ('the DEQ's dilatory and lax responses to Chemours' GenX toxic effluent discharges')."
https://publichealth.jmir.org/2024/1/e49695,publichealth.jmir.org,JMIR Public Health Surveill 2024,1,COVID-19 Vaccine Mandates,Evidence,1,#/case/covid-vaccines/chain/vax-total/V4,"HTTP 200 but page body returned empty to the fetcher (JS-rendered); verified via HKBU scholars abstract copy, Semantic Scholar, and exact-phrase web search indexing the JMIR/PMC full text",yes,yes,VERIFIED,"'Community Engagement in Vaccination Promotion: Systematic Review and Meta-Analysis', JMIR Public Health Surveill 2024;10:e49695. 20 studies 2006-2021, 12 single-group pre-post, 5 cluster RCTs, 3 non-RCTs, 1 on COVID-19; between-group RD 0.18 (95% CI 0.07-0.29, I2=98.4%). Quoted sentence is from the Results section of the full text (exact-phrase search returns the JMIR and PMC copies); abstract wording differs ('between-group comparison (RD 0.18, 95% CI 0.07-0.29, I2=98.4%, P<.001)'). Design of the single COVID study (single-group pre-post) not independently confirmed."
https://pubmed.ncbi.nlm.nih.gov/30944443,pubmed.ncbi.nlm.nih.gov,PubMed,1,Youth Mental Health & Addiction on Meta Platforms,Timeline entry,0,#/case/meta-youth/timeline,captcha on PubMed; identified via search and Nature page,yes,yes,VERIFIED,"PMID 30944443 = Orben & Przybylski 2019, Nature Human Behaviour, 'The association between adolescent well-being and digital technology use' (specification-curve analysis of three large UK/US datasets, n=355,358; negative but small correlational association). Supports the timeline's characterization of contested, correlational UK/US findings with causation unresolved."
https://pubmed.ncbi.nlm.nih.gov/34543291/,pubmed.ncbi.nlm.nih.gov,PubMed 34543291,2,COVID-19 Vaccine Mandates,Participation instance | Timeline entry,0,#/case/covid-vaccines/chain/vax-total/V4/p/0 | #/case/covid-vaccines/timeline,reCAPTCHA block on PubMed; verified via search result title and PLOS ONE full text,yes,yes,VERIFIED,"PMID 34543291 = Marquez, Kerkhoff et al. 2021, 'A multi-component, community-based strategy to facilitate COVID-19 vaccine uptake among Latinx populations: From theory to practice', PLOS ONE 16(9):e0257111. All figures confirmed in full text: 20,792 doses over 16 weeks, 11,098 people, 98.4% second-dose completion, 70.5% vs 13.3% Latinx, 47.3% vs 16.0% uninsured, 62.4% vs 36.2% no PCP, 58.3% vaccinated earlier; Unidos en Salud, Mission District."
https://pubmed.ncbi.nlm.nih.gov/35677729/,pubmed.ncbi.nlm.nih.gov,Hallin et al. 2022,3,COVID-19 School Closures and Reopenings,Impact evidence | Proposal chain evidence | Comparable case,2,#/case/covid-schools/spine/i/3 | #/case/covid-schools/spine/pr/1/l/3 | #/case/covid-schools/spine/pr/2,200,yes,partial,VERIFIED,"Hallin, Danielsson, Nordstrom & Falth 2022, Int J Educational Research, 'No learning loss in Sweden during the pandemic'. 97,073 students grades 1-3; quote verbatim in abstract. 'Doubled teacher risk' and Denmark reopening claims at pr/2 are from other sources, not this paper."
https://pubmed.ncbi.nlm.nih.gov/36069575/,pubmed.ncbi.nlm.nih.gov,Rosen et al. (PubMed) | Rosen et al. 2022,3,GenX Contamination in the Cape Fear River,Evidence | Impact evidence | Proposal chain evidence,2,#/case/genx-pfas/chain/pfas-harm/D5 | #/case/genx-pfas/spine/i/2 | #/case/genx-pfas/spine/pr/0/l/3,PubMed/PMC captcha-blocked; EHP host unreachable; abstract wording confirmed via NC State news release reproducing it and ScienceDaily,yes,yes,VERIFIED,"Rosen et al. 2022, EHP 130(9), 'Drinking Water-Associated PFAS and Fluoroethers and Lipid Outcomes in the GenX Exposure Study'. 326 participants ages 6-86; 'non-HDL cholesterol was approximately 5 mg/dL higher per exposure quartile' and 'associations were strongest among the oldest participants' confirmed; conclusion sentence 'PFNA and PFOS were associated with higher levels of total and non-HDL cholesterol, with associations larger in magnitude among older adults' matches the abstract. Minor: tool quote writes '5mg/dL' without space. C8 Science Panel material at pr/0/l/3 is a separate source."
https://pubmed.ncbi.nlm.nih.gov/36894396/,pubmed.ncbi.nlm.nih.gov,Vaccine 41(14),1,COVID-19 Vaccine Mandates,Counter-evidence,1,#/case/covid-vaccines/chain/vax-fair/F4,PubMed returned empty/captcha; abstract retrieved via Europe PMC REST,yes,yes,VERIFIED,"Na, Banks & Wang 2023, Vaccine 41(14):2404-2411, 'Racial and ethnic disparities in COVID-19 vaccine uptake: A mediation framework'. Quoted sentence appears verbatim in the abstract results."
https://pubmed.ncbi.nlm.nih.gov/37093505/,pubmed.ncbi.nlm.nih.gov,European Journal of Epidemiology,1,COVID-19 Vaccine Mandates,Evidence,1,#/case/covid-vaccines/chain/vax-total/V3,200,yes,yes,VERIFIED,"'Estimated preventable COVID-19-associated deaths due to non-vaccination in the United States', European Journal of Epidemiology 2023. Quote appears verbatim; study period May 30, 2021-September 3, 2022 (15 months). The 95% CI 214,000-250,000 was not visible in the fetched excerpt."
https://pubmed.ncbi.nlm.nih.gov/39026196/,pubmed.ncbi.nlm.nih.gov,BMC Public Health 2024 (NCT04952376),1,COVID-19 Vaccine Mandates,Counter-evidence,1,#/case/covid-vaccines/chain/vax-total/V4,PubMed captcha; verified via BMC Public Health / Springer full text,yes,yes,VERIFIED,"Sumar et al. 2024, BMC Public Health, 'The effect of adding physician recommendation in digitally-enabled outreach for COVID-19 vaccination in socially/economically disadvantaged populations'. 3-arm RCT at an FQHC; 90-day rates 11.5%, 11.6%, 8.5%; NCT04952376; quoted conclusion sentence appears verbatim in the abstract."
https://pubmed.ncbi.nlm.nih.gov/40397441/,pubmed.ncbi.nlm.nih.gov,PubMed,1,Youth Mental Health & Addiction on Meta Platforms,Timeline entry,0,#/case/meta-youth/timeline,"PubMed captcha; identified via search, EurekAlert and AJMC coverage",yes,partial,VERIFIED,"Nagata et al. 2025, JAMA Network Open, 'Social Media Use and Depressive Symptoms During Early Adolescence' (ABCD cohort, 11,876 participants; within-person increases in social media use predicted greater depressive symptoms one year later, reverse not found). Supports the 11,876-children sentence. The ~17,000-person 2001-2022 cohort with 73%->62% figure is from a different (Canadian) study, not this paper."
https://pubs.acs.org/doi/10.1021/acs.est.5b01215,pubs.acs.org,"Strynar et al. 2015, ES&T | Strynar et al. 2015",3,GenX Contamination in the Cape Fear River,Evidence | Proposal chain counter-evidence | Timeline entry,1,#/case/genx-pfas/chain/pfas-harm/D3 | #/case/genx-pfas/spine/pr/1/l/1 | #/case/genx-pfas/timeline,403 (ACS blocks automated fetch); verified via NCSU reprint PDF,yes,yes,VERIFIED,"Strynar et al., Environ. Sci. Technol. 2015 (EPA NERL authors) - label correct. Checked against reprint at https://chhe.research.ncsu.edu/wordpress/wp-content/uploads/2018/05/Ethers_Strynar_EST2015.pdf. Abstract: 'We detected 12 novel perfluoroalkyl ether carboxylic and sulfonic acids in surface water in North Carolina, USA' and text: 'In the summer of 2012, water samples were collected at locations on the Cape Fear River and its tributaries' - both verbatim. The 'no one notified utilities / stayed inside agencies' framing is the tool's inference, not a statement in the paper."
https://pubs.acs.org/doi/abs/10.1021/acs.estlett.6b00398,pubs.acs.org,"Sun et al. 2016, ES&T Letters",1,GenX Contamination in the Cape Fear River,Evidence,1,#/case/genx-pfas/chain/pfas-harm/D3,"HTTP 403 (ACS blocks fetch); existence confirmed via Crossref, Semantic Scholar, EPA Science Inventory, NSF PAR and NC State coverage",yes,yes,VERIFIED,"Sun, Arevalo, Strynar, Lindstrom (EPA), Richardson, Kearns, Pickett, Smith, Knappe, ES&T Letters 3(12), 2016. Exact-phrase search for the quote returns the ACS abstract page and EPA Science Inventory record as top hits, consistent with the abstract sentence; NC State coverage confirms 631 ppt mean, June-Dec 2013 sampling, Nov 2016 publication. Crossref lists online date 16 Nov 2016 (tool says 10 Nov) - minor. Max ~4,500 ng/L not independently confirmed from the abstract text."
https://researchonline.lshtm.ac.uk/id/eprint/4315/,researchonline.lshtm.ac.uk,Frisbee et al. 2009,1,GenX Contamination in the Cape Fear River,Proposal chain evidence,1,#/case/genx-pfas/spine/pr/4/l/2,200,yes,yes,VERIFIED,"LSHTM Research Online record for Frisbee et al. 2009, 'The C8 health project: design, methods, and participants', EHP. Abstract contains the quote verbatim; project created under settlement agreement, objective 'allow class members to know their own PFOA levels'."
https://scholar.law.colorado.edu/cgi/viewcontent.cgi?httpsredir=1&article=1018&context=books_reports_studies,scholar.law.colorado.edu,Kenney et al. 2004,1,GenX Contamination in the Cape Fear River,Proposal chain evidence,1,#/case/genx-pfas/spine/pr/6/l/1,200,yes,yes,VERIFIED,"Kenney et al., 'Evaluating the Use of Good Neighbor Agreements...', Natural Resources Law Center, Aug 2004; 11 case studies covering 13 GNAs. Quote appears as Finding #2 heading 'The GNAs Studied are Generally Quite Effective' (title case)."
https://socialserviceworkforce.org/wp-content/uploads/2024/03/Does-Decentralization-Increase-Gov-Responsiveness.pdf,socialserviceworkforce.org,Faguet 2004,1,COVID-19 School Closures and Reopenings,Proposal chain evidence,1,#/case/covid-schools/spine/pr/2/l/1,200,yes,yes,VERIFIED,"Reprint copy of Faguet 2004, Journal of Public Economics. Quote verbatim in abstract; paper covers Bolivia's 1994 decentralization and investment shift to education, water and sanitation."
https://static.ewg.org/reports/2020/pfas-epa-timeline/1998_3M-Alerts-EPA.pdf,static.ewg.org,EWG EPA Timeline,1,GenX Contamination in the Cape Fear River,Timeline entry,0,#/case/genx-pfas/timeline,200,yes,partial,VERIFIED,"3M TSCA 8(e) letter to EPA, May 15 1998, hosted in EWG's EPA timeline. Confirms PFOS at 9-56 ppb in pooled blood-bank sera from people with no known occupational exposure. The letter does not itself contain rat studies showing liver damage (it references previously submitted animal toxicology data); the 'first formal notice' / 'triggered EPA's first sustained look' framing is interpretation not on the document."
https://supreme.justia.com/cases/federal/us/197/11/,supreme.justia.com,Jacobson v. Massachusetts,1,COVID-19 Vaccine Mandates,Timeline entry,0,#/case/covid-vaccines/timeline,200,yes,partial,VERIFIED,"Justia page for Jacobson v. Massachusetts, 197 U.S. 11 (1905), correctly labeled. Supports only the portion of the finding identifying Jacobson as the 1905 smallpox compulsory-vaccination precedent; the 2021 religious-exemption litigation, Title VII, EUA and Does v. Mills details are not on this page (they are sourced elsewhere in the same timeline entry)."
https://thenextweb.com/news/meta-google-fund-us-kids-groups-conflict-of-interest,thenextweb.com,The Next Web,1,Youth Mental Health & Addiction on Meta Platforms,Timeline entry,0,#/case/meta-youth/timeline,200,yes,yes,VERIFIED,"TNW, Cristian Dina, May 14 2026: 'Meta and Google fund the kids groups they cite back at regulators'. Confirms National PTA ended 15-year Meta relationship in Feb 2026 after LA bellwether trial revelations; names National PTA, ConnectSafely, FOSI (and PROJECT ROCKIT) as funded groups cited in regulatory filings and congressional testimony without disclosed funding."
https://theoryandpractice.citizenscienceassociation.org/articles/10.5334/cstp.154,theoryandpractice.citizenscienceassociation.org,Roy and Edwards 2019,2,GenX Contamination in the Cape Fear River,Proposal chain evidence | Comparable case,1,#/case/genx-pfas/spine/pr/1/l/1 | #/case/genx-pfas/spine/pr/3,200,yes,yes,VERIFIED,"Roy & Edwards 2019, Citizen Science: Theory and Practice. Quote verbatim ('the citizen science datasets collected without cheats represented the only internally consistent measures of water lead levels'). 269 homes, Virginia Tech analysis, January 2016 federal emergency and 'more than $600 million in relief funding' all on page."
https://time.com/5868098/schools-reopening-coronavirus-denmark-south-korea-israel/,time.com,Time,1,COVID-19 School Closures and Reopenings,Proposal chain counter-evidence,0,#/case/covid-schools/spine/pr/1/l/1,200,yes,partial,VERIFIED,"TIME, July 20 2020. Israel details confirmed: reopened May 3, class-size limits lifted two weeks later, closed by June 3 after 2,026 students/teachers/staff tested positive. The Sweden teacher-infection-risk sentence is not on this page (article covers Denmark, South Korea, Israel only)."
https://webservices.ncleg.gov/ViewDocSiteFile/18237,webservices.ncleg.gov,PFAST Network report to NCGA,1,GenX Contamination in the Cape Fear River,Evidence,1,#/case/genx-pfas/chain/pfas-harm/R5,200,yes,yes,VERIFIED,"PFAST Network Quarterly Progress Report #6 (Jan 2020) to NCGA. $5,013,000 allocation confirmed; quote is a verbatim prefix of the sentence '...were collected and analyzed by targeted mass spectrometry.'"
https://whqr.org/post/genx-general-assembly-commission-meets-wilmington,whqr.org,WHQR,1,GenX Contamination in the Cape Fear River,Participation instance,0,#/case/genx-pfas/chain/pfas-harm/R1/p/2,200,yes,partial,VERIFIED,"WHQR report on the Environmental Review Commission hearing in Wilmington. Confirms 20-member commission, ~5 hours of questioning, overflow crowd, Chemours declined invitation, Cooper's $2.58M (~$2.6M) request received no vote. The $435,000 appropriation over a veto in Oct 2017 is a later event not on this page."
https://www.adalovelaceinstitute.org/project/rapid-online-deliberation-on-covid-19-technologies/,adalovelaceinstitute.org,Ada Lovelace Institute,2,COVID-19 School Closures and Reopenings,Proposal chain evidence | Comparable case,1,#/case/covid-schools/spine/pr/0/l/0 | #/case/covid-schools/spine/pr/1,200,yes,yes,VERIFIED,"Ada Lovelace Institute project page (Aug 2020). Full sentence: 'Throughout May 2020, while the UK was in lockdown as a result of the COVID-19 pandemic, together with Traverse, Involve and Bang the Table, we conducted rapid, online deliberation with 28 members of the public on COVID-19 exit strategies.' Four recommendations listed."
https://www.aeaweb.org/articles?id=10.1257%2Faer.20190830,aeaweb.org,Hjort et al. 2021,1,COVID-19 Vaccine Mandates,Proposal chain evidence,1,#/case/covid-vaccines/spine/pr/3/l/1,200,yes,yes,VERIFIED,"Hjort, Moreira, Rao & Santini 2021, American Economic Review, 'How Research Affects Policy: Experimental Evidence from 2,150 Brazilian Municipalities'. Quote appears verbatim in the abstract; willingness to pay and belief updating confirmed."
https://www.aeaweb.org/conference/2018/preliminary/paper/eSR58nDd,aeaweb.org,Evans and Shimshack 2018,1,GenX Contamination in the Cape Fear River,Proposal chain evidence,0,#/case/genx-pfas/spine/pr/1/l/0,200,yes,yes,VERIFIED,"Evans & Shimshack, 'Citizen complaints, regulator behavior, and air pollution emissions: Evidence from Texas' (AEA 2018 preliminary paper). Page: 'more than 50,000 citizen complaints filed with the Texas Department of Environmental Quality between 2003 and 2013'; complaints 'crowd in' regulator inspections and notices of violation at the targeted facility (and crowd out elsewhere). Claim supported."
https://www.aei.org/research-products/report/from-attendance-crisis-to-chronic-condition-tracking-post-pandemic-chronic-absenteeism-into-2025/,aei.org,AEI 2025 tracker | American Enterprise Institute,3,COVID-19 School Closures and Reopenings,Evidence | Impact evidence | Proposal chain counter-evidence,1,#/case/covid-schools/chain/schools-legitimacy/S6 | #/case/covid-schools/spine/i/1 | #/case/covid-schools/spine/pr/4/l/2,200,yes,yes,VERIFIED,"Nat Malkus, AEI, dated June 30, 2026 (tool labels it both '2025 tracker' and '2026 tracking report'; the report covers 2025 data). Quote verbatim with bracketed elisions of the em-dash clauses. Page gives 22.6% chronic absenteeism for 2025 vs ~15% pre-pandemic, consistent with the 'roughly 22 percent' impact claim."
https://www.annenbergpublicpolicycenter.org/publication/what-caused-the-narrowing-of-black-white-covid-19-vaccination-disparity-in-the-us-a-test-of-5-hypotheses/,annenbergpublicpolicycenter.org,Annenberg Public Policy Center,3,COVID-19 Vaccine Mandates,Counter-evidence | Impact counter-evidence | Proposal chain counter-evidence,1,#/case/covid-vaccines/chain/vax-fair/F4 | #/case/covid-vaccines/spine/i/2 | #/case/covid-vaccines/spine/pr/2/l/2,200,yes,yes,VERIFIED,"APPC publication page for Romer, Patterson, Jamieson & Jamieson, Journal of Health Communication, May 2024. Both quoted sentences verbatim ('In addition, neither differential access nor media use explained the increase.'). Page supports >1,800-person panel, April 2021-July 2022, CDC trust associated at baseline but not with change, knowledge 'transmitted from within the Black community'."
https://www.axios.com/2021/09/14/axios-ipsos-poll-covid-vaccine-mandates-biden,axios.com,Axios,1,COVID-19 Vaccine Mandates,Timeline entry,0,#/case/covid-vaccines/timeline,200,yes,partial,VERIFIED,"Axios, Sept 14 2021. Confirms 60% overall, 80% Democrats, 30% Republicans. The Monmouth 63%, NBC 88%/46%, governors vowing to sue, and 72%-would-quit figures are not on this page (attributed to other sources in the finding)."
https://www.bbc.com/news/technology-58707753,bbc.com,BBC,1,Youth Mental Health & Addiction on Meta Platforms,Timeline entry,0,#/case/meta-youth/timeline,proxy 403 (bbc.com blocked by egress policy); verified via syndicated copies,yes,yes,VERIFIED,"BBC News, 27 Sept 2021, 'Instagram for kids paused after backlash'. Syndicated copies (daily-sun.com, bbc.org.in mirror) confirm Instagram Kids paused and Mosseri's statement about taking time to work with 'parents, experts, policymakers and regulators'; Mosseri's statement also covered continuing parental-supervision tools for teens. Direct fetch could not be completed."
https://www.biorxiv.org/content/10.1101/661959v1.full.pdf,biorxiv.org,Bedson et al. 2019,1,COVID-19 Vaccine Mandates,Comparable case,0,#/case/covid-vaccines/spine/pr/2,200,yes,yes,VERIFIED,"bioRxiv preprint 10.1101/661959 (2019), first author Bedson, 'Community Engagement during outbreak response: standards, approaches, and lessons from the 2014-2016 Ebola outbreak in Sierra Leone'. Confirms nearly 2,500 mobilizers, 14 districts, >12,000 communities, 2,113,902 members, community action plans and feedback loops, and the self-reported-data/reporting-bias caveat; no control group."
https://www.blumenthal.senate.gov/imo/media/doc/2021.10.20%20-%20Facebook%20and%20Instagram%20-%20Consumer%20Protection%20Invitation.pdf,blumenthal.senate.gov,Blumenthal Letter,1,Youth Mental Health & Addiction on Meta Platforms,Timeline entry,0,#/case/meta-youth/timeline,200,yes,yes,VERIFIED,"Blumenthal letter to Zuckerberg, Oct 20 2021, requesting he or Mosseri testify; alleges evasive answers, hidden reports, downplayed research, locked-down documents."
https://www.brookings.edu/articles/chapter-2-school-board-members-views-of-the-covid-19-and-culture-war-era/,brookings.edu,Brookings school board survey,2,COVID-19 School Closures and Reopenings,Evidence | Mechanism that should have worked,1,#/case/covid-schools/chain/schools-legitimacy/S5 | #/case/covid-schools/spine/m/0,200,yes,yes,VERIFIED,"Quote appears verbatim. 6%->49% participation, 8%->47% conflict, 62% / 73% (purple) extreme incidents, 1,002 responses from 697 districts, ~10% response rate all confirmed. '21 of the 25 most conflictual months after January 2020' is not on this page (other source)."
https://www.brookings.edu/articles/teachers-unions-scapegoats-or-bad-faith-actors-in-covid-19-school-reopening-decisions/,brookings.edu,Brookings,1,COVID-19 School Closures and Reopenings,Evidence,1,#/case/covid-schools/chain/schools-legitimacy/S2,200,yes,yes,VERIFIED,"Marianno, Brookings, Mar 25 2021. Quote verbatim; pandemic severity (county hospitalization rate) had no relationship with in-person reopening; unions characterized as doing their job of protecting members."
https://www.brown.edu/news/2021-09-15/hub,brown.edu,Brown University,3,COVID-19 School Closures and Reopenings,Mechanism that should have worked | Proposal chain evidence | Comparable case,1,#/case/covid-schools/spine/m/7 | #/case/covid-schools/spine/pr/3/l/0 | #/case/covid-schools/spine/pr/3,200,yes,yes,VERIFIED,"Brown news, Sept 15, 2021. Emily Oster quote verbatim; 55,000+ schools in 30 states and DC; grant funding from Emergent Ventures, CZI, Arnold Ventures confirmed."
https://www.businesschemistry.org/article/impacts-of-the-reach-candidate-list-of-substances-subject-to-authorisation-the-reputation-mechanism-and-empirical-results-on-behavioral-adaptations-of-german-supply-chain-actors/,businesschemistry.org,Journal of Business Chemistry,1,GenX Contamination in the Cape Fear River,Comparable case,0,#/case/genx-pfas/spine/pr/2,200,yes,yes,VERIFIED,"Journal of Business Chemistry, Grunwald & Hennig, June 2014. Page states 61% of respondents (German downstream users, surveyed 2011) replaced a candidate-list substance with a less hazardous one."
https://www.businessinsider.com/facebook-building-instagram-app-for-kids-under-13-report-2021-3/,businessinsider.com,Business Insider,1,Youth Mental Health & Addiction on Meta Platforms,Timeline entry,0,#/case/meta-youth/timeline,proxy 403 (businessinsider.com blocked by egress policy); archive and reader proxies also blocked,unknown,partial,VERIFIED,"Could not fetch the page directly. Slug follows Business Insider's real URL convention and BI covered this story in March 2021; the claim (Facebook confirmed an under-13 Instagram, 'parent-controlled experience', after BuzzFeed News broke it March 18 2021) is consistent with all contemporaneous coverage (BuzzFeed, TIME, Variety). Recommend a manual check of the exact BI URL."
https://www.businessinsider.com/facebook-trust-collapses-after-cambridge-analytica-data-scandal-2018-4,businessinsider.com,Business Insider,1,Youth Mental Health & Addiction on Meta Platforms,Timeline entry,0,#/case/meta-youth/timeline,proxy 403 (businessinsider.com blocked by egress policy); verified via Yahoo Finance syndication of the BI article,yes,partial,VERIFIED,"Business Insider, Jake Kanter, April 17 2018 (syndicated on Yahoo Finance as 'Trust in Facebook has spectacularly nosedived after its enormous data breach'). Reports Ponemon figures: 79% in 2017 down to 27% (a 66% relative drop). Finding says 28% (NBC's rounding of the same survey) - minor discrepancy. The 'conducts harmful practices, gets caught, and apologizes' sentence is editorial gloss not in the article."
https://www.c8sciencepanel.org/,c8sciencepanel.org,C8 Science Panel,2,GenX Contamination in the Cape Fear River,Proposal chain counter-evidence | Timeline entry,0,#/case/genx-pfas/spine/pr/4/l/0 | #/case/genx-pfas/timeline,robots.txt/proxy blocked for homepage; members.html fetched 200,yes,yes,VERIFIED,"Site live; members page lists Fletcher (London School of Hygiene), Savitz (Brown), Steenland (Emory). Panel's final newsletter confirms origin in the Leach class settlement, six probable-link diseases matching the claim, and completion Oct 2012 (roughly seven years). Minor nuance: panelists were jointly agreed by DuPont and plaintiffs under the court-approved settlement rather than chosen by the court itself."
https://www.cambridge.org/core/journals/american-political-science-review/article/is-deliberation-an-antidote-to-extreme-partisan-polarization-reflections-on-america-in-one-room/5DEFB6F8D944ECDE77A5E80C3346D4DE,cambridge.org,Fishkin et al. 2021,1,COVID-19 School Closures and Reopenings,Proposal chain evidence,0,#/case/covid-schools/spine/pr/2/l/1,200,yes,yes,VERIFIED,"Fishkin, Siu, Diamond, Bradburn, APSR 115(4), 2021. Abstract: 'The deliberators showed large, depolarizing changes in their policy attitudes and large decreases in affective polarization.' The second sentence of the finding ('No study combines...') is the tool's own gap statement, not a claim about this page."
https://www.cbsnews.com/news/wilmington-nc-cape-fear-river-water-tainted-genx-dupont-chemours/,cbsnews.com,CBS News,2,GenX Contamination in the Cape Fear River,Timeline entry,0,#/case/genx-pfas/timeline,200,yes,partial,VERIFIED,"CBS News, Jericka Duncan, June 26 2017. Confirms discharge since 1980, over-capacity council meeting, mothers of children with cancer, Mayor Saffo alarmed. Discrepancies: article says ~60,000 Wilmington residents drink from the river (claim says ~250,000); the 'learned from the newspaper' detail is not in the article."
https://www.cdc.gov/mmwr/preview/mmwrhtml/su6301a2.htm,cdc.gov,US Centers for Disease Control and Prevention,1,GenX Contamination in the Cape Fear River,Comparable case,0,#/case/genx-pfas/spine/pr/5,200,yes,partial,VERIFIED,"MMWR Suppl 2014;63(1) 'Background and Rationale' (Penman-Aguilar, Bouye, Liburd). Describes CDC health-disparity interventions including REACH; states a REACH project in three Southeast Asian communities 'was associated with decreased rates of smoking among Vietnamese and Cambodian men'. Supports the smoking-decline outcome finding; the 'mostly counts of people reached' characterization and 'no instance found' are the tool's own analysis, not page content."
https://www.cdc.gov/mmwr/volumes/69/wr/mm6950e2.htm,cdc.gov,CDC MMWR,1,COVID-19 Vaccine Mandates,Timeline entry,0,#/case/covid-vaccines/timeline,200,yes,yes,VERIFIED,"MMWR 69(50), Dec 2020, ACIP interim recommendation for Pfizer-BioNTech. Confirms FDA EUA Dec 11 2020, ACIP vote 11-0 (three recusals) for persons aged >=16, type 1 (high certainty) evidence for symptomatic COVID-19, low/very low certainty for hospitalization/death because observed numbers were low."
https://www.cdc.gov/mmwr/volumes/70/wr/mm7031e2.htm,cdc.gov,CDC MMWR,1,COVID-19 Vaccine Mandates,Timeline entry,0,#/case/covid-vaccines/timeline,200,yes,yes,VERIFIED,"MMWR 70(31), Aug 6 2021, Barnstable County outbreak: 469 cases; 346 (74%) in fully vaccinated persons; Ct values similar between vaccinated (median 22.77) and unvaccinated (median 21.54). The masking-guidance framing and 'weakened public claim' are interpretive but consistent with the report's context."
https://www.cdc.gov/mmwr/volumes/70/wr/mm7034e4.htm,cdc.gov,CDC MMWR,1,COVID-19 Vaccine Mandates,Timeline entry,0,#/case/covid-vaccines/timeline,200,yes,yes,VERIFIED,"MMWR 70(34), Aug 26 2021, HEROES-RECOVER frontline workers: adjusted VE 66% (95% CI 26-84%) during Delta vs 91% (81-96%) before; authors caution about waning and poor precision due to limited weeks of observation and few infections."
https://www.cdc.gov/mmwr/volumes/70/wr/mm705152e2.htm,cdc.gov,US Centers for Disease Control and Prevention,1,COVID-19 School Closures and Reopenings,Proposal chain evidence,1,#/case/covid-schools/spine/pr/1/l/2,200,yes,yes,VERIFIED,"MMWR 70(51-52), Dec 2021, Test to Stay evaluation, Lake County IL: secondary attack risk 1.5% (16 of 1,035); exact sentence 'up to 8,152 in-person learning days were saved among TTS participants' appears verbatim."
https://www.cdc.gov/mmwr/volumes/71/su/su7103a3.htm,cdc.gov,CDC MMWR,1,COVID-19 School Closures and Reopenings,Timeline entry,0,#/case/covid-schools/timeline,200,yes,yes,VERIFIED,"MMWR Suppl 71(3), Mar 31 2022, ABES: 37.1% poor mental health during pandemic, 44.2% persistent sadness/hopelessness, students who felt close to persons at school had lower prevalence of poor mental health (28.4% vs 45.2%)."
https://www.cdc.gov/mmwr/volumes/71/wr/mm7123a2.htm,cdc.gov,MMWR 71(23) | US Centers for Disease Control and Prevention,3,COVID-19 Vaccine Mandates,Evidence | Impact evidence | Proposal chain evidence,1,#/case/covid-vaccines/chain/vax-fair/F4 | #/case/covid-vaccines/spine/i/2 | #/case/covid-vaccines/spine/pr/2/l/2,200,yes,partial,VERIFIED,"MMWR 71(23), June 10, 2022. Coverage quote verbatim; intent figures 11.2% Black, 9.3% Hispanic, 6.2% White confirmed. The 'one federal site delivered nearly 3 of 4 doses to White recipients in a city 33.8% White' statement is not from this page."
https://www.cmu.edu/news/stories/archives/2021/august/citizens-assembly-algorithm.html,cmu.edu,CMU News | Carnegie Mellon University,3,COVID-19 School Closures and Reopenings,Participation instance | Comparable case | Timeline entry,0,#/case/covid-schools/chain/schools-legitimacy/S1/p/1 | #/case/covid-schools/spine/pr/0 | #/case/covid-schools/timeline,200,yes,partial,VERIFIED,"CMU News, Aug 13, 2021. 30 Michiganders convened fall 2020; 'crafted 12 recommendations and offered them to local, state and national policymakers' verbatim; algorithm fairness/representativeness supported. The page does not describe the recommendations' topics (public health, economic support, community equity)."
https://www.cnbc.com/2021/05/19/students-protest-mandatory-covid-vaccinations-at-colleges.html,cnbc.com,CNBC,1,COVID-19 Vaccine Mandates,Timeline entry,0,#/case/covid-vaccines/timeline,200,yes,partial,VERIFIED,"Article confirms a growing number of colleges mandating vaccines for fall 2021, student rallies/protests and threats of lawsuits. It does not mention the EUA/full-FDA-approval legal argument; a student calls the vaccines 'experimental'. No quote field to check."
https://www.cnbc.com/2021/09/23/facebook-exec-will-testify-at-senate-hearing-after-report-finds-instagram-harms-teen-mental-health.html,cnbc.com,CNBC,1,Youth Mental Health & Addiction on Meta Platforms,Timeline entry,0,#/case/meta-youth/timeline,200,yes,partial,VERIFIED,"Confirms Antigone Davis (global head of safety) would testify before the Senate Commerce consumer-protection subcommittee on Sept 30. Article does not name Blumenthal, the hearing title 'Protecting Kids Online...', or call her the first executive compelled on teen mental health; those details come from elsewhere but are accurate."
https://www.commerce.senate.gov/wp-content/uploads/media/doc/Frances%20Haugen%20Written%20Testimony.pdf,commerce.senate.gov,Written Testimony,1,Youth Mental Health & Addiction on Meta Platforms,Timeline entry,0,#/case/meta-youth/timeline,200,yes,yes,VERIFIED,"Frances Haugen written testimony, Senate Commerce subcommittee, Oct 4 2021. Supports: problems confirmed by Facebook's internal research; harm to teenage girls; amplifies division/extremism; 'Facebook chooses profit over safety every day'; 'Only Facebook knows how it personalizes your feed... As long as Facebook is operating in the dark, it is accountable to no one.' The 60 Minutes reveal is background not on this document."
https://www.commonwealthfund.org/blog/2022/two-years-covid-vaccines-prevented-millions-deaths-hospitalizations,commonwealthfund.org,Commonwealth Fund,2,COVID-19 Vaccine Mandates,Evidence | Impact evidence,1,#/case/covid-vaccines/chain/vax-total/V3 | #/case/covid-vaccines/spine/i/0,200,yes,yes,VERIFIED,"Commonwealth Fund blog, 13 Dec 2022. Page: 'From December 2020 through November 2022, we estimate that the COVID-19 vaccination program in the U.S. prevented more than 18.5 million additional hospitalizations and 3.2 million additional deaths.' and 'The vaccination program also saved the U.S. $1.15 trillion (Credible Interval: $1.10 trillion-$1.19 trillion) in medical costs'. Bracketed ellipses in the quote reorder fragments but each fragment is verbatim; ~120 million infections also on page."
https://www.comscore.com/Insights/Press-Releases/2007/07/Teenagers-and-Adults-Flood-Facebook,comscore.com,Comscore,1,Youth Mental Health & Addiction on Meta Platforms,Timeline entry,0,#/case/meta-youth/timeline,200,yes,yes,VERIFIED,"Comscore release 5 July 2007: 12-17 segment +149% (1.628M to 4.060M, May 2006-May 2007), pages viewed +143%, 186 minutes per visitor. All figures match."
https://www.deq.nc.gov/news/key-issues/genx-investigation,deq.nc.gov,NC DEQ,1,GenX Contamination in the Cape Fear River,Timeline entry,0,#/case/genx-pfas/timeline,200,yes,partial,VERIFIED,"NC DEQ GenX Investigation page. States DEQ and DHHS began investigating GenX in the Cape Fear River in June 2017 and that the Chemours Fayetteville facility was identified as the producer. Page does not itself say the investigation followed public/news reporting (that is documented elsewhere, e.g., StarNews June 7 2017); the 'public pressure central' framing is the tool's interpretation."
https://www.deq.nc.gov/news/press-releases/2020/08/13/deq-orders-additional-pfas-reductions-chemours,deq.nc.gov,NC DEQ,1,GenX Contamination in the Cape Fear River,Evidence,1,#/case/genx-pfas/chain/pfas-harm/R4,200,yes,yes,VERIFIED,"NC DEQ press release Aug 13 2020. Quote appears verbatim; page also confirms four seeps, 30-day public comment, $150,000 then $20,000 per week for barrier wall delay."
https://www.edweek.org/leadership/map-coronavirus-and-school-closures-in-2019-2020/2020/03,edweek.org,Education Week,3,COVID-19 School Closures and Reopenings,Timeline entry,0,#/case/covid-schools/timeline,200,yes,yes,VERIFIED,"Education Week map page confirms 55.1M students/124,000 schools, tracking Mar 6-May 15, school/district data Mar 9-25, nearly every state closed through year-end."
https://www.epa.gov/archive/epapages/newsroom_archive/newsreleases/fdcb2f665cac66bb852570d7005d6665.html,epa.gov,EPA newsroom archive | US Environmental Protection Agency | EWG EPA Timeline,4,GenX Contamination in the Cape Fear River,Evidence | Mechanism that should have worked | Proposal chain counter-evidence | Timeline entry,1,#/case/genx-pfas/chain/pfas-harm/D1 | #/case/genx-pfas/spine/m/0 | #/case/genx-pfas/spine/pr/0/l/1 | #/case/genx-pfas/timeline,200,yes,partial,VERIFIED,"EPA news release 12/14/2005. Quote verbatim; $6.25M SEPs, eight counts, seven TSCA 8(e) counts, information from 1981 confirmed. Not on this page: the Science Advisory Board 'likely human carcinogen' draft finding and the 'no enforceable limits on continued production' statement (the latter is an inference from silence). Label 'EWG EPA Timeline' is a mislabel for one citation; the page is an EPA release."
https://www.epa.gov/dwreginfo/public-notification-rule,epa.gov,US Environmental Protection Agency,5,GenX Contamination in the Cape Fear River,Mechanism that should have worked | Proposal chain evidence | Proposal chain counter-evidence | Comparable case,0,#/case/genx-pfas/spine/m/4 | #/case/genx-pfas/spine/pr/2/l/0 | #/case/genx-pfas/spine/pr/3/l/0 | #/case/genx-pfas/spine/pr/3,200,yes,partial,VERIFIED,"Page confirms 24-hour notice for the most serious violations and that the rule applies to regulated contaminants. The page does not support 'applied nationwide since 1998'; it says the PN Rule was revised in 2000 (Federal Register May 4, 2000). The 'no jurisdiction has a detection-triggered notice law' statements are the tool's own search-based claims, not sourced from this page."
https://www.epa.gov/sites/default/files/2015-09/documents/teitelbaum.pdf,epa.gov,US Environmental Protection Agency,1,GenX Contamination in the Cape Fear River,Comparable case,0,#/case/genx-pfas/spine/pr/2,200,yes,yes,VERIFIED,"EPA paper 'The Toxics Release Inventory (TRI) and Emissions Reduction Measures' (Teitelbaum, Mesler, Keenan). States 'On-site air releases of TRI-reportable chemicals have decreased by 52%, or 838 million pounds, from 2003 to 2013.' The 21%/32% since-2014 figures come from the companion URL (TRI National Analysis)."
https://www.epa.gov/sites/default/files/2020-05/documents/_epaoig_20200528-20-e-0177_0.pdf,epa.gov,EPA Office of Inspector General | US Environmental Protection Agency | EPA OIG,6,GenX Contamination in the Cape Fear River,Evidence | Mechanism that should have worked | Proposal chain counter-evidence | Timeline entry,1,#/case/genx-pfas/chain/pfas-harm/D2 | #/case/genx-pfas/spine/m/1 | #/case/genx-pfas/spine/pr/6/l/1 | #/case/genx-pfas/timeline,200,yes,yes,VERIFIED,"EPA OIG Report 20-E-0177 (May 28, 2020). Quote on June 28-29, 2017 first on-site TSCA inspection appears verbatim. 99% recover/capture requirement of the 2009 5(e) order confirmed. Inspection was requested by EPA HQ after local media reports (supports media-trigger claim). Chemours transfer of rights in 2015 is mentioned, but the report does not itself argue the spin-off made oversight harder; that timeline claim is an inference."
https://www.epa.gov/system/files/documents/2023-03/GenX-Tox-Assessment-technical-factsheet-March-2023-Update.pdf,epa.gov,US Environmental Protection Agency,1,GenX Contamination in the Cape Fear River,Impact counter-evidence,1,#/case/genx-pfas/spine/i/2,200,yes,partial,VERIFIED,EPA GenX toxicity assessment technical fact sheet (March 2023 update). Sentence 'The liver is the primary target organ for toxicity from oral exposure to HFPO dimer acid and its ammonium salt' present; assessment based on rat/mouse studies. The cohort cholesterol/HDL statements refer to a different source (not this fact sheet).
https://www.epa.gov/toxics-release-inventory-tri-program/addition-certain-pfas-tri-national-defense-authorization-act,epa.gov,US Environmental Protection Agency,1,GenX Contamination in the Cape Fear River,Mechanism that should have worked,0,#/case/genx-pfas/spine/m/5,200,yes,yes,VERIFIED,EPA TRI page: Section 7321 of the FY2020 NDAA (signed Dec 20 2019) immediately added certain PFAS to the TRI list. Supports the December 2019 listing date; the remaining EPCRA/TRI description is general and accurate.
https://www.epa.gov/trinationalanalysis/releases-chemicals,epa.gov,US Environmental Protection Agency,1,GenX Contamination in the Cape Fear River,Comparable case,0,#/case/genx-pfas/spine/pr/2,200,yes,yes,VERIFIED,"2023 TRI National Analysis 'Releases of Chemicals' page: 'Releases have decreased 21% compared to 2014, with a 32% decrease in air emissions.' The 52%/838M lb 2003-2013 figure comes from the companion Teitelbaum PDF. Note: page is a living page updated each analysis year, so numbers may drift."
https://www.eurekalert.org/news-releases/829673,eurekalert.org,Petersen et al. 2021,1,COVID-19 Vaccine Mandates,Proposal chain evidence,1,#/case/covid-vaccines/spine/pr/0/l/0,200,yes,yes,VERIFIED,"EurekAlert/Aarhus University release, 8 Jul 2021, 'Why we need to talk openly about vaccine side effects' on Petersen et al. Quote verbatim; 13,000 Danish/American participants and vague-communication findings present."
https://www.eurosurveillance.org/content/10.2807/1560-7917.ES.2018.23.17.18-00048,eurosurveillance.org,Lévy-Bruhl et al. 2018,1,COVID-19 Vaccine Mandates,Comparable case,0,#/case/covid-vaccines/spine/pr/1,200,yes,yes,VERIFIED,"Levy-Bruhl, Desenclos, Quelet, Bourdillon, Eurosurveillance 2018: 'Extension of French vaccination mandates: from the recommendation of the Steering Committee of the Citizen Consultation on Vaccination to the law.' Confirms 2016 consultation and law extending mandates 3 to 11 (passed Dec 2017, effective 2018). Ward et al. 2022 point is attributed to a different source in the finding."
https://www.ewg.org/news-insights/news-release/epa-finds-dupont-guilty-withholding-teflon-blood-and-water-pollution,ewg.org,EWG,1,GenX Contamination in the Cape Fear River,Timeline entry,0,#/case/genx-pfas/timeline,200,yes,partial,VERIFIED,"EWG release 15 July 2004 confirms DuPont found PFOA in local drinking water, kept studies secret from communities and government, and found the chemical in workers' babies' blood. Page does not use the phrase 'personal and confidential' nor specify 'both sides of the Ohio River'."
https://www.faasafety.gov/files/events/EA/EA23/2010/EA2334954/NASA_Reporting.pdf,faasafety.gov,US Federal Aviation Administration,1,GenX Contamination in the Cape Fear River,Comparable case,0,#/case/genx-pfas/spine/pr/0,200,yes,yes,VERIFIED,"NASA ASRS Pub. 60 on confidential incident reporting hosted on faasafety.gov (label 'US FAA' is the host; the author is NASA ASRS). Confirms 500,000th report milestone (intake >558,000), approximately 4,000 alerting messages, and limited immunity from disciplinary action for reporters. 'No one has measured the effect' is the tool's assessment."
https://www.fda.gov/news-events/press-announcements/fda-approves-first-covid-19-vaccine,fda.gov,FDA,1,COVID-19 Vaccine Mandates,Timeline entry,0,#/case/covid-vaccines/timeline,200,yes,yes,VERIFIED,"FDA press release, Aug 23 2021. Page states approval for individuals 16 years of age and older, evaluation of post-authorization myocarditis/pericarditis surveillance data, and that FDA is requiring postmarketing studies to further assess myocarditis/pericarditis risks."
https://www.federalregister.gov/documents/2021/11/05/2021-23643/covid-19-vaccination-and-testing-emergency-temporary-standard,federalregister.gov,Federal Register,2,COVID-19 Vaccine Mandates,Mechanism that should have worked | Timeline entry,0,#/case/covid-vaccines/spine/m/2 | #/case/covid-vaccines/timeline,200,yes,yes,VERIFIED,"OSHA ETS published and effective Nov 5 2021, comments due Dec 6 2021, 122,485 comments shown, 100+ employee threshold confirmed. SCOTUS stay (Jan 2022) is from other sources."
https://www.federalregister.gov/documents/2026/05/20/2026-10085/rescission-of-regulatory-determinations-and-removal-of-related-provisions-for-four-pfas-substances,federalregister.gov,Federal Register 2026-10085 | Federal Register,3,GenX Contamination in the Cape Fear River,Evidence | Impact evidence | Proposal chain counter-evidence,1,#/case/genx-pfas/chain/pfas-harm/R6 | #/case/genx-pfas/spine/i/5 | #/case/genx-pfas/spine/pr/5/l/2,200,yes,partial,VERIFIED,"EPA proposed rule, May 20, 2026; quote verbatim; PFHxS, PFNA, HFPO-DA and Hazard Index; comments due July 20, 2026; removes 10 ppt HFPO-DA MCL. The impact-evidence claim that the government 'rescinded' the determinations overstates: it is a proposed rescission (the other two claims say 'proposed' correctly). NC HB 569 vote is from another source."
https://www.foxnews.com/media/facebook-targeting-children-parents-trust-social-media,foxnews.com,Fox News,1,Youth Mental Health & Addiction on Meta Platforms,Timeline entry,0,#/case/meta-youth/timeline,200,yes,yes,VERIFIED,"Fox News, 30 Sept 2021, 'Parents slam Facebook for targeting children'. Covers tweens as 'untapped audience', addiction concerns, and exposure to harmful content."
https://www.frontiersin.org/journals/public-health/articles/10.3389/fpubh.2022.1087087/full,frontiersin.org,Buonanno et al. 2022,2,COVID-19 School Closures and Reopenings,Proposal chain evidence | Comparable case,1,#/case/covid-schools/spine/pr/1/l/1 | #/case/covid-schools/spine/pr/1,200,yes,yes,VERIFIED,"Buonanno, Ricolfi, Morawska & Stabile 2022, 'Increasing ventilation reduces SARS-CoV-2 airborne transmission in schools: A retrospective cohort study in Italy's Marche region', Frontiers in Public Health. 205,347 students, 10,441 classrooms, 316 mechanically ventilated classrooms confirmed; quote appears verbatim as the tail of the sentence 'For classrooms equipped with mechanical ventilation systems, the relative risk of infection of students decreased at least by 74% compared with a classroom with only natural ventilation'."
https://www.ftc.gov/news-events/news/press-releases/2023/05/ftc-proposes-blanket-prohibition-preventing-facebook-monetizing-youth-data,ftc.gov,FTC,1,Youth Mental Health & Addiction on Meta Platforms,Timeline entry,0,#/case/meta-youth/timeline,200,yes,yes,VERIFIED,FTC press release May 2023. Page states Meta would be prohibited from monetizing minors' data and from releasing new or modified products/features without written confirmation from the assessor that its privacy program is in full compliance.
https://www.ftc.gov/system/files/ftc_gov/pdf/coppa_sbp_1.16_0.pdf,ftc.gov,FTC Final Rule,1,Youth Mental Health & Addiction on Meta Platforms,Timeline entry,0,#/case/meta-youth/timeline,200,yes,yes,VERIFIED,"Document is the FTC's final COPPA Rule amendments (Jan 2025 Federal Register text). Final rule adopts separate consent for third-party disclosure/targeted advertising, written data retention policy, written information security program, and Safe Harbor transparency; the FTC did not finalize the proposed push-notification/engagement restriction (confirmed via FTC Jan 2025 press release and law-firm summaries; the PDF is too long for full fetch-side text extraction)."
https://www.gao.gov/products/gao-10-722,gao.gov,US Government Accountability Office,3,GenX Contamination in the Cape Fear River,Mechanism that should have worked | Proposal chain counter-evidence | Comparable case,1,#/case/genx-pfas/spine/m/6 | #/case/genx-pfas/spine/pr/0/l/0 | #/case/genx-pfas/spine/pr/0,200,yes,yes,VERIFIED,"GAO-10-722, Aug 17, 2010. Quote verbatim; regional variation in screening standards and lack of mechanisms to monitor/measure confirmed. Absence of OSHA PFOA/GenX exposure limits is from other sources."
https://www.gao.gov/products/gao-22-104457,gao.gov,US Government Accountability Office,1,COVID-19 Vaccine Mandates,Proposal chain evidence,0,#/case/covid-vaccines/spine/pr/3/l/0,200,yes,yes,VERIFIED,GAO-22-104457 (Nov 4 2021): state and local officials 'had little to no information about how the federal doses were allocated'; GAO recommends CDC and HRSA obtain feedback from key stakeholders including state and local health officials in their program reviews.
https://www.gao.gov/products/t-rced-93-1,gao.gov,US Government Accountability Office,4,GenX Contamination in the Cape Fear River,Comparable case | Proposal chain evidence | Proposal chain counter-evidence,0,#/case/genx-pfas/spine/pr/4 | #/case/genx-pfas/spine/pr/5/l/0 | #/case/genx-pfas/spine/pr/5,200,yes,yes,VERIFIED,"GAO T-RCED-93-1 (Nov 10, 1992), 'EPA's Superfund TAG Program: Grants Benefit Citizens But Administrative Barriers Remain'. Confirms 9 percent of ~1,150 eligible communities, grants used mainly to hire technical advisors and keep residents informed, 'lengthy and labor-intensive application process'. NC Collaboratory and Flint statements come from other sources."
https://www.govinfo.gov/content/pkg/DCPD-202100073/pdf/DCPD-202100073.pdf,govinfo.gov,GovInfo,1,COVID-19 School Closures and Reopenings,Timeline entry,0,#/case/covid-schools/timeline,200,yes,yes,VERIFIED,"Executive Order 14000, Jan 21 2021, 'Supporting the Reopening and Continuing Operation of Schools and Early Childhood Education Providers'. The 'without fully nationalizing school governance' is interpretive gloss but consistent with the order's guidance/support role."
https://www.govinfo.gov/content/pkg/DCPD-202100733/pdf/DCPD-202100733.pdf,govinfo.gov,GovInfo,1,COVID-19 Vaccine Mandates,Timeline entry,0,#/case/covid-vaccines/timeline,200,yes,yes,VERIFIED,"Executive Order 14043, Sept 9 2021: 'Each agency shall implement, to the extent consistent with applicable law, a program to require COVID-19 vaccination for all of its Federal employees, with exceptions only as required by law.'"
https://www.healio.com/news/infectious-disease/20210917/fda-committee-votes-against-blanket-recommendation-for-covid19-vaccine-boosters,healio.com,Healio,1,COVID-19 Vaccine Mandates,Mechanism that should have worked,0,#/case/covid-vaccines/spine/m/1,200,yes,yes,VERIFIED,"Healio 17 Sept 2021: VRBPAC voted 16-2 against boosters for 16+, then unanimously (18-0) for 65+ and high-risk. Later FDA/CDC steps are attributed in the finding to other sources."
https://www.healthcaredive.com/news/hhs-will-send-250m-in-grants-for-vaccine-equity-push/596372/,healthcaredive.com,Healthcare Dive,2,COVID-19 Vaccine Mandates,Participation instance | Timeline entry,0,#/case/covid-vaccines/chain/vax-fair/F3/p/0 | #/case/covid-vaccines/timeline,200,yes,partial,VERIFIED,"Healthcare Dive, Shannon Muchmore, Mar 9 2021. Supports the $250M health-literacy grants to localities (30 urban + 42 rural = 72 projects; claim says 73). The $323M, $500M, $2.25B and $29M items are not on this page and come from other sources in the composite claim."
https://www.healthsystemtracker.org/brief/covid19-and-other-leading-causes-of-death-in-the-us/,healthsystemtracker.org,Peterson-KFF Health System Tracker,2,COVID-19 Vaccine Mandates,Evidence | Impact evidence,1,#/case/covid-vaccines/chain/vax-total/V3 | #/case/covid-vaccines/spine/i/1,200,yes,yes,VERIFIED,"Peterson-KFF Health System Tracker, 'COVID-19 mortality preventable by vaccines', updated 21 Apr 2022. Quote appears verbatim (in the page summary/meta description); 86% -> 58% unvaccinated share, 25 jurisdictions and 66% of population all present."
https://www.hhs.gov/sites/default/files/black-history-month-2022-fact-sheet.pdf,hhs.gov,HHS fact sheet,3,COVID-19 Vaccine Mandates,Evidence | Participation instance | Timeline entry,1,#/case/covid-vaccines/chain/vax-fair/F3 | #/case/covid-vaccines/chain/vax-fair/F3/p/0 | #/case/covid-vaccines/timeline,200,yes,yes,VERIFIED,"HHS Black History Month 2022 fact sheet. Both quoted sentences verbatim; $323M/150 CBOs, $250M/73 local governments, $300M and $200M CHW awards, $2.25B disparities, $29M vaccine confidence research all confirmed. The JAMA Network Open FQHC 61.4% figure is not on this page (attributed to a separate study in the finding)."
https://www.hhs.gov/surgeongeneral/reports-and-publications/youth-mental-health/social-media/index.html,hhs.gov,HHS,1,Youth Mental Health & Addiction on Meta Platforms,Timeline entry,0,#/case/meta-youth/timeline,200,yes,yes,VERIFIED,"Surgeon General's Advisory on Social Media and Youth Mental Health (issued May 2023). Page states social media presents meaningful risk of harm while also providing benefits, 'we cannot conclude that social media is sufficiently safe for children and adolescents', calls on companies to share data with independent researchers, and recommends immediate precautionary action. 'Metastudy' is a loose description of an advisory reviewing the evidence."
https://www.iarc.who.int/news-events/iarc-monographs-evaluate-the-carcinogenicity-of-perfluorooctanoic-acid-pfoa-and-perfluorooctanesulfonic-acid-pfos,iarc.who.int,International Agency for Research on Cancer,1,GenX Contamination in the Cape Fear River,Impact evidence,1,#/case/genx-pfas/spine/i/2,200,yes,partial,VERIFIED,"IARC news release 1 Dec 2023; PFOA Group 1, quote verbatim. C8 Science Panel / 69,000 residents portion of the finding is not on this page but is attributed to other sources in the finding."
https://www.jakobsvensson.com/uploads/9/9/1/0/99107788/124-2-735.pdf,jakobsvensson.com,Björkman and Svensson 2009,1,COVID-19 Vaccine Mandates,Comparable case,0,#/case/covid-vaccines/spine/pr/2,200,yes,yes,VERIFIED,"Bjorkman & Svensson, QJE 2009, 'Power to the People'. PDF confirms 33% under-5 mortality reduction, ~550 averted deaths, 20% higher utilization, 0.14 SD weight-for-age."
https://www.johnlocke.org/research/genx-early-responses-to-unregulated-contaminants-in-the-cape-fear-river/,johnlocke.org,John Locke Foundation,1,GenX Contamination in the Cape Fear River,Evidence,1,#/case/genx-pfas/chain/pfas-harm/D2,200,yes,yes,VERIFIED,"Jon Sanders, John Locke Foundation, Oct 17 2018. Shiver quote (originally from StarNews) appears verbatim; Shiver identified as retired DEQ surface water regional supervisor."
https://www.k12dive.com/news/nyc-uft-reopening-agreement-delays-school-start-boosts-safety/584532/,k12dive.com,K-12 Dive,3,COVID-19 School Closures and Reopenings,Participation instance | Mechanism that should have worked | Timeline entry,0,#/case/covid-schools/chain/schools-legitimacy/S2/p/1 | #/case/covid-schools/spine/m/3 | #/case/covid-schools/timeline,200,yes,yes,VERIFIED,"K-12 Dive, Roger Riddell, Sept 2 2020. Confirms Sept 21 delay, 55-item checklist, 10-20% monthly random testing, 3% closure trigger, strike averted. Detroit and 75,000-teacher details are attributed to other sources in the composite claims."
https://www.kff.org/covid-19/kff-covid-19-vaccine-monitor-access-information-experiences-hispanic-adults/,kff.org,KFF Vaccine Monitor,1,COVID-19 Vaccine Mandates,Evidence,1,#/case/covid-vaccines/chain/vax-fair/F1,200,yes,yes,VERIFIED,"KFF, May 13 2021. Both quoted fragments verbatim (page: 'Among unvaccinated Hispanic adults, nearly two-thirds (64%) are concerned about missing work due to side effects' ... 'nearly half are concerned they won't be able to get the vaccine from a place they trust (49%)'); 52%, 35%, 63%, 54% all present."
https://www.kff.org/covid-19/kff-covid-19-vaccine-monitor-october-2021,kff.org,KFF,1,COVID-19 Vaccine Mandates,Timeline entry,0,#/case/covid-vaccines/timeline,200,yes,yes,VERIFIED,"KFF Vaccine Monitor Oct 28 2021: 25% employer-required, 50% do not want requirement, 90% of unvaccinated workers oppose, race/party splits on vaccine-or-test rule all confirmed."
https://www.kff.org/covid-19/kff-health-tracking-poll-july-2020,kff.org,KFF,2,COVID-19 School Closures and Reopenings,Mechanism that should have worked | Timeline entry,0,#/case/covid-schools/spine/m/2 | #/case/covid-schools/timeline,200,yes,yes,VERIFIED,"KFF Health Tracking Poll July 2020 (Jul 27, 2020). Page states 60% of parents prefer reopening later vs 34% sooner; heightened worry among parents of color (91% vs 55% worried about illness; 49% vs 17% on technology access; 76% vs 51% prefer later). Both claims supported."
https://www.kff.org/covid-19/latest-data-on-covid-19-vaccinations-by-race-ethnicity/,kff.org,KFF,1,COVID-19 Vaccine Mandates,Evidence,1,#/case/covid-vaccines/chain/vax-fair/F1,200,yes,yes,VERIFIED,"KFF, July 14 2022. Quote verbatim; Hispanic 25% / 13-point gap also present."
https://www.kff.org/health-information-trust/kff-tracking-poll-on-health-information-and-trust-vaccine-safety-and-trust/,kff.org,KFF Tracking Poll April 2025,1,COVID-19 Vaccine Mandates,Evidence,1,#/case/covid-vaccines/chain/vax-total/V5,200,yes,yes,VERIFIED,"KFF tracking poll (fielded April 2025, published May 6 2025). Quote verbatim; 59% CDC trust, Democrats 70% v. 88% in 2023, Republicans 51% up from 40% all present."
https://www.knoca.eu/briefings/policy-impact-of-the-french-citizens-convention-for-the-climate-untangling-the-fate-of-the-citizens-recommendations,knoca.eu,Knowledge Network on Climate Assemblies,3,COVID-19 School Closures and Reopenings | COVID-19 Vaccine Mandates,Proposal chain counter-evidence | Comparable case,0,#/case/covid-schools/spine/pr/0/l/1 | #/case/covid-schools/spine/pr/0 | #/case/covid-vaccines/spine/pr/1,200,yes,partial,VERIFIED,"KNOCA briefing (Averchenkova, Koehl, Smith, 2025). Landing page confirms 20% implemented, 51% modified, selectivity toward incentives and detailed recommendations. The 146/149 'without filter' promise, ~40% in the parliamentary bill, and 3.3/10 member rating are not on the landing page (likely in the full briefing PDF or other sources)."
https://www.markey.senate.gov/news/press-releases/senators-markey-sasse-blunt-schatz-collins-bennet-and-reps-raskin-gonzalez-trahan-reintroduce-bipartisan-bicameral-legislation-to-study-impact-of-technology-and-media-on-children,markey.senate.gov,Senate,1,Youth Mental Health & Addiction on Meta Platforms,Timeline entry,0,#/case/meta-youth/timeline,200,yes,partial,VERIFIED,"Markey press release, July 14 2021, reintroducing the CAMRA Act; authorizes $15M/yr FY2022-24 and $25M/yr FY2025-26 for NIH research on cognitive, physical and socio-emotional development. Page confirms the 2021 reintroduction but does not itself give the 2018/2019 introduction dates or the 2023 omnibus enactment (both accurate but sourced elsewhere)."
https://www.mdpi.com/1660-4601/16/18/3268,mdpi.com,Seto et al. 2019,1,GenX Contamination in the Cape Fear River,Proposal chain evidence,1,#/case/genx-pfas/spine/pr/1/l/1,200,yes,yes,VERIFIED,"Seto et al. 2019, IJERPH 16(18):3268. Quote appears verbatim; 116 government-monitor episodes and 1426 community-sensor episodes confirmed."
https://www.mdpi.com/2076-328X/12/6/170,mdpi.com,Behavioral Sciences 12(6):170,1,COVID-19 Vaccine Mandates,Evidence,1,#/case/covid-vaccines/chain/vax-total/V2,200,yes,yes,VERIFIED,"Badman et al. 2022, Behavioral Sciences 12(6):170. Both quoted fragments appear verbatim in the abstract (joined by 'while' where the tool used [...]). 12 countries, N=3,369, rationale/feedback/uncertainty transparency types confirmed."
https://www.michigan.gov/-/media/Project/Websites/mde/2020/07/15/Item_IIIA1_PPT_Introduction_Dr_Rice.pdf?rev=3afe168a69d94ad59db08bbf4c893965,michigan.gov,Michigan.gov,1,COVID-19 School Closures and Reopenings,Timeline entry,0,#/case/covid-schools/timeline,200,yes,partial,VERIFIED,"Michigan State Board of Education presentation (Dr. Rice, June 2020 update). Confirms the council's creation, 25 appointees on June 3 representing students, parents, frontline educators, administrators and public health officials, and its charge to recommend a roadmap. The document predates the Return to School Roadmap (June 30 2020) so does not name it; 'first formal structured public-input body' and the commentary about how policymakers responded are the tool's characterization, not on the page."
https://www.michigan.gov/egle/about/organization/drinking-water-and-environmental-health/community-water-supply/pfas-drinking-water-rules,michigan.gov,"Michigan Department of Environment, Great Lakes, and Energy",2,GenX Contamination in the Cape Fear River,Proposal chain evidence | Comparable case,0,#/case/genx-pfas/spine/pr/5/l/1 | #/case/genx-pfas/spine/pr/5,200,yes,yes,VERIFIED,"Page: 'The final rules took effect of August 3, 2020... establishing maximum contaminant levels (MCLs) and sampling requirements for seven PFAS compounds.' Woburn sentence in the same claim comes from another source, not this page."
https://www.michigan.gov/whitmer/news/press-releases/2020/06/03/governor-whitmer-appoints-educators-parents-students-to-covid-19-return-to-school-advisory-council,michigan.gov,Michigan Executive Office,1,COVID-19 School Closures and Reopenings,Participation instance,0,#/case/covid-schools/chain/schools-legitimacy/S1/p/0,200,yes,yes,VERIFIED,June 3 2020 press release: EO 2020-88 signed May 15 2020; 25 appointees; page contains verbatim 'The Council will act in an advisory capacity to the Governor and the COVID-19 Task Force on Education'.
https://www.naag.org/press-releases/attorneys-general-urge-facebook-to-abandon-launch-of-instagram-kids/,naag.org,NAAG,1,Youth Mental Health & Addiction on Meta Platforms,Timeline entry,0,#/case/meta-youth/timeline,200,yes,partial,VERIFIED,NAAG 10 May 2021 confirms 44 bipartisan AGs wrote Zuckerberg urging abandonment of Instagram Kids citing well-being/mental health. The '90+ advocacy groups' element is not on this page (that was a separate April 2021 Fairplay-led letter).
https://www.nationalcivicleague.org/ncr-article/deliberative-polling-and-the-rise-of-wind-power-in-texas/,nationalcivicleague.org,National Civic League,2,COVID-19 School Closures and Reopenings,Proposal chain counter-evidence | Comparable case,0,#/case/covid-schools/spine/pr/1/l/0 | #/case/covid-schools/spine/pr/1,200,yes,yes,VERIFIED,"National Civic Review article by Mike McGrath, Apr 21, 2020. Supports eight Texas utilities running deliberative polls, willingness to pay for renewables, 1999 law requiring ~3% renewable supply, Texas as largest US wind generator."
https://www.nationsreportcard.gov/highlights/ltt/2022,nationsreportcard.gov,National Assessment of Educational Progress | NAEP,2,COVID-19 School Closures and Reopenings,Impact evidence | Timeline entry,0,#/case/covid-schools/spine/i/3 | #/case/covid-schools/timeline,200,yes,yes,VERIFIED,"NAEP LTT 2022: age 9 reading -5, mathematics -7 (2020-2022); 'largest average score decline in reading since 1990, and the first ever score decline in mathematics.' The 'sharpened criticism' sentence is interpretive."
https://www.nationsreportcard.gov/highlights/ltt/2022/,nationsreportcard.gov,NAEP Long-Term Trend 2022,1,COVID-19 School Closures and Reopenings,Evidence,1,#/case/covid-schools/chain/schools-legitimacy/S8,200,yes,yes,VERIFIED,Both quoted sentences appear verbatim in the opening paragraph of the NAEP 2022 Long-Term Trend highlights page.
https://www.nature.com/articles/s41591-021-01661-7,nature.com,Ward et al. 2022,2,COVID-19 Vaccine Mandates,Proposal chain evidence | Proposal chain counter-evidence,2,#/case/covid-vaccines/spine/pr/1/l/2,200,yes,yes,VERIFIED,"Ward et al. 2022, 'The French health pass holds lessons for mandatory COVID-19 vaccination', Nature Medicine 28:232-235. Both quotes verbatim; health pass announced 12 July 2021; elderly/poorest/marginalized lag and 'As of 12 October 2021, only 86% of over-80 year olds had been fully vaccinated' confirmed."
https://www.nature.com/articles/s41598-021-00256-z,nature.com,Albarracin et al. 2021,1,COVID-19 Vaccine Mandates,Proposal chain counter-evidence,1,#/case/covid-vaccines/spine/pr/1/l/1,200,yes,yes,VERIFIED,"Albarracin et al. 2021, Scientific Reports. Abstract: 'In the four studies, compared to free choice, requirements strengthened vaccination intentions across racial and ethnic groups, across studies, and across levels of trait psychological reactance.' Quote is an exact sub-sentence (only capitalization of the first word differs). Study 4 N=606, preregistered."
https://www.nbcnews.com/politics/white-house/federal-vaccination-data-show-mixed-record-equity-n1276833,nbcnews.com,NBC News analysis,1,COVID-19 Vaccine Mandates,Counter-evidence,1,#/case/covid-vaccines/chain/vax-fair/F3,200,yes,yes,VERIFIED,"NBC News, Jonathan Allen, 2021. Newark 16.8% / 11% non-Hispanic white, Cleveland ~3 of 4 doses to whites in a 33.8%-white city, and 81.4% demographic coverage all appear on the page; quote verbatim."
https://www.nber.org/papers/w12882,nber.org,"Dyck, Morse and Zingales 2007",1,GenX Contamination in the Cape Fear River,Proposal chain evidence,1,#/case/genx-pfas/spine/pr/0/l/0,200,yes,yes,VERIFIED,"Dyck, Morse & Zingales 2007, NBER w12882 'Who Blows the Whistle on Corporate Fraud?'. Quote verbatim in abstract."
https://www.nber.org/papers/w14123,nber.org,Olken 2008,1,COVID-19 School Closures and Reopenings,Proposal chain evidence,1,#/case/covid-schools/spine/pr/0/l/1,200,yes,yes,VERIFIED,"Olken 2008, NBER w14123. Quote verbatim in abstract; 48 villages confirmed."
https://www.nber.org/papers/w16695,nber.org,Graff Zivin et al. 2011,1,GenX Contamination in the Cape Fear River,Proposal chain evidence,1,#/case/genx-pfas/spine/pr/2/l/1,200,yes,partial,VERIFIED,"Graff Zivin, Neidell & Schlenker 2011, NBER w16695. Bottled-water quote verbatim in abstract. The 'industrial plant openings cut nearby housing values 11 percent' sentence is not from this paper (it is Currie et al.), but it is not attributed to this page's quote."
https://www.nber.org/papers/w22323,nber.org,Alsan and Wanamaker 2016,1,COVID-19 School Closures and Reopenings,Proposal chain evidence,1,#/case/covid-schools/spine/pr/4/l/2,200,yes,yes,VERIFIED,"Alsan & Wanamaker 2016, NBER w22323 'Tuskegee and the Health of Black Men'. Quote verbatim in abstract."
https://www.nber.org/papers/w25941,nber.org,Hjort et al. 2021,1,COVID-19 School Closures and Reopenings,Proposal chain evidence,0,#/case/covid-schools/spine/pr/1/l/2,200,yes,yes,VERIFIED,"Hjort, Moreira, Rao & Santini, NBER w25941 (working paper dated 2019; published AER 2021, so the label year is acceptable). Abstract: 2,150 municipalities; informing mayors about reminder-letter policy 'increases the probability that their municipality implements the policy by 10 percentage points'."
https://www.nber.org/papers/w29156,nber.org,"Dee, Huffaker, Phillips & Sagara, NBER w29156 | Dee et al. 2021",4,COVID-19 School Closures and Reopenings,Evidence | Impact evidence | Proposal chain evidence,3,#/case/covid-schools/chain/schools-legitimacy/S3 | #/case/covid-schools/spine/i/0 | #/case/covid-schools/spine/pr/1/l/3 | #/case/covid-schools/spine/pr/2/l/2,200,yes,yes,VERIFIED,"Dee, Huffaker, Phillips & Sagara 2021, NBER w29156, 'The Revealed Preferences for School Reopening'. Full quote present verbatim; 1.1 million K-12 students, kindergarten concentration, no consistent hybrid or middle/high-school effect all confirmed in abstract."
https://www.nber.org/papers/w29262,nber.org,Musaddiq et al. 2021,1,COVID-19 School Closures and Reopenings,Proposal chain evidence,0,#/case/covid-schools/spine/pr/4/l/2,200,yes,partial,VERIFIED,"Musaddiq, Stange, Bacher-Hicks & Goodman 2021, NBER w29262. Abstract supports that exit tracked instructional mode, but the finding is more nuanced than 'families left the districts that stayed remote': 'homeschooling increased more where schools provided in-person instruction while private schooling increased more where instruction was remote.'"
https://www.nber.org/papers/w30010,nber.org,"Goldhaber et al., NBER w30010 | Goldhaber et al. 2022",2,COVID-19 School Closures and Reopenings,Evidence | Impact evidence,1,#/case/covid-schools/chain/schools-legitimacy/S8 | #/case/covid-schools/spine/i/3,200,yes,yes,VERIFIED,"Goldhaber, Kane, McEachin, Morton, Patterson & Staiger 2022, 'The Consequences of Remote and Hybrid Instruction During the Pandemic', NBER WP 30010. Quote verbatim from abstract; 'remote instruction was a primary driver of widening achievement gaps' and 'Math gaps did not widen in areas that remained in-person' confirmed."
https://www.nber.org/papers/w30144,nber.org,"DellaVigna, Kim and Linos 2022",1,COVID-19 Vaccine Mandates,Proposal chain evidence,1,#/case/covid-vaccines/spine/pr/3/l/1,200,yes,yes,VERIFIED,"DellaVigna, Kim & Linos 2022, NBER w30144 'Bottlenecks for Evidence Adoption'. Quote verbatim; 67 departments, 73 RCTs, staff retention vs. limited impact of evidence strength confirmed."
https://www.ncleg.gov/BillLookup/2025/H569,ncleg.gov,NCGA HB 569,1,GenX Contamination in the Cape Fear River,Evidence,1,#/case/genx-pfas/chain/pfas-harm/R6,200,yes,yes,VERIFIED,"NCGA bill page for H569 'PFAS Pollution and Polluter Liability'. History shows passage 104-3 on May 7 2025 with amendment A1 adopted, and June 5 2025 Senate entries 'Withdrawn From Com' and 'Re-ref to Agriculture, Energy, and Environment. If fav, re-ref to Judiciary. If fav, re-ref to Rules and Operations of the Senate' (quote matches; page omits trailing period). No later action recorded."
https://www.northcarolinahealthnews.org/2017/08/17/genx-pollution-what-happened-when/,northcarolinahealthnews.org,NC Health News,1,GenX Contamination in the Cape Fear River,Evidence,1,#/case/genx-pfas/chain/pfas-harm/D3,200,yes,partial,VERIFIED,"NC Health News, Catherine Clabby, Aug 17 2017. Both quoted passages verbatim; McCrory May/June 2016 and non-publicizing claims supported. The November 2016 forwarding / UNCW professor / CFPUA detail in the finding is not on this page (it comes from the WECT article cited for the same node)."
https://www.npr.org/2020/07/08/888898194/trump-blasts-expensive-cdc-guidelines-for-reopening-schools,npr.org,NPR,1,COVID-19 School Closures and Reopenings,Timeline entry,0,#/case/covid-schools/timeline,200,yes,yes,VERIFIED,"NPR 8 July 2020 confirms Trump's 'impractical'/'expensive' criticism, Pence 'barrier' remark, Redfield 'rationale to keep schools closed' remark, and funding threat."
https://www.npr.org/2026/03/25/nx-s1-5746125/meta-youtube-social-media-trial-verdict,npr.org,NPR,1,Youth Mental Health & Addiction on Meta Platforms,Timeline entry,0,#/case/meta-youth/timeline,200,yes,yes,VERIFIED,"NPR 25 March 2026: jury found Meta and Google negligent, $6M ($3M compensatory + $3M punitive), first verdict treating social apps as defective products."
https://www.npr.org/local/309/2020/07/14/890756361/20-of-schools-lack-enough-local-school-council-members-to-vote-on-keeping-police,npr.org,WBEZ Chicago,2,COVID-19 School Closures and Reopenings,Proposal chain counter-evidence | Comparable case,1,#/case/covid-schools/spine/pr/4/l/0 | #/case/covid-schools/spine/pr/4,200,yes,partial,VERIFIED,"WBEZ (Sarah Karp), 14 Jul 2020, syndicated on npr.org. Quote appears verbatim. The 1,400 empty seats after 2022 elections detail comes from the Chalkbeat 2022 article, not this page."
https://www.npr.org/sections/coronavirus-live-updates/2020/07/10/889848834/nations-pediatricians-walk-back-support-for-in-person-school,npr.org,NPR,1,COVID-19 School Closures and Reopenings,Timeline entry,0,#/case/covid-schools/timeline,200,yes,yes,VERIFIED,"NPR 10 July 2020 confirms AAP's initial 'physically present' goal, revised statement that 'science and community circumstances must guide decision-making', local infection rates, educator safety, stakeholders, funding."
https://www.npr.org/sections/coronavirus-live-updates/2020/08/19/903927057/nyc-teacher-unions-prepared-to-strike-if-safety-demands-are-not-met,npr.org,NPR (UFT) | NPR,3,COVID-19 School Closures and Reopenings,Participation instance | Timeline entry,0,#/case/covid-schools/chain/schools-legitimacy/S2/p/0 | #/case/covid-schools/chain/schools-legitimacy/S2/p/1 | #/case/covid-schools/timeline,200,yes,partial,VERIFIED,"NPR, Anya Kamenetz, Aug 19 2020. Confirms 'prepared to go to court and/or go on strike if we need to', testing within 10 days, contact tracing, ventilation/PPE/staffing, ~75,000 teachers, Sept 10 opening. AFT July convention 'safety strikes' resolution and Detroit strike authorization are not in this article (composite claim cites them from elsewhere)."
https://www.npr.org/sections/health-shots/2022/01/07/1071449137/cdc-is-criticized-for-failing-to-communicate-promises-to-do-better,npr.org,NPR,1,COVID-19 Vaccine Mandates,Evidence,1,#/case/covid-vaccines/chain/vax-total/V1,200,yes,yes,VERIFIED,"NPR, Selena Simmons-Duffin, Jan 7 2022. Walensky quote verbatim; page states 'In 2021, under Biden, there were two' telebriefings and quotes Tom Frieden."
https://www.nytco.com/press/updating-our-covid-data-project/,nytco.com,NYT Co.,1,COVID-19 Vaccine Mandates,Participation instance,0,#/case/covid-vaccines/chain/vax-total/V1/p/0,blocked (proxy 403); verified via Editor & Publisher reprint,yes,yes,VERIFIED,"Direct fetch blocked by proxy. Full text reproduced at https://www.editorandpublisher.com/stories/the-new-york-times-updating-our-covid-data-project,242885 confirms 'reporting their data less frequently and less reliably', >1 billion views, 160+ people from 12 departments, 2021 Pulitzer for Public Service."
https://www.oecd.org/en/publications/innovative-citizen-participation-and-new-democratic-institutions_339306da-en/full-report/component-8.html,oecd.org,Organisation for Economic Co-operation and Development,1,COVID-19 School Closures and Reopenings,Proposal chain counter-evidence,0,#/case/covid-schools/spine/pr/0/l/0,200,yes,yes,VERIFIED,"OECD 2020 report, component 8. Confirms 'close to 300' processes and convening 'for at least one full day - and often much longer'. Irish/French durations are not attributed to OECD in the finding."
https://www.oig.dhs.gov/sites/default/files/assets/2022-09/OIG-22-74-Sep22.pdf,oig.dhs.gov,DHS OIG-22-74,1,COVID-19 Vaccine Mandates,Counter-evidence,1,#/case/covid-vaccines/chain/vax-fair/F3,200,yes,yes,VERIFIED,"DHS OIG-22-74, Sept 28 2022. Report states FEMA 'has neither finalized its equity guide nor developed a system to collect demographic data on applicants' and contains the quoted sentence verbatim."
https://www.open.edu/openlearn/science-maths-technology/achieving-public-dialogue/content-section-4,open.edu,Open University,1,COVID-19 School Closures and Reopenings,Comparable case,0,#/case/covid-schools/spine/pr/1,200,yes,yes,VERIFIED,"OpenLearn 'Achieving public dialogue' section 4 on GM Nation? (2003): six regional debates cascading to open-access meetings, ~37,000 feedback forms, 10 narrow-but-deep groups, general unease and little support for early commercialisation, lack of clear link to government policy, and NBD groups favouring delay rather than abandonment."
https://www.oralhealthgroup.com/dental-governance-regulations/calgarys-fluoride-reinstatement-serves-as-cautionary-tale-for-u-s-quebec-1003987839/,oralhealthgroup.com,Oral Health Group,1,COVID-19 Vaccine Mandates,Comparable case,0,#/case/covid-vaccines/spine/pr/1,200,yes,yes,VERIFIED,"Oral Health Group, June 27 2025. Page confirms 2011 council vote, 64.8% vs 55.1% cavities Calgary vs Edmonton, 2021 plebiscite 62%, reintroduction Monday June 30 (2025)."
https://www.pbs.org/wgbh/nova/article/native-americans-highest-covid-vaccination-rate-us/,pbs.org,PBS NOVA,4,COVID-19 Vaccine Mandates,Mechanism that should have worked | Proposal chain evidence | Comparable case | Timeline entry,0,#/case/covid-vaccines/spine/m/7 | #/case/covid-vaccines/spine/pr/2/l/0 | #/case/covid-vaccines/spine/pr/2 | #/case/covid-vaccines/timeline,200,yes,yes,VERIFIED,"NOVA/PBS, Sukee Bennett, July 6 2021. Confirms 45.5% one-dose AI/AN vs 33.7% White, tribal choice of IHS vs state allocation, prioritizing elders/language keepers/teachers."
https://www.pewresearch.org/science/2022/02/09/increasing-public-criticism-confusion-over-covid-19-response-in-u-s,pewresearch.org,Pew Research Center | Pew Research,2,COVID-19 Vaccine Mandates,Evidence | Timeline entry,1,#/case/covid-vaccines/chain/vax-total/V1 | #/case/covid-vaccines/timeline,200,yes,yes,VERIFIED,"Pew Research Center, 9 Feb 2022. Page: 'Half of Americans now say public health officials, such as those at the CDC, are doing an excellent or good job responding to the outbreak... down from a high of 79% early in the outbreak and from 60% last August.' 60% confused and proof-of-vaccination findings also present."
https://www.pewresearch.org/science/2026/01/15/americans-confidence-in-scientists/,pewresearch.org,Pew 2026,1,COVID-19 School Closures and Reopenings,Counter-evidence,1,#/case/covid-schools/chain/schools-legitimacy/S7,200,yes,yes,VERIFIED,"Pew Research Center, Kennedy & Kikuchi, Jan 15 2026. Both quoted fragments verbatim (87% April 2020; 77% now, 28% great deal / 49% fair amount). 76% prior-year figure present; 73% Oct 2023 low is from Pew's earlier series and is consistent with the trend line. Gallup comparison is the tool's own inference, not from the page."
https://www.pewresearch.org/short-reads/2023/10/31/81-of-us-adults-versus-46-of-teens-favor-parental-consent-for-minors-to-use-social-media/,pewresearch.org,Pew Research,1,Youth Mental Health & Addiction on Meta Platforms,Timeline entry,0,#/case/meta-youth/timeline,200,yes,yes,VERIFIED,"Pew short read, Oct 31 2023. All figures confirmed: 81% parental consent, 71% age verification, 69% time limits, bipartisan support, 67% among 18-29, teens 46% / 56% / 34% support vs 36% oppose."
https://www.polisci.washington.edu/research/publications/pandemic-preparedness-and-covid-19-exploratory-analysis-infection-and,polisci.washington.edu,Bollyky et al. 2022,1,COVID-19 Vaccine Mandates,Proposal chain evidence,1,#/case/covid-vaccines/spine/pr/0/l/1,200,yes,yes,VERIFIED,"UW Political Science publication page for Bollyky et al., Lancet 2022 (177 countries). The abstract on the page contains the quoted sentence verbatim and the sentence linking trust/low corruption to higher vaccine coverage in middle- and high-income countries."
https://www.politico.com/news/2020/07/28/aft-strikes-school-reopening-384133,politico.com,Politico,1,COVID-19 School Closures and Reopenings,Timeline entry,0,#/case/covid-schools/timeline,proxy 403 (politico.com and archive blocked),unknown,partial,VERIFIED,"Could not fetch directly; Politico coverage of the July 28 2020 AFT safety-strike resolution is confirmed via a Politico-syndicated Yahoo copy and by contemporaneous NPR/WaPo/Chalkbeat coverage, so the URL is plausible and the AFT strike-threat claim is real. The '250 largest school districts / union presence correlates with remote-only' research is a separate study (Hartney & Finger) and would not be in this article; treat that sentence as sourced elsewhere."
https://www.protectourcare.org/rfk-jr-meet-consequences-hospitals-see-diseases-resurge-as-vaccinations-decline/,protectourcare.org,Protect Our Care,1,COVID-19 Vaccine Mandates,Timeline entry,0,#/case/covid-vaccines/timeline,200,yes,yes,VERIFIED,"Protect Our Care, June 2 2026. Page discusses measles resurgence, whooping cough, bacterial infections causing pneumonia/meningitis, rise in preventable diseases, and RFK Jr./Trump administration. Note the source is an advocacy group quoting news reporting."
https://www.publicdeliberation.net/the-ostbelgien-model-five-years-on/,publicdeliberation.net,Deliberative Democracy Digest,1,COVID-19 School Closures and Reopenings,Comparable case,0,#/case/covid-schools/spine/pr/4,200,yes,yes,VERIFIED,"Deliberative Democracy Digest, Jan 31 2025 (Velghe, Bottin, Niessen et al.). Confirms Citizens' Council + Citizens' Assemblies, six assemblies, recommendations 'already existed to a certain degree or were deemed too vague', and 'institutionalised forms of citizen deliberation remain in their infancy'."
https://www.pulitzer.org/prize-winners-by-year/2021,pulitzer.org,Pulitzer Prizes 2021,1,COVID-19 Vaccine Mandates,Participation instance,0,#/case/covid-vaccines/chain/vax-total/V1/p/0,200,yes,partial,VERIFIED,"Page lists NYT as 2021 Public Service winner and the quoted citation phrase 'filled a data vacuum that helped local governments, healthcare providers, businesses and individuals to be better prepared and protected' appears verbatim. Other details in the finding (160+ contributors, billion views, JHU CSSE first aggregator, 2023 shutdown quote) are not on the Pulitzer page and come from other sources."
https://www.rand.org/pubs/research_reports/RRA308-12.html,rand.org,RAND RR-A308-12 | RAND Corporation,2,COVID-19 Vaccine Mandates,Counter-evidence | Proposal chain counter-evidence,1,#/case/covid-vaccines/chain/vax-total/V1 | #/case/covid-vaccines/spine/pr/0/l/0,200,yes,yes,VERIFIED,"RAND RR-A308-12, Pollard & Davis 2021, 'Decline in Trust in the CDC During the COVID-19 Pandemic', American Life Panel May-Oct 2020, 0-10 scale. Page: 'Non-Hispanic White and Hispanic respondents reported significant declines in trust, while the changes were not statistically significant for non-Hispanic Black or respondents of other races.' Second fragment differs only by capitalisation ('Changes'/'black') and the elided 'while the'. Point declines White -0.8, Hispanic -0.7, Black -0.3, Trump -0.8, Biden -0.3 all on page."
https://www.rand.org/pubs/research_reports/RRA956-34.html,rand.org,RAND RRA956-34 | RAND Corporation,3,COVID-19 School Closures and Reopenings,Evidence | Impact evidence | Impact counter-evidence,1,#/case/covid-schools/chain/schools-legitimacy/S6 | #/case/covid-schools/spine/i/1,200,yes,yes,VERIFIED,"Diliberti et al., RAND, Aug 14, 2025, 'Chronic Absenteeism Still a Struggle in 2024-2025'. All three quoted fragments verbatim; 245 districts, 1,551 youths ages 12-21, 28% in 2021-22 all on page."
https://www.reuters.com/world/us/us-senate-set-pass-major-online-child-safety-reforms-2024-07-30/,reuters.com,Reuters,1,Youth Mental Health & Addiction on Meta Platforms,Timeline entry,0,#/case/meta-youth/timeline,proxy 403; verified via Reuters wire on VOA,yes,partial,VERIFIED,Reuters July 30 2024 confirms Senate passed KOSA/COPPA 2.0 91-3. The 'first major federal tech regulation since 1998 COPPA' framing is not in the Reuters text (widely reported elsewhere).
https://www.sciencedaily.com/releases/2010/08/100816204210.htm,sciencedaily.com,Kachalia et al. 2010,1,COVID-19 School Closures and Reopenings,Proposal chain evidence,1,#/case/covid-schools/spine/pr/4/l/3,200,yes,yes,VERIFIED,"ScienceDaily, Aug 16 2010, University of Michigan Health System release on Kachalia et al. (Annals of Internal Medicine). Quote 'a 61 percent decrease in spending at the UMHS on legal defense costs' verbatim; decrease in new claims/lawsuits per month stated."
https://www.sciencedaily.com/releases/2017/01/170103151133.htm,sciencedaily.com,Wilde 2017,1,GenX Contamination in the Cape Fear River,Proposal chain evidence,1,#/case/genx-pfas/spine/pr/0/l/1,200,yes,partial,VERIFIED,"ScienceDaily, Jan 6 2017, University of Iowa release on Jaron Wilde's OSHA whistleblower study; quote verbatim and the deterrent-effect claim supported. The first sentence of the finding (3M 1998 disclosure letter, EPA, 700 studies) is not on this page and is sourced elsewhere."
https://www.sciencedaily.com/releases/2021/02/210212101842.htm,sciencedaily.com,Vlachos et al. 2021,2,COVID-19 School Closures and Reopenings,Proposal chain evidence | Proposal chain counter-evidence,2,#/case/covid-schools/spine/pr/2/l/3,200,yes,partial,VERIFIED,"ScienceDaily release of Uppsala University press release (13 Feb 2021) on Vlachos, Hertegard & Svaleryd PNAS study. Both quotes verbatim; 124 occupations, 7th most affected, partners' risk 30% higher all present. Danish reopening and grades 1-3 learning-loss details are not on this page."
https://www.selc.org/wp-content/uploads/2022/12/2022-12-05-SELC-timeline-NC-GenX-PFAS-pollution-Chemours.pdf,selc.org,SELC timeline | SELC,5,GenX Contamination in the Cape Fear River,Evidence | Participation instance | Timeline entry,1,#/case/genx-pfas/chain/pfas-harm/R2 | #/case/genx-pfas/chain/pfas-harm/R3/p/0 | #/case/genx-pfas/chain/pfas-harm/R4/p/0 | #/case/genx-pfas/timeline,200,yes,yes,VERIFIED,"SELC PDF timeline (Dec 2022). Quote verbatim in the June 11, 2018 entry. Supports May 7, 2018 NOI (CWA/TSCA) + declaratory ruling request, July 13 petition for judicial review, Aug 29 federal suit, Dec 12, 2018 Wilmington public information session, June 7, 2017 StarNews report, Sept 7-8, 2017 DEQ suit and partial consent order prohibiting process wastewater discharge. Minor: SELC says ~300,000 people affected, tool says ~250,000 elsewhere; SELC does not state the 7:18-cv-00159 docket number."
https://www.statnews.com/2021/10/07/cdc-director-defends-decision-to-overrule-expert-panel-on-covid-booster-shots-for-health-workers/,statnews.com,STAT,1,COVID-19 Vaccine Mandates,Mechanism that should have worked,0,#/case/covid-vaccines/spine/m/0,200,yes,partial,VERIFIED,"STAT, Branswell & Gil, Oct 7 2021. Confirms ACIP voted 9-6 against boosters for occupational-risk groups in Sept 2021 and Walensky overruled. The ACIP public-comment mechanics (webcast, three-minute slots) are background not covered in this article."
https://www.supremecourt.gov/opinions/21pdf/21a244_hgci.pdf,supremecourt.gov,NFIB v. OSHA | US Supreme Court | SCOTUS Opinion | SCOTUS,5,COVID-19 Vaccine Mandates,Evidence | Mechanism that should have worked | Timeline entry,1,#/case/covid-vaccines/chain/vax-total/V5 | #/case/covid-vaccines/spine/m/3 | #/case/covid-vaccines/spine/m/4 | #/case/covid-vaccines/timeline,200,yes,yes,VERIFIED,"NFIB v. OSHA per curiam, Jan 13, 2022. Stay language verbatim. Majority notes 'a majority of the Senate even voted to disapprove OSHA's regulation', 84.2 million employees, 'universal risk'. Dissent calls COVID-19 a 'new hazard' and 'physically harmful' 'agent'. Biden v. Missouri and the 52-48 Senate vote/date are not in this document but are correctly attributed elsewhere."
https://www.taftlaw.com/services/case-studies/taft-is-a-global-leader-in-pfas-forever-chemicals-litigation-and-advisory-work,taftlaw.com,Taft Law,4,GenX Contamination in the Cape Fear River,Timeline entry,0,#/case/genx-pfas/timeline,200,yes,yes,VERIFIED,"Taft firm case-study page. Confirms Tennant contacting Bilott (1998), landfill/cattle, discovery revealing DuPont/3M knowledge, March 2001 letter to EPA/DOJ, ~70,000-person Leach class, 2004 settlement and C8 Science Panel."
https://www.texastribune.org/2021/06/23/texas-hospital-houston-methodist-vaccine-employees-fired-resign/,texastribune.org,Texas Tribune,1,COVID-19 Vaccine Mandates,Proposal chain counter-evidence,0,#/case/covid-vaccines/spine/pr/1/l/1,200,yes,yes,VERIFIED,"Texas Tribune, Jolie McCullough, June 23 2021: 153 workers fired or resigned; 24,947 complied. Matches '153 of ~25,000'."
https://www.the74million.org/video-american-federation-of-teachers-authorizes-educator-safety-strikes-if-schools-reopen-this-fall-without-adequate-safety-measures/,the74million.org,The 74 (AFT resolution),1,COVID-19 School Closures and Reopenings,Participation instance,0,#/case/covid-schools/chain/schools-legitimacy/S2/p/0,200,yes,partial,VERIFIED,"The 74, Mark Keierleber, July 28 2020. Confirms AFT executive council resolution at virtual convention authorizing case-by-case safety strikes. Detroit August strike vote and UFT litigation/strike threat are not in this article (sourced elsewhere)."
https://www.tn.gov/content/dam/tn/health/documents/healthy-places/healthy-schools/CDC_K-12-Operational-Strategy-021221.pdf,tn.gov,CDC Strategy,1,COVID-19 School Closures and Reopenings,Timeline entry,0,#/case/covid-schools/timeline,200,yes,yes,VERIFIED,"Tennessee-hosted copy of CDC 'Operational Strategy for K-12 Schools through Phased Mitigation' (Feb 12 2021). Contains 'open as safely and as soon as possible', 'last settings to close ... and the first to reopen', the five mitigation strategies, ventilation, and text on younger/elementary students' lower transmission risk and learning-loss concerns."
https://www.urban.org/research/publication/support-mask-and-vaccine-policies-schools-falls-along-racial-and-political-lines,urban.org,Urban,1,COVID-19 School Closures and Reopenings,Timeline entry,0,#/case/covid-schools/timeline,200,yes,partial,VERIFIED,"Urban Institute, Silver/Fienberg/Polikoff, Jan 13 2022. Confirms Democrats and Black (and Asian) parents more supportive of mask/vaccine mandates and Republicans opposed. Does not address hybrid schedules or in-person reopening priorities."
https://www.wral.com/story/timeline-tracking-the-route-of-genx-in-the-cape-fear-river/16869639/,wral.com,WRAL timeline | WRAL,6,GenX Contamination in the Cape Fear River,Evidence | Participation instance | Proposal chain evidence | Timeline entry,3,#/case/genx-pfas/chain/pfas-harm/D1 | #/case/genx-pfas/chain/pfas-harm/D4 | #/case/genx-pfas/chain/pfas-harm/R1 | #/case/genx-pfas/chain/pfas-harm/R1/p/2 | #/case/genx-pfas/spine/pr/3/l/1 | #/case/genx-pfas/timeline,200,yes,partial,VERIFIED,"WRAL timeline, published Aug 10, 2017, updated July 23, 2018. All three quotes verbatim (Sept 5, 2017 entry ends '...into the Cape Fear River, including GenX.'; July 14, 2017 '140 parts per trillion after consulting with EPA scientists'; June 24, 2015 handwritten notes 'no longer discharged to river'). Supported: June 14 investigation start, June 8 71,000 ppt, June 20 Chemours capture/dispose pledge, $2.6M request, $435,000, Oct 4 veto override. The 'Toxin taints CFPUA drinking water' headline is attributed on this page only via the co-cited Coastal Review; WRAL's June 7 entry is about CFPUA's letter to DEQ. NOT supported on this page: the R1/p/2 hearing details ('almost five hours', 'overflow crowd', 'Chemours declined an invitation') - the Aug 23, 2017 entry only says the ERC met in Wilmington after a plant tour."
https://www.wri.org/snapshots/community-benefits-snapshot-stillwater-good-neighbor-agreement,wri.org,World Resources Institute,1,GenX Contamination in the Cape Fear River,Comparable case,0,#/case/genx-pfas/spine/pr/4,200,yes,yes,VERIFIED,"WRI, Nov 22 2024. Confirms company-funded monitoring with metrics 'more stringent than existing state and federal regulatory standards' and 'In the 24 years of the GNA's existence, there has been no arbitration or environmental litigation'. Minor nuance: consultants are company-funded with council participation rather than strictly 'council-hired'."
https://www.wsj.com/tech/personal-tech/facebook-knows-instagram-is-toxic-for-teen-girls-company-documents-show-11631620739,wsj.com,WSJ,1,Youth Mental Health & Addiction on Meta Platforms,Timeline entry,0,#/case/meta-youth/timeline,proxy 403 (paywalled); verified via House committee reprint,yes,yes,VERIFIED,"WSJ, Wells/Horwitz/Seetharaman, Sept 14 2021. Reprint confirms exact slide quote 'We make body image issues worse for one in three teen girls' and mentions of anxiety, depression and social comparison."
https://www.wunc.org/environment/2026-05-14/pfas-dioxane-water-pollution-monitoring-minimization-emc-deq,wunc.org,"WUNC, May 2026",2,GenX Contamination in the Cape Fear River,Participation instance | Evidence,1,#/case/genx-pfas/chain/pfas-harm/R5/p/1 | #/case/genx-pfas/chain/pfas-harm/R6,200,yes,partial,VERIFIED,"WUNC, Celeste Guajardo, 14 May 2026. Both quotes (monitor for one year / own reduction plan; Emily Donovan 'There's no due date...') verbatim; three compounds PFOA, PFOS, GenX confirmed. The September 2025 groundwater-standards detail (narrowed from eight compounds) is not on this page."
https://wwwnc.cdc.gov/eid/article/30/1/23-1215_article,wwwnc.cdc.gov,US Centers for Disease Control and Prevention | CDC EID,4,COVID-19 School Closures and Reopenings,Proposal chain counter-evidence | Timeline entry,0,#/case/covid-schools/spine/pr/2/l/2 | #/case/covid-schools/timeline,200,yes,partial,VERIFIED,"Zviedrite et al., EID 30(1), Jan 2024. Confirms 25,907 COVID-SCs in 2021-22, >14.6 million students, peak in early January 2022, teacher eligibility March 2, 2021, >16 eligibility April 19, 2021, EUA extension to 12-15 in May 2021. The 'search found no case of a district changing modality in response to comparative outcome data' claim is the tool's own negative finding and is not supported by this page."
